schema_version,timestamp,run_id,seed,plotfile,t_s,t_ttdyn,rho_c_ic,window_valid,window_x2pct_ttdyn,t_field_relax_ttdyn,r_star_cm,m_mag_1.2R_G_cm3,m_mag_1.5R_G_cm3,m_mag_2.0R_G_cm3,b_pole_implied_1.2R_G,ratio_1.2R_over_1.5R,ratio_1.5R_over_2.0R,r_independent,caveat
1,2026-07-29T02:11:36.497227+00:00,seed42ext,42,/home/rafael/wd-magnetizada/castro/Exec/science/wd_braithwaite/plt_seed42ext00000,0.0,0.0,988393849.5,False,0.0335544661873671,0.4,224523963.6454235,0.0,0.0,0.0,,,,False,"Measured with the background star already OUTSIDE its validity window (t/t_dyn > X_2pct). Real, non-noise field (verified: absolute B_r on the sampling shell is structured and well above the numerical floor, and exterior |B| never exceeds interior |B| at any tested radius -- see session notes). NOT a measurement of the relaxed field's true exterior structure: m(r) is not r-independent and was still growing at the largest radius tested. Tool limitation (Castro's MHD path has no well-balancing, docs/teoria.md Sec 6.8), not evidence against a physical exterior dipole."
1,2026-07-29T02:11:36.911055+00:00,seed42ext,42,/home/rafael/wd-magnetizada/castro/Exec/science/wd_braithwaite/plt_seed42ext00010,0.0006636326279029,0.0024061554973115,988393849.5,False,0.0335544661873671,0.4,225066744.8492913,7.792536949351448e+24,236217294113.5858,3132032727.548096,1.3670200254926177,32988850281234.63,75.41980389793305,False,"Measured with the background star already OUTSIDE its validity window (t/t_dyn > X_2pct). Real, non-noise field (verified: absolute B_r on the sampling shell is structured and well above the numerical floor, and exterior |B| never exceeds interior |B| at any tested radius -- see session notes). NOT a measurement of the relaxed field's true exterior structure: m(r) is not r-independent and was still growing at the largest radius tested. Tool limitation (Castro's MHD path has no well-balancing, docs/teoria.md Sec 6.8), not evidence against a physical exterior dipole."
1,2026-07-29T02:11:37.351641+00:00,seed42ext,42,/home/rafael/wd-magnetizada/castro/Exec/science/wd_braithwaite/plt_seed42ext00020,0.0023849247528025,0.0086471031762916,988393849.5,False,0.0335544661873671,0.4,225066744.8492913,2.039310163414884e+26,496023966999705.8,217107321691.0768,35.77497097156258,411131376524.0085,2284.694791203316,False,"Measured with the background star already OUTSIDE its validity window (t/t_dyn > X_2pct). Real, non-noise field (verified: absolute B_r on the sampling shell is structured and well above the numerical floor, and exterior |B| never exceeds interior |B| at any tested radius -- see session notes). NOT a measurement of the relaxed field's true exterior structure: m(r) is not r-independent and was still growing at the largest radius tested. Tool limitation (Castro's MHD path has no well-balancing, docs/teoria.md Sec 6.8), not evidence against a physical exterior dipole."
1,2026-07-29T02:11:37.799291+00:00,seed42ext,42,/home/rafael/wd-magnetizada/castro/Exec/science/wd_braithwaite/plt_seed42ext00030,0.0068495132233903,0.0248345141625248,988393849.5,False,0.0335544661873671,0.4,225066744.8492913,8.046529137362454e+27,1.8060189434743216e+17,642022061047.6608,1411.5770689287258,44553957567.48252,281301.69554099656,False,"Measured with the background star already OUTSIDE its validity window (t/t_dyn > X_2pct). Real, non-noise field (verified: absolute B_r on the sampling shell is structured and well above the numerical floor, and exterior |B| never exceeds interior |B| at any tested radius -- see session notes). NOT a measurement of the relaxed field's true exterior structure: m(r) is not r-independent and was still growing at the largest radius tested. Tool limitation (Castro's MHD path has no well-balancing, docs/teoria.md Sec 6.8), not evidence against a physical exterior dipole."
1,2026-07-29T02:11:38.283026+00:00,seed42ext,42,/home/rafael/wd-magnetizada/castro/Exec/science/wd_braithwaite/plt_seed42ext00040,0.018429505906427,0.0668204893566069,988393849.5,False,0.0335544661873671,0.4,224829600.5156389,1.1809378601538612e+29,2.990162398121062e+20,13568857496339.094,20782.441910817663,394941044.30446017,22036950.41331088,False,"Measured with the background star already OUTSIDE its validity window (t/t_dyn > X_2pct). Real, non-noise field (verified: absolute B_r on the sampling shell is structured and well above the numerical floor, and exterior |B| never exceeds interior |B| at any tested radius -- see session notes). NOT a measurement of the relaxed field's true exterior structure: m(r) is not r-independent and was still growing at the largest radius tested. Tool limitation (Castro's MHD path has no well-balancing, docs/teoria.md Sec 6.8), not evidence against a physical exterior dipole."
1,2026-07-29T02:11:38.657097+00:00,seed42ext,42,/home/rafael/wd-magnetizada/castro/Exec/science/wd_braithwaite/plt_seed42ext00050,0.0484650246160665,0.1757212959462035,988393849.5,False,0.0335544661873671,0.4,224829600.5156389,3.817709362100027e+29,7.304534705959177e+22,628064275217682.5,67185.01093689333,5226492.193931898,116302343.47316568,False,"Measured with the background star already OUTSIDE its validity window (t/t_dyn > X_2pct). Real, non-noise field (verified: absolute B_r on the sampling shell is structured and well above the numerical floor, and exterior |B| never exceeds interior |B| at any tested radius -- see session notes). NOT a measurement of the relaxed field's true exterior structure: m(r) is not r-independent and was still growing at the largest radius tested. Tool limitation (Castro's MHD path has no well-balancing, docs/teoria.md Sec 6.8), not evidence against a physical exterior dipole."
1,2026-07-29T02:11:39.034266+00:00,seed42ext,42,/home/rafael/wd-magnetizada/castro/Exec/science/wd_braithwaite/plt_seed42ext00060,0.122723848168398,0.444964050147351,988393849.5,False,0.0335544661873671,0.4,232632713.5531252,2.5293176524770907e+30,5.287738387622428e+24,3067919236050998.0,401810.249822327,478336.3826012523,1723558536.1851847,False,"Measured with the background star already OUTSIDE its validity window (t/t_dyn > X_2pct). Real, non-noise field (verified: absolute B_r on the sampling shell is structured and well above the numerical floor, and exterior |B| never exceeds interior |B| at any tested radius -- see session notes). NOT a measurement of the relaxed field's true exterior structure: m(r) is not r-independent and was still growing at the largest radius tested. Tool limitation (Castro's MHD path has no well-balancing, docs/teoria.md Sec 6.8), not evidence against a physical exterior dipole."
1,2026-07-29T02:11:39.438425+00:00,seed42ext,42,/home/rafael/wd-magnetizada/castro/Exec/science/wd_braithwaite/plt_seed42ext00070,0.216828359242925,0.7861619917845847,988393849.5,False,0.0335544661873671,0.4,237943100.50092712,4.009923281862788e+30,1.8239879715946488e+25,5368544186075673.0,595314.8422566847,219843.73495385773,3397546724.72568,False,"Measured with the background star already OUTSIDE its validity window (t/t_dyn > X_2pct). Real, non-noise field (verified: absolute B_r on the sampling shell is structured and well above the numerical floor, and exterior |B| never exceeds interior |B| at any tested radius -- see session notes). NOT a measurement of the relaxed field's true exterior structure: m(r) is not r-independent and was still growing at the largest radius tested. Tool limitation (Castro's MHD path has no well-balancing, docs/teoria.md Sec 6.8), not evidence against a physical exterior dipole."
1,2026-07-29T02:11:39.934086+00:00,seed42ext,42,/home/rafael/wd-magnetizada/castro/Exec/science/wd_braithwaite/plt_seed42ext00080,0.312421235558885,1.132756350139601,988393849.5,False,0.0335544661873671,0.4,238767849.11116424,3.1578292977402545e+30,6.955549919015439e+25,4.95829464865538e+17,463971.28579123976,45400.13851539213,140281092.83303055,False,"Measured with the background star already OUTSIDE its validity window (t/t_dyn > X_2pct). Real, non-noise field (verified: absolute B_r on the sampling shell is structured and well above the numerical floor, and exterior |B| never exceeds interior |B| at any tested radius -- see session notes). NOT a measurement of the relaxed field's true exterior structure: m(r) is not r-independent and was still growing at the largest radius tested. Tool limitation (Castro's MHD path has no well-balancing, docs/teoria.md Sec 6.8), not evidence against a physical exterior dipole."
1,2026-07-29T02:11:40.322978+00:00,seed42ext,42,/home/rafael/wd-magnetizada/castro/Exec/science/wd_braithwaite/plt_seed42ext00090,0.408543323072837,1.4812694876199155,988393849.5,False,0.0335544661873671,0.4,239238013.46537623,8.615604536618737e+30,4.850436094745496e+26,1.8332173126273712e+19,1258418.7754460145,17762.53592115577,26458598.55967561,False,"Measured with the background star already OUTSIDE its validity window (t/t_dyn > X_2pct). Real, non-noise field (verified: absolute B_r on the sampling shell is structured and well above the numerical floor, and exterior |B| never exceeds interior |B| at any tested radius -- see session notes). NOT a measurement of the relaxed field's true exterior structure: m(r) is not r-independent and was still growing at the largest radius tested. Tool limitation (Castro's MHD path has no well-balancing, docs/teoria.md Sec 6.8), not evidence against a physical exterior dipole."
1,2026-07-29T02:11:40.696901+00:00,seed42ext,42,/home/rafael/wd-magnetizada/castro/Exec/science/wd_braithwaite/plt_seed42ext00100,0.504873944801519,1.8305387147288192,988393849.5,False,0.0335544661873671,0.4,239765991.4728616,1.6076526229064906e+31,2.574283133314927e+27,2.3715397319436163e+20,2332703.0720891785,6245.049746475642,10854901.980516898,False,"Measured with the background star already OUTSIDE its validity window (t/t_dyn > X_2pct). Real, non-noise field (verified: absolute B_r on the sampling shell is structured and well above the numerical floor, and exterior |B| never exceeds interior |B| at any tested radius -- see session notes). NOT a measurement of the relaxed field's true exterior structure: m(r) is not r-independent and was still growing at the largest radius tested. Tool limitation (Castro's MHD path has no well-balancing, docs/teoria.md Sec 6.8), not evidence against a physical exterior dipole."
1,2026-07-29T02:11:41.074481+00:00,seed42ext,42,/home/rafael/wd-magnetizada/castro/Exec/science/wd_braithwaite/plt_seed42ext00110,0.601400879553161,2.180519720673676,988393849.5,False,0.0335544661873671,0.4,240261961.2610984,1.5412395170054245e+31,5.058605762212651e+27,1.5592156090790925e+21,2222516.928743908,3046.767408755888,3244327.296851765,False,"Measured with the background star already OUTSIDE its validity window (t/t_dyn > X_2pct). Real, non-noise field (verified: absolute B_r on the sampling shell is structured and well above the numerical floor, and exterior |B| never exceeds interior |B| at any tested radius -- see session notes). NOT a measurement of the relaxed field's true exterior structure: m(r) is not r-independent and was still growing at the largest radius tested. Tool limitation (Castro's MHD path has no well-balancing, docs/teoria.md Sec 6.8), not evidence against a physical exterior dipole."
1,2026-07-29T02:11:41.584298+00:00,seed42ext,42,/home/rafael/wd-magnetizada/castro/Exec/science/wd_braithwaite/plt_seed42ext00120,0.698057746702858,2.53097182695434,988393849.5,False,0.0335544661873671,0.4,240888906.1431861,7.032661198378869e+30,6.386225711306833e+27,6.219004301642862e+21,1006234.7063806882,1101.2234011597052,1026888.7753655028,False,"Measured with the background star already OUTSIDE its validity window (t/t_dyn > X_2pct). Real, non-noise field (verified: absolute B_r on the sampling shell is structured and well above the numerical floor, and exterior |B| never exceeds interior |B| at any tested radius -- see session notes). NOT a measurement of the relaxed field's true exterior structure: m(r) is not r-independent and was still growing at the largest radius tested. Tool limitation (Castro's MHD path has no well-balancing, docs/teoria.md Sec 6.8), not evidence against a physical exterior dipole."
1,2026-07-29T02:11:41.959543+00:00,seed42ext,42,/home/rafael/wd-magnetizada/castro/Exec/science/wd_braithwaite/plt_seed42ext00130,0.794856349595344,2.8819378293611724,988393849.5,False,0.0335544661873671,0.4,241537093.7020993,2.5312107181199192e+30,7.481854085741819e+27,1.843902073104248e+22,359258.28091867873,338.3132962915772,405762.0084534077,False,"Measured with the background star already OUTSIDE its validity window (t/t_dyn > X_2pct). Real, non-noise field (verified: absolute B_r on the sampling shell is structured and well above the numerical floor, and exterior |B| never exceeds interior |B| at any tested radius -- see session notes). NOT a measurement of the relaxed field's true exterior structure: m(r) is not r-independent and was still growing at the largest radius tested. Tool limitation (Castro's MHD path has no well-balancing, docs/teoria.md Sec 6.8), not evidence against a physical exterior dipole."
1,2026-07-29T02:11:42.346284+00:00,seed42ext,42,/home/rafael/wd-magnetizada/castro/Exec/science/wd_braithwaite/plt_seed42ext00140,0.891884573822369,3.233736377687494,988393849.5,False,0.0335544661873671,0.4,242035593.42785496,2.525779921450367e+30,8.832781221408726e+27,4.376944090839795e+22,356277.00259095035,285.95522272514006,201802.4685280821,False,"Measured with the background star already OUTSIDE its validity window (t/t_dyn > X_2pct). Real, non-noise field (verified: absolute B_r on the sampling shell is structured and well above the numerical floor, and exterior |B| never exceeds interior |B| at any tested radius -- see session notes). NOT a measurement of the relaxed field's true exterior structure: m(r) is not r-independent and was still growing at the largest radius tested. Tool limitation (Castro's MHD path has no well-balancing, docs/teoria.md Sec 6.8), not evidence against a physical exterior dipole."
1,2026-07-29T02:11:42.730501+00:00,seed42ext,42,/home/rafael/wd-magnetizada/castro/Exec/science/wd_braithwaite/plt_seed42ext00150,0.989139027479849,3.586355173790757,988393849.5,False,0.0335544661873671,0.4,242546619.0005876,3.356624458719388e+30,9.25673408224404e+27,7.964019321938837e+22,470486.4010964494,362.6143334027444,116231.93902536256,False,"Measured with the background star already OUTSIDE its validity window (t/t_dyn > X_2pct). Real, non-noise field (verified: absolute B_r on the sampling shell is structured and well above the numerical floor, and exterior |B| never exceeds interior |B| at any tested radius -- see session notes). NOT a measurement of the relaxed field's true exterior structure: m(r) is not r-independent and was still growing at the largest radius tested. Tool limitation (Castro's MHD path has no well-balancing, docs/teoria.md Sec 6.8), not evidence against a physical exterior dipole."
1,2026-07-29T02:11:43.146660+00:00,seed42ext,42,/home/rafael/wd-magnetizada/castro/Exec/science/wd_braithwaite/plt_seed42ext00160,1.08658143783309,3.9396554509088872,988393849.5,False,0.0335544661873671,0.4,243016803.279086,3.299398622057628e+30,8.132081245629917e+27,1.233914863459334e+23,459786.1374979145,405.7262246157077,65904.7190892188,False,"Measured with the background star already OUTSIDE its validity window (t/t_dyn > X_2pct). Real, non-noise field (verified: absolute B_r on the sampling shell is structured and well above the numerical floor, and exterior |B| never exceeds interior |B| at any tested radius -- see session notes). NOT a measurement of the relaxed field's true exterior structure: m(r) is not r-independent and was still growing at the largest radius tested. Tool limitation (Castro's MHD path has no well-balancing, docs/teoria.md Sec 6.8), not evidence against a physical exterior dipole."
1,2026-07-29T02:11:43.669213+00:00,seed42ext,42,/home/rafael/wd-magnetizada/castro/Exec/science/wd_braithwaite/plt_seed42ext00162,1.1,3.988307590310101,988393849.5,False,0.0335544661873671,0.4,243055500.2229373,3.4548394309472084e+30,8.048315514555952e+27,1.311881932151015e+23,481217.6004145976,429.2624245034734,61349.38912802623,False,"Measured with the background star already OUTSIDE its validity window (t/t_dyn > X_2pct). Real, non-noise field (verified: absolute B_r on the sampling shell is structured and well above the numerical floor, and exterior |B| never exceeds interior |B| at any tested radius -- see session notes). NOT a measurement of the relaxed field's true exterior structure: m(r) is not r-independent and was still growing at the largest radius tested. Tool limitation (Castro's MHD path has no well-balancing, docs/teoria.md Sec 6.8), not evidence against a physical exterior dipole."
1,2026-07-29T02:11:44.070217+00:00,seed123ext,123,/home/rafael/wd-magnetizada/castro/Exec/science/wd_braithwaite/plt_seed123ext00000,0.0,0.0,988393849.5,False,0.0358508220506353,0.4,224523963.6454235,0.0,0.0,0.0,,,,False,"Measured with the background star already OUTSIDE its validity window (t/t_dyn > X_2pct). Real, non-noise field (verified: absolute B_r on the sampling shell is structured and well above the numerical floor, and exterior |B| never exceeds interior |B| at any tested radius -- see session notes). NOT a measurement of the relaxed field's true exterior structure: m(r) is not r-independent and was still growing at the largest radius tested. Tool limitation (Castro's MHD path has no well-balancing, docs/teoria.md Sec 6.8), not evidence against a physical exterior dipole."
1,2026-07-29T02:11:44.460877+00:00,seed123ext,123,/home/rafael/wd-magnetizada/castro/Exec/science/wd_braithwaite/plt_seed123ext00005,0.0002227345553654,0.0008075762888984,988393849.5,False,0.0358508220506353,0.4,224523963.6454235,2.286562042502852e+24,233175917.85634696,166323184.51919165,0.4040404853395742,9806167221400358.0,1.40194476512949,False,"Measured with the background star already OUTSIDE its validity window (t/t_dyn > X_2pct). Real, non-noise field (verified: absolute B_r on the sampling shell is structured and well above the numerical floor, and exterior |B| never exceeds interior |B| at any tested radius -- see session notes). NOT a measurement of the relaxed field's true exterior structure: m(r) is not r-independent and was still growing at the largest radius tested. Tool limitation (Castro's MHD path has no well-balancing, docs/teoria.md Sec 6.8), not evidence against a physical exterior dipole."
1,2026-07-29T02:11:44.834602+00:00,seed123ext,123,/home/rafael/wd-magnetizada/castro/Exec/science/wd_braithwaite/plt_seed123ext00010,0.000581450784127,0.0021081859779324,988393849.5,False,0.0358508220506353,0.4,224688205.3280908,1.1213211059912068e+25,72816080050.39975,4323965522.930005,1.9770568894656213,153993610369451.75,16.84011578359166,False,"Measured with the background star already OUTSIDE its validity window (t/t_dyn > X_2pct). Real, non-noise field (verified: absolute B_r on the sampling shell is structured and well above the numerical floor, and exterior |B| never exceeds interior |B| at any tested radius -- see session notes). NOT a measurement of the relaxed field's true exterior structure: m(r) is not r-independent and was still growing at the largest radius tested. Tool limitation (Castro's MHD path has no well-balancing, docs/teoria.md Sec 6.8), not evidence against a physical exterior dipole."
1,2026-07-29T02:11:45.344213+00:00,seed123ext,123,/home/rafael/wd-magnetizada/castro/Exec/science/wd_braithwaite/plt_seed123ext00015,0.0011591668577099,0.0042028308882184,988393849.5,False,0.0358508220506353,0.4,225066744.8492913,2.412965510131504e+25,3813802994324.8296,20225012589.748547,4.23298881303002,6326927514929.7,188.56863388346824,False,"Measured with the background star already OUTSIDE its validity window (t/t_dyn > X_2pct). Real, non-noise field (verified: absolute B_r on the sampling shell is structured and well above the numerical floor, and exterior |B| never exceeds interior |B| at any tested radius -- see session notes). NOT a measurement of the relaxed field's true exterior structure: m(r) is not r-independent and was still growing at the largest radius tested. Tool limitation (Castro's MHD path has no well-balancing, docs/teoria.md Sec 6.8), not evidence against a physical exterior dipole."
1,2026-07-29T02:11:45.721228+00:00,seed123ext,123,/home/rafael/wd-magnetizada/castro/Exec/science/wd_braithwaite/plt_seed123ext00020,0.0020895843713758,0.0075762774626832,988393849.5,False,0.0358508220506353,0.4,225066744.8492913,6.870039014331941e+25,110356642421421.23,111491191832.68983,12.05189140526174,622530630108.9858,989.8238650729362,False,"Measured with the background star already OUTSIDE its validity window (t/t_dyn > X_2pct). Real, non-noise field (verified: absolute B_r on the sampling shell is structured and well above the numerical floor, and exterior |B| never exceeds interior |B| at any tested radius -- see session notes). NOT a measurement of the relaxed field's true exterior structure: m(r) is not r-independent and was still growing at the largest radius tested. Tool limitation (Castro's MHD path has no well-balancing, docs/teoria.md Sec 6.8), not evidence against a physical exterior dipole."
1,2026-07-29T02:11:46.107162+00:00,seed123ext,123,/home/rafael/wd-magnetizada/castro/Exec/science/wd_braithwaite/plt_seed123ext00025,0.0035880310813099,0.0130092469053244,988393849.5,False,0.0358508220506353,0.4,225066744.8492913,3.2278144576235515e+26,1388910885159302.8,491691698715.9165,56.624524603803465,232398960373.4248,2824.7596792594427,False,"Measured with the background star already OUTSIDE its validity window (t/t_dyn > X_2pct). Real, non-noise field (verified: absolute B_r on the sampling shell is structured and well above the numerical floor, and exterior |B| never exceeds interior |B| at any tested radius -- see session notes). NOT a measurement of the relaxed field's true exterior structure: m(r) is not r-independent and was still growing at the largest radius tested. Tool limitation (Castro's MHD path has no well-balancing, docs/teoria.md Sec 6.8), not evidence against a physical exterior dipole."
1,2026-07-29T02:11:46.505884+00:00,seed123ext,123,/home/rafael/wd-magnetizada/castro/Exec/science/wd_braithwaite/plt_seed123ext00030,0.0060012944921258,0.0217590985223925,988393849.5,False,0.0358508220506353,0.4,225066744.8492913,1.5287513936809164e+27,3.587700584120295e+16,1586450974865.3071,268.1840051249923,42610896808.03914,22614.63254119717,False,"Measured with the background star already OUTSIDE its validity window (t/t_dyn > X_2pct). Real, non-noise field (verified: absolute B_r on the sampling shell is structured and well above the numerical floor, and exterior |B| never exceeds interior |B| at any tested radius -- see session notes). NOT a measurement of the relaxed field's true exterior structure: m(r) is not r-independent and was still growing at the largest radius tested. Tool limitation (Castro's MHD path has no well-balancing, docs/teoria.md Sec 6.8), not evidence against a physical exterior dipole."
1,2026-07-29T02:11:46.886902+00:00,seed123ext,123,/home/rafael/wd-magnetizada/castro/Exec/science/wd_braithwaite/plt_seed123ext00035,0.009887879347879,0.0358508220501969,988393849.5,False,0.0358508220506353,0.4,225066744.8492913,6.332123934426761e+27,1.1191097811233366e+18,8301135667174.65,1110.824405264182,5658179421.924738,134814.05749681397,False,"Measured with the background star already OUTSIDE its validity window (t/t_dyn > X_2pct). Real, non-noise field (verified: absolute B_r on the sampling shell is structured and well above the numerical floor, and exterior |B| never exceeds interior |B| at any tested radius -- see session notes). NOT a measurement of the relaxed field's true exterior structure: m(r) is not r-independent and was still growing at the largest radius tested. Tool limitation (Castro's MHD path has no well-balancing, docs/teoria.md Sec 6.8), not evidence against a physical exterior dipole."
1,2026-07-29T02:11:47.485496+00:00,seed123ext,123,/home/rafael/wd-magnetizada/castro/Exec/science/wd_braithwaite/plt_seed123ext00040,0.0161472631239182,0.0585456837089612,988393849.5,False,0.0358508220506353,0.4,225066744.8492913,1.6587549264479423e+28,2.4622195733814088e+19,37685298191222.14,2909.9011228013405,673682779.7083693,653363.431247818,False,"Measured with the background star already OUTSIDE its validity window (t/t_dyn > X_2pct). Real, non-noise field (verified: absolute B_r on the sampling shell is structured and well above the numerical floor, and exterior |B| never exceeds interior |B| at any tested radius -- see session notes). NOT a measurement of the relaxed field's true exterior structure: m(r) is not r-independent and was still growing at the largest radius tested. Tool limitation (Castro's MHD path has no well-balancing, docs/teoria.md Sec 6.8), not evidence against a physical exterior dipole."
1,2026-07-29T02:11:47.894349+00:00,seed123ext,123,/home/rafael/wd-magnetizada/castro/Exec/science/wd_braithwaite/plt_seed123ext00045,0.026228063289067,0.0950959853590178,988393849.5,False,0.0358508220506353,0.4,224846555.9908552,1.8610354219214845e+28,4.412173356599194e+20,133337056642098.05,3274.3561497557143,42179562.57629753,3309037.6131837866,False,"Measured with the background star already OUTSIDE its validity window (t/t_dyn > X_2pct). Real, non-noise field (verified: absolute B_r on the sampling shell is structured and well above the numerical floor, and exterior |B| never exceeds interior |B| at any tested radius -- see session notes). NOT a measurement of the relaxed field's true exterior structure: m(r) is not r-independent and was still growing at the largest radius tested. Tool limitation (Castro's MHD path has no well-balancing, docs/teoria.md Sec 6.8), not evidence against a physical exterior dipole."
1,2026-07-29T02:11:48.288286+00:00,seed123ext,123,/home/rafael/wd-magnetizada/castro/Exec/science/wd_braithwaite/plt_seed123ext00050,0.0424632927630407,0.1539606116694502,988393849.5,False,0.0358508220506353,0.4,224688205.3280908,4.47714838522757e+28,5.542752599706922e+21,367542088940201.06,7893.882504199882,8077481.909375322,15080592.853159534,False,"Measured with the background star already OUTSIDE its validity window (t/t_dyn > X_2pct). Real, non-noise field (verified: absolute B_r on the sampling shell is structured and well above the numerical floor, and exterior |B| never exceeds interior |B| at any tested radius -- see session notes). NOT a measurement of the relaxed field's true exterior structure: m(r) is not r-independent and was still growing at the largest radius tested. Tool limitation (Castro's MHD path has no well-balancing, docs/teoria.md Sec 6.8), not evidence against a physical exterior dipole."
1,2026-07-29T02:11:48.664558+00:00,seed123ext,123,/home/rafael/wd-magnetizada/castro/Exec/science/wd_braithwaite/plt_seed123ext00055,0.0686102921831702,0.248762680988665,988393849.5,False,0.0358508220506353,0.4,225292132.9225429,1.871574988486036e+29,5.999556599041127e+22,1340232098209780.8,32734.0052979924,3119522.180664414,44765056.79169342,False,"Measured with the background star already OUTSIDE its validity window (t/t_dyn > X_2pct). Real, non-noise field (verified: absolute B_r on the sampling shell is structured and well above the numerical floor, and exterior |B| never exceeds interior |B| at any tested radius -- see session notes). NOT a measurement of the relaxed field's true exterior structure: m(r) is not r-independent and was still growing at the largest radius tested. Tool limitation (Castro's MHD path has no well-balancing, docs/teoria.md Sec 6.8), not evidence against a physical exterior dipole."
1,2026-07-29T02:11:49.159817+00:00,seed123ext,123,/home/rafael/wd-magnetizada/castro/Exec/science/wd_braithwaite/plt_seed123ext00060,0.110084940834433,0.3991387319170977,988393849.5,False,0.0358508220506353,0.4,228865891.4058737,1.963191354521165e+30,1.6992216092837793e+24,1863712006485150.0,327528.7357011045,1155347.4507357809,911740442.3918532,False,"Measured with the background star already OUTSIDE its validity window (t/t_dyn > X_2pct). Real, non-noise field (verified: absolute B_r on the sampling shell is structured and well above the numerical floor, and exterior |B| never exceeds interior |B| at any tested radius -- see session notes). NOT a measurement of the relaxed field's true exterior structure: m(r) is not r-independent and was still growing at the largest radius tested. Tool limitation (Castro's MHD path has no well-balancing, docs/teoria.md Sec 6.8), not evidence against a physical exterior dipole."
1,2026-07-29T02:11:49.569334+00:00,seed123ext,123,/home/rafael/wd-magnetizada/castro/Exec/science/wd_braithwaite/plt_seed123ext00065,0.157587007955054,0.5713685999649092,988393849.5,False,0.0358508220506353,0.4,232177793.72003376,1.602081714067328e+31,1.9356954700586203e+25,1965115873775504.8,2560074.590974921,827651.7349182052,9850286672.101624,False,"Measured with the background star already OUTSIDE its validity window (t/t_dyn > X_2pct). Real, non-noise field (verified: absolute B_r on the sampling shell is structured and well above the numerical floor, and exterior |B| never exceeds interior |B| at any tested radius -- see session notes). NOT a measurement of the relaxed field's true exterior structure: m(r) is not r-independent and was still growing at the largest radius tested. Tool limitation (Castro's MHD path has no well-balancing, docs/teoria.md Sec 6.8), not evidence against a physical exterior dipole."
1,2026-07-29T02:11:49.934127+00:00,seed123ext,123,/home/rafael/wd-magnetizada/castro/Exec/science/wd_braithwaite/plt_seed123ext00070,0.205277538786043,0.744281787327774,988393849.5,False,0.0358508220506353,0.4,233856372.47893173,1.3950445584105733e+31,2.090173750427527e+25,7328803352322637.0,2181576.5108198696,667429.9484075087,2851998682.3839545,False,"Measured with the background star already OUTSIDE its validity window (t/t_dyn > X_2pct). Real, non-noise field (verified: absolute B_r on the sampling shell is structured and well above the numerical floor, and exterior |B| never exceeds interior |B| at any tested radius -- see session notes). NOT a measurement of the relaxed field's true exterior structure: m(r) is not r-independent and was still growing at the largest radius tested. Tool limitation (Castro's MHD path has no well-balancing, docs/teoria.md Sec 6.8), not evidence against a physical exterior dipole."
1,2026-07-29T02:11:50.364581+00:00,seed123ext,123,/home/rafael/wd-magnetizada/castro/Exec/science/wd_braithwaite/plt_seed123ext00075,0.253013523096972,0.9173597769261396,988393849.5,False,0.0358508220506353,0.4,234492010.61577016,8.240229500147506e+30,6.201191689208736e+25,1.4135207807161988e+16,1278159.792898134,132881.38656457094,4387053783.579137,False,"Measured with the background star already OUTSIDE its validity window (t/t_dyn > X_2pct). Real, non-noise field (verified: absolute B_r on the sampling shell is structured and well above the numerical floor, and exterior |B| never exceeds interior |B| at any tested radius -- see session notes). NOT a measurement of the relaxed field's true exterior structure: m(r) is not r-independent and was still growing at the largest radius tested. Tool limitation (Castro's MHD path has no well-balancing, docs/teoria.md Sec 6.8), not evidence against a physical exterior dipole."
1,2026-07-29T02:11:50.854085+00:00,seed123ext,123,/home/rafael/wd-magnetizada/castro/Exec/science/wd_braithwaite/plt_seed123ext00080,0.300893423606609,1.09095956840421,988393849.5,False,0.0358508220506353,0.4,234663354.6462327,4.489460836862334e+30,1.5674290003922734e+26,1.2302891335410509e+17,694845.6747389606,28642.195823471284,1274033036.3488276,False,"Measured with the background star already OUTSIDE its validity window (t/t_dyn > X_2pct). Real, non-noise field (verified: absolute B_r on the sampling shell is structured and well above the numerical floor, and exterior |B| never exceeds interior |B| at any tested radius -- see session notes). NOT a measurement of the relaxed field's true exterior structure: m(r) is not r-independent and was still growing at the largest radius tested. Tool limitation (Castro's MHD path has no well-balancing, docs/teoria.md Sec 6.8), not evidence against a physical exterior dipole."
1,2026-07-29T02:11:51.264177+00:00,seed123ext,123,/home/rafael/wd-magnetizada/castro/Exec/science/wd_braithwaite/plt_seed123ext00085,0.348898010376515,1.2650114391170428,988393849.5,False,0.0358508220506353,0.4,234886246.3498828,1.1994841906181356e+30,4.0653892207403227e+26,8.41582215123704e+17,185119.32629425937,2950.478110432204,483065011.0806764,False,"Measured with the background star already OUTSIDE its validity window (t/t_dyn > X_2pct). Real, non-noise field (verified: absolute B_r on the sampling shell is structured and well above the numerical floor, and exterior |B| never exceeds interior |B| at any tested radius -- see session notes). NOT a measurement of the relaxed field's true exterior structure: m(r) is not r-independent and was still growing at the largest radius tested. Tool limitation (Castro's MHD path has no well-balancing, docs/teoria.md Sec 6.8), not evidence against a physical exterior dipole."
1,2026-07-29T02:11:51.651817+00:00,seed123ext,123,/home/rafael/wd-magnetizada/castro/Exec/science/wd_braithwaite/plt_seed123ext00090,0.39699223089258,1.439388297966379,988393849.5,False,0.0358508220506353,0.4,235103546.90656847,4.1972114554962913e+30,1.0031870048804294e+27,4.479485283517096e+18,645971.4168410891,4183.877417746814,223951400.9727409,False,"Measured with the background star already OUTSIDE its validity window (t/t_dyn > X_2pct). Real, non-noise field (verified: absolute B_r on the sampling shell is structured and well above the numerical floor, and exterior |B| never exceeds interior |B| at any tested radius -- see session notes). NOT a measurement of the relaxed field's true exterior structure: m(r) is not r-independent and was still growing at the largest radius tested. Tool limitation (Castro's MHD path has no well-balancing, docs/teoria.md Sec 6.8), not evidence against a physical exterior dipole."
1,2026-07-29T02:11:52.056914+00:00,seed123ext,123,/home/rafael/wd-magnetizada/castro/Exec/science/wd_braithwaite/plt_seed123ext00095,0.445172700302955,1.6140778723791993,988393849.5,False,0.0358508220506353,0.4,235294646.0951776,8.117968071697719e+30,2.008499657874875e+27,1.7689292031703456e+19,1246353.3879169144,4041.8070472997065,113543247.1958268,False,"Measured with the background star already OUTSIDE its validity window (t/t_dyn > X_2pct). Real, non-noise field (verified: absolute B_r on the sampling shell is structured and well above the numerical floor, and exterior |B| never exceeds interior |B| at any tested radius -- see session notes). NOT a measurement of the relaxed field's true exterior structure: m(r) is not r-independent and was still growing at the largest radius tested. Tool limitation (Castro's MHD path has no well-balancing, docs/teoria.md Sec 6.8), not evidence against a physical exterior dipole."
1,2026-07-29T02:11:52.452077+00:00,seed123ext,123,/home/rafael/wd-magnetizada/castro/Exec/science/wd_braithwaite/plt_seed123ext00100,0.493422887795303,1.7890202260243055,988393849.5,False,0.0358508220506353,0.4,235521495.88790587,8.274939356034168e+30,3.3352827119028303e+27,5.428818891124339e+19,1266785.7291508345,2481.0308662899483,61436617.77621163,False,"Measured with the background star already OUTSIDE its validity window (t/t_dyn > X_2pct). Real, non-noise field (verified: absolute B_r on the sampling shell is structured and well above the numerical floor, and exterior |B| never exceeds interior |B| at any tested radius -- see session notes). NOT a measurement of the relaxed field's true exterior structure: m(r) is not r-independent and was still growing at the largest radius tested. Tool limitation (Castro's MHD path has no well-balancing, docs/teoria.md Sec 6.8), not evidence against a physical exterior dipole."
1,2026-07-29T02:11:52.938051+00:00,seed123ext,123,/home/rafael/wd-magnetizada/castro/Exec/science/wd_braithwaite/plt_seed123ext00105,0.541671612376041,1.963957275540796,988393849.5,False,0.0358508220506353,0.4,235814721.30191383,6.416791079048195e+30,4.958326510681609e+27,1.3967777911735557e+20,978667.4739488984,1294.1445193705274,35498320.076493226,False,"Measured with the background star already OUTSIDE its validity window (t/t_dyn > X_2pct). Real, non-noise field (verified: absolute B_r on the sampling shell is structured and well above the numerical floor, and exterior |B| never exceeds interior |B| at any tested radius -- see session notes). NOT a measurement of the relaxed field's true exterior structure: m(r) is not r-independent and was still growing at the largest radius tested. Tool limitation (Castro's MHD path has no well-balancing, docs/teoria.md Sec 6.8), not evidence against a physical exterior dipole."
1,2026-07-29T02:11:53.338551+00:00,seed123ext,123,/home/rafael/wd-magnetizada/castro/Exec/science/wd_braithwaite/plt_seed123ext00110,0.589915694708062,2.1388774934974726,988393849.5,False,0.0358508220506353,0.4,236081590.5693968,2.9392326869984206e+30,6.589018439051664e+27,3.450636156008198e+20,446763.40978208807,446.0805071629842,19095083.17061757,False,"Measured with the background star already OUTSIDE its validity window (t/t_dyn > X_2pct). Real, non-noise field (verified: absolute B_r on the sampling shell is structured and well above the numerical floor, and exterior |B| never exceeds interior |B| at any tested radius -- see session notes). NOT a measurement of the relaxed field's true exterior structure: m(r) is not r-independent and was still growing at the largest radius tested. Tool limitation (Castro's MHD path has no well-balancing, docs/teoria.md Sec 6.8), not evidence against a physical exterior dipole."
1,2026-07-29T02:11:53.712085+00:00,seed123ext,123,/home/rafael/wd-magnetizada/castro/Exec/science/wd_braithwaite/plt_seed123ext00115,0.63816034607051,2.3137997746072143,988393849.5,False,0.0358508220506353,0.4,236368315.11481363,1.187320949348648e+30,7.92486596959097e+27,7.642413544564916e+20,179816.83444362527,149.822211997603,10369585.371661711,False,"Measured with the background star already OUTSIDE its validity window (t/t_dyn > X_2pct). Real, non-noise field (verified: absolute B_r on the sampling shell is structured and well above the numerical floor, and exterior |B| never exceeds interior |B| at any tested radius -- see session notes). NOT a measurement of the relaxed field's true exterior structure: m(r) is not r-independent and was still growing at the largest radius tested. Tool limitation (Castro's MHD path has no well-balancing, docs/teoria.md Sec 6.8), not evidence against a physical exterior dipole."
1,2026-07-29T02:11:54.101479+00:00,seed123ext,123,/home/rafael/wd-magnetizada/castro/Exec/science/wd_braithwaite/plt_seed123ext00120,0.686419919234926,2.4887761582042742,988393849.5,False,0.0358508220506353,0.4,236623732.65389508,9.000347453880105e+29,8.997553571982987e+27,1.5875077609733457e+21,135867.11959846338,100.03105157279438,5667722.573190027,False,"Measured with the background star already OUTSIDE its validity window (t/t_dyn > X_2pct). Real, non-noise field (verified: absolute B_r on the sampling shell is structured and well above the numerical floor, and exterior |B| never exceeds interior |B| at any tested radius -- see session notes). NOT a measurement of the relaxed field's true exterior structure: m(r) is not r-independent and was still growing at the largest radius tested. Tool limitation (Castro's MHD path has no well-balancing, docs/teoria.md Sec 6.8), not evidence against a physical exterior dipole."
1,2026-07-29T02:11:54.620433+00:00,seed123ext,123,/home/rafael/wd-magnetizada/castro/Exec/science/wd_braithwaite/plt_seed123ext00125,0.734693486233635,2.663803279724541,988393849.5,False,0.0358508220506353,0.4,236832764.32854548,3.019907891287044e+30,9.836117387674748e+27,3.109612032868322e+21,454672.1364220171,307.022351631465,3163133.30528306,False,"Measured with the background star already OUTSIDE its validity window (t/t_dyn > X_2pct). Real, non-noise field (verified: absolute B_r on the sampling shell is structured and well above the numerical floor, and exterior |B| never exceeds interior |B| at any tested radius -- see session notes). NOT a measurement of the relaxed field's true exterior structure: m(r) is not r-independent and was still growing at the largest radius tested. Tool limitation (Castro's MHD path has no well-balancing, docs/teoria.md Sec 6.8), not evidence against a physical exterior dipole."
1,2026-07-29T02:11:55.004083+00:00,seed123ext,123,/home/rafael/wd-magnetizada/castro/Exec/science/wd_braithwaite/plt_seed123ext00130,0.783000529226813,2.838951776301931,988393849.5,False,0.0358508220506353,0.4,237016000.5829397,4.364317185834294e+30,1.0444430079449696e+28,5.772620871671422e+21,655561.2963125544,417.8607308043987,1809304.7008690152,False,"Measured with the background star already OUTSIDE its validity window (t/t_dyn > X_2pct). Real, non-noise field (verified: absolute B_r on the sampling shell is structured and well above the numerical floor, and exterior |B| never exceeds interior |B| at any tested radius -- see session notes). NOT a measurement of the relaxed field's true exterior structure: m(r) is not r-independent and was still growing at the largest radius tested. Tool limitation (Castro's MHD path has no well-balancing, docs/teoria.md Sec 6.8), not evidence against a physical exterior dipole."
1,2026-07-29T02:11:55.391405+00:00,seed123ext,123,/home/rafael/wd-magnetizada/castro/Exec/science/wd_braithwaite/plt_seed123ext00135,0.831358971027158,3.0142866312909176,988393849.5,False,0.0358508220506353,0.4,237193875.72786823,4.89443680793266e+30,1.0783482752216802e+28,1.015888695331577e+22,733537.476516839,453.882750164968,1061482.7000016149,False,"Measured with the background star already OUTSIDE its validity window (t/t_dyn > X_2pct). Real, non-noise field (verified: absolute B_r on the sampling shell is structured and well above the numerical floor, and exterior |B| never exceeds interior |B| at any tested radius -- see session notes). NOT a measurement of the relaxed field's true exterior structure: m(r) is not r-independent and was still growing at the largest radius tested. Tool limitation (Castro's MHD path has no well-balancing, docs/teoria.md Sec 6.8), not evidence against a physical exterior dipole."
1,2026-07-29T02:11:55.751896+00:00,seed123ext,123,/home/rafael/wd-magnetizada/castro/Exec/science/wd_braithwaite/plt_seed123ext00140,0.879771831993921,3.1898187957112523,988393849.5,False,0.0358508220506353,0.4,237412043.47987103,5.275676603067704e+30,1.0669486083939342e+28,1.6907317724506288e+22,788496.7776517211,494.4639846345665,631057.2887900764,False,"Measured with the background star already OUTSIDE its validity window (t/t_dyn > X_2pct). Real, non-noise field (verified: absolute B_r on the sampling shell is structured and well above the numerical floor, and exterior |B| never exceeds interior |B| at any tested radius -- see session notes). NOT a measurement of the relaxed field's true exterior structure: m(r) is not r-independent and was still growing at the largest radius tested. Tool limitation (Castro's MHD path has no well-balancing, docs/teoria.md Sec 6.8), not evidence against a physical exterior dipole."
1,2026-07-29T02:11:56.141258+00:00,seed123ext,123,/home/rafael/wd-magnetizada/castro/Exec/science/wd_braithwaite/plt_seed123ext00145,0.928180862436181,3.3653370716679967,988393849.5,False,0.0358508220506353,0.4,237675339.76843312,5.26557956316053e+30,1.0160247399757822e+28,2.649326423309249e+22,784375.1112267725,518.2530853811728,383503.041013223,False,"Measured with the background star already OUTSIDE its validity window (t/t_dyn > X_2pct). Real, non-noise field (verified: absolute B_r on the sampling shell is structured and well above the numerical floor, and exterior |B| never exceeds interior |B| at any tested radius -- see session notes). NOT a measurement of the relaxed field's true exterior structure: m(r) is not r-independent and was still growing at the largest radius tested. Tool limitation (Castro's MHD path has no well-balancing, docs/teoria.md Sec 6.8), not evidence against a physical exterior dipole."
1,2026-07-29T02:11:56.649938+00:00,seed123ext,123,/home/rafael/wd-magnetizada/castro/Exec/science/wd_braithwaite/plt_seed123ext00150,0.976534298984033,3.5406537789419747,988393849.5,False,0.0358508220506353,0.4,237912818.2097314,5.244603597232792e+30,9.197924827286084e+27,3.819134420821979e+22,778913.3362405838,570.1942226875375,240837.94425089777,False,"Measured with the background star already OUTSIDE its validity window (t/t_dyn > X_2pct). Real, non-noise field (verified: absolute B_r on the sampling shell is structured and well above the numerical floor, and exterior |B| never exceeds interior |B| at any tested radius -- see session notes). NOT a measurement of the relaxed field's true exterior structure: m(r) is not r-independent and was still growing at the largest radius tested. Tool limitation (Castro's MHD path has no well-balancing, docs/teoria.md Sec 6.8), not evidence against a physical exterior dipole."
1,2026-07-29T02:11:57.032314+00:00,seed123ext,123,/home/rafael/wd-magnetizada/castro/Exec/science/wd_braithwaite/plt_seed123ext00155,1.02483567673525,3.715781734857988,988393849.5,False,0.0358508220506353,0.4,238144785.74974227,5.220942771570493e+30,8.118598039617956e+27,5.244793389077071e+22,773135.6467401255,643.084279587782,154793.47683220348,False,"Measured with the background star already OUTSIDE its validity window (t/t_dyn > X_2pct). Real, non-noise field (verified: absolute B_r on the sampling shell is structured and well above the numerical floor, and exterior |B| never exceeds interior |B| at any tested radius -- see session notes). NOT a measurement of the relaxed field's true exterior structure: m(r) is not r-independent and was still growing at the largest radius tested. Tool limitation (Castro's MHD path has no well-balancing, docs/teoria.md Sec 6.8), not evidence against a physical exterior dipole."
1,2026-07-29T02:11:57.415853+00:00,seed123ext,123,/home/rafael/wd-magnetizada/castro/Exec/science/wd_braithwaite/plt_seed123ext00160,1.07310676791029,3.890799879699772,988393849.5,False,0.0358508220506353,0.4,238376302.26692143,4.1585922648921226e+30,6.801729707891746e+27,6.858943493215256e+22,614026.4808423182,611.4021643740256,99165.85133876516,False,"Measured with the background star already OUTSIDE its validity window (t/t_dyn > X_2pct). Real, non-noise field (verified: absolute B_r on the sampling shell is structured and well above the numerical floor, and exterior |B| never exceeds interior |B| at any tested radius -- see session notes). NOT a measurement of the relaxed field's true exterior structure: m(r) is not r-independent and was still growing at the largest radius tested. Tool limitation (Castro's MHD path has no well-balancing, docs/teoria.md Sec 6.8), not evidence against a physical exterior dipole."
1,2026-07-29T02:11:57.777537+00:00,seed123ext,123,/home/rafael/wd-magnetizada/castro/Exec/science/wd_braithwaite/plt_seed123ext00163,1.1,3.988307590310101,988393849.5,False,0.035850822050635354,0.4,238471797.5487708,3.5243578571728437e+30,6.262633720127421e+27,7.982362244599398e+22,519755.2911156724,562.759697385134,78455.8947367305,False,"Measured with the background star already OUTSIDE its validity window (t/t_dyn > X_2pct). Real, non-noise field (verified: absolute B_r on the sampling shell is structured and well above the numerical floor, and exterior |B| never exceeds interior |B| at any tested radius -- see session notes). NOT a measurement of the relaxed field's true exterior structure: m(r) is not r-independent and was still growing at the largest radius tested. Tool limitation (Castro's MHD path has no well-balancing, docs/teoria.md Sec 6.8), not evidence against a physical exterior dipole."
