# 256^3 magnetised run, dir_rot256, complete to stop_time = 12 s (STEP 7059).
# tools/fbtbp.cpp with rho_cut = 1.0e5 g/cm^3 -- the STAR, not the box.
# Same window and same columns as the 192^3 run, so the two are comparable
# over growth, saturation AND decay. bt_bp_256.csv is the earlier subset
# (t < 5.14, cfl = 0.5, before the restart); this file supersedes it.
# Rows sorted by t: the plotfile numbering jumps back at the restart, so
# lexical order of plt????? is not time order. plt02100 is at t = 5.043 and
# plt02141, written after the restart, at t = 5.000.
#
# The last four columns were added in a second pass. Bt_over_Bp_amp, R_eq_e8,
# Om_mean and Om_mid complete the set, so the two grids now carry EVERY column
# of tools/fbtbp.cpp over the same window.
# Energies erg. Fields GAUSS. B_c = 4.4140e13 G. Lz g cm^2/s. Omega rad/s.
t,E_tor,E_pol,B_max_G,B_over_Bc,M_Msun,R_vol_e8,Rpol_over_Req,Lz_star,Om_core,Om_out,Lz_inner,Lz_outer,Lz_ratio,Bt_over_Bp_amp,R_eq_e8,Om_mean,Om_mid
0.00000,6.05641e+49,1.16010e+44,3.20407e+13,7.25889e-01,2.00646e+00,3.06921e+00,0.4312,1.97917e+50,7.85634e+00,2.56028e+00,2.77445e+49,1.70172e+50,6.13355e+00,3.80825e+02,3.75037e+00,4.76117e+00,3.87083e+00
0.03203,6.06066e+49,8.34655e+43,3.23669e+13,7.33278e-01,2.00638e+00,3.05727e+00,0.4291,1.97905e+50,7.83169e+00,2.56058e+00,2.77314e+49,1.70173e+50,6.13649e+00,2.74835e+02,3.76878e+00,4.76201e+00,3.87093e+00
0.17034,6.05890e+49,1.39814e+45,3.68531e+13,8.34913e-01,2.00626e+00,3.02745e+00,0.4358,1.98341e+50,7.79775e+00,2.56136e+00,2.74017e+49,1.70939e+50,6.23829e+00,6.60180e+01,3.71061e+00,4.76004e+00,3.87208e+00
0.30859,6.04755e+49,2.76085e+45,4.13892e+13,9.37680e-01,2.00626e+00,3.02225e+00,0.4372,1.99471e+50,7.78843e+00,2.56173e+00,2.71247e+49,1.72346e+50,6.35385e+00,4.25649e+01,3.69927e+00,4.75725e+00,3.87238e+00
0.44686,5.98041e+49,5.22079e+45,4.54396e+13,1.02944e+00,2.00627e+00,3.02117e+00,0.4370,2.01265e+50,7.76959e+00,2.56289e+00,2.67511e+49,1.74514e+50,6.52363e+00,3.09841e+01,3.70060e+00,4.74939e+00,3.86831e+00
0.58522,5.82596e+49,8.00529e+45,4.72683e+13,1.07087e+00,2.00628e+00,3.02012e+00,0.4370,2.03965e+50,7.74348e+00,2.56325e+00,3.01122e+49,1.73853e+50,5.77350e+00,2.35617e+01,3.70060e+00,4.73302e+00,3.86330e+00
0.72375,5.58733e+49,1.04551e+46,4.73166e+13,1.07197e+00,2.00629e+00,3.01965e+00,0.4381,2.07902e+50,7.70880e+00,2.56320e+00,2.93796e+49,1.78522e+50,6.07640e+00,1.84254e+01,3.69124e+00,4.70465e+00,3.85552e+00
0.86262,5.25749e+49,1.41847e+46,4.52394e+13,1.02491e+00,2.00630e+00,3.02066e+00,0.4390,2.11967e+50,7.57553e+00,2.56139e+00,3.24544e+49,1.79513e+50,5.53122e+00,1.55645e+01,3.68387e+00,4.61053e+00,3.82917e+00
0.99100,4.80262e+49,1.76194e+46,4.02230e+13,9.11261e-01,2.00634e+00,3.03081e+00,0.4577,2.12556e+50,7.28772e+00,2.54885e+00,3.07874e+49,1.81769e+50,5.90400e+00,1.51215e+01,3.68655e+00,4.32649e+00,3.71754e+00
1.12856,4.38097e+49,1.61518e+46,3.71748e+13,8.42202e-01,2.00645e+00,3.06979e+00,0.4778,2.12532e+50,7.03146e+00,2.49716e+00,3.19855e+49,1.80546e+50,5.64462e+00,1.60441e+01,3.67916e+00,3.95817e+00,3.51469e+00
1.28105,4.13977e+49,1.73256e+46,3.74417e+13,8.48248e-01,2.00667e+00,3.17228e+00,0.5102,2.12493e+50,6.86440e+00,2.37583e+00,3.23863e+49,1.80107e+50,5.56120e+00,1.34091e+01,3.72125e+00,3.63476e+00,3.34003e+00
1.43568,4.03299e+49,2.39026e+46,3.93102e+13,8.90580e-01,2.00700e+00,3.39076e+00,0.5184,2.12421e+50,6.93290e+00,2.28589e+00,3.14520e+49,1.80969e+50,5.75380e+00,9.88139e+00,3.93373e+00,3.44960e+00,3.26461e+00
1.58674,4.03263e+49,3.46328e+46,4.29482e+13,9.73000e-01,2.00728e+00,3.61135e+00,0.4962,2.12364e+50,7.25098e+00,2.25859e+00,3.25006e+49,1.79863e+50,5.53415e+00,8.60865e+00,4.25144e+00,3.42141e+00,3.28015e+00
1.73353,4.11450e+49,4.99522e+46,4.80091e+13,1.08765e+00,2.00730e+00,3.72492e+00,0.4872,2.12344e+50,7.69480e+00,2.27663e+00,3.14907e+49,1.80853e+50,5.74308e+00,8.20063e+00,4.47411e+00,3.53845e+00,3.37225e+00
1.87606,4.23005e+49,6.99039e+46,5.32771e+13,1.20700e+00,2.00694e+00,3.72167e+00,0.4594,2.12305e+50,8.10492e+00,2.32956e+00,3.24592e+49,1.79846e+50,5.54067e+00,6.34127e+00,4.59190e+00,3.76638e+00,3.51186e+00
2.01486,4.30921e+49,9.77423e+46,5.80108e+13,1.31425e+00,2.00580e+00,3.55774e+00,0.4478,2.12149e+50,8.37686e+00,2.40856e+00,3.04635e+49,1.81686e+50,5.96405e+00,4.84767e+00,4.55351e+00,4.05183e+00,3.65157e+00
2.15173,4.31171e+49,1.29509e+47,6.16397e+13,1.39646e+00,2.00391e+00,3.23057e+00,0.4260,2.11695e+50,8.47395e+00,2.51248e+00,3.10553e+49,1.80639e+50,5.81671e+00,3.92932e+00,4.29137e+00,4.31049e+00,3.74379e+00
2.28047,4.24956e+49,1.59570e+47,6.24322e+13,1.41441e+00,2.00252e+00,2.92919e+00,0.4413,2.11140e+50,8.40651e+00,2.62309e+00,3.07244e+49,1.80416e+50,5.87207e+00,3.34975e+00,3.98307e+00,4.43296e+00,3.75846e+00
2.36428,4.18678e+49,1.76505e+47,6.23797e+13,1.41322e+00,2.00208e+00,2.81469e+00,0.4861,2.10883e+50,8.29886e+00,2.65454e+00,3.02399e+49,1.80643e+50,5.97367e+00,3.10532e+00,3.76090e+00,4.42881e+00,3.73319e+00
2.47107,4.09593e+49,1.99481e+47,6.19287e+13,1.40301e+00,2.00241e+00,2.89170e+00,0.5976,2.10783e+50,8.14170e+00,2.61129e+00,2.94279e+49,1.81355e+50,6.16271e+00,2.85728e+00,3.17654e+00,4.33313e+00,3.67916e+00
2.59972,3.95460e+49,2.50733e+47,6.24583e+13,1.41500e+00,2.00351e+00,3.13084e+00,0.5710,2.10788e+50,8.00925e+00,2.50602e+00,3.20461e+49,1.78742e+50,5.57764e+00,2.47895e+00,3.44818e+00,4.12799e+00,3.59972e+00
2.73339,3.77585e+49,3.30286e+47,6.27662e+13,1.42198e+00,2.00455e+00,3.32335e+00,0.5260,2.10793e+50,7.93322e+00,2.38966e+00,3.25898e+49,1.78203e+50,5.46806e+00,2.44258e+00,3.74311e+00,3.88298e+00,3.51378e+00
2.86596,3.64267e+49,4.05226e+47,6.37952e+13,1.44529e+00,2.00529e+00,3.44122e+00,0.4905,2.10798e+50,7.88384e+00,2.30877e+00,3.18097e+49,1.78988e+50,5.62685e+00,2.43308e+00,4.01336e+00,3.67434e+00,3.41965e+00
2.99675,3.55776e+49,4.94432e+47,6.57204e+13,1.48891e+00,2.00562e+00,3.48618e+00,0.4484,2.10804e+50,7.89082e+00,2.26435e+00,3.14361e+49,1.79368e+50,5.70579e+00,2.05511e+00,4.23337e+00,3.54935e+00,3.36353e+00
3.12542,3.51836e+49,6.23330e+47,6.82936e+13,1.54720e+00,2.00529e+00,3.42837e+00,0.4139,2.10802e+50,7.82589e+00,2.26458e+00,3.12411e+49,1.79561e+50,5.74760e+00,1.80011e+00,4.41683e+00,3.53707e+00,3.36425e+00
3.25277,3.47084e+49,8.49650e+47,7.13883e+13,1.61732e+00,2.00456e+00,3.29981e+00,0.3981,2.10736e+50,7.83418e+00,2.30464e+00,3.17717e+49,1.78964e+50,5.63282e+00,1.46429e+00,4.59190e+00,3.63869e+00,3.41969e+00
3.37738,3.42142e+49,1.21680e+48,7.41953e+13,1.68091e+00,2.00490e+00,3.35941e+00,0.4138,2.10688e+50,7.87933e+00,2.37107e+00,3.28448e+49,1.77844e+50,5.41467e+00,1.15584e+00,4.58813e+00,3.81051e+00,3.50665e+00
3.49986,3.34580e+49,1.73610e+48,7.70093e+13,1.74466e+00,2.00493e+00,3.36233e+00,0.4650,2.10708e+50,7.93543e+00,2.45496e+00,3.24632e+49,1.78245e+50,5.49066e+00,9.18411e-01,4.23396e+00,4.03814e+00,3.60293e+00
3.61855,3.21754e+49,2.42440e+48,8.29282e+13,1.87875e+00,2.00400e+00,3.18396e+00,0.5242,2.10695e+50,7.94139e+00,2.55509e+00,2.99091e+49,1.80786e+50,6.04450e+00,8.82150e-01,3.89013e+00,4.26940e+00,3.67590e+00
3.69637,3.10042e+49,2.87649e+48,8.26075e+13,1.87149e+00,2.00320e+00,3.01552e+00,0.5700,2.10611e+50,7.87872e+00,2.58923e+00,3.05352e+49,1.80076e+50,5.89732e+00,8.48681e-01,3.70060e+00,4.39071e+00,3.70809e+00
3.73225,3.04748e+49,3.04637e+48,7.94439e+13,1.79982e+00,2.00289e+00,2.94501e+00,0.5890,2.10551e+50,7.84493e+00,2.60674e+00,3.07795e+49,1.79772e+50,5.84064e+00,8.35249e-01,3.70060e+00,4.43194e+00,3.71915e+00
3.78472,2.97553e+49,3.24777e+48,7.59132e+13,1.71983e+00,2.00264e+00,2.88855e+00,0.6222,2.10473e+50,7.78758e+00,2.62518e+00,3.10818e+49,1.79392e+50,5.77160e+00,8.24931e-01,3.50295e+00,4.47187e+00,3.72965e+00
3.83687,2.90479e+49,3.38966e+48,7.23343e+13,1.63875e+00,2.00274e+00,2.91424e+00,0.7161,2.10451e+50,7.73418e+00,2.61567e+00,3.13091e+49,1.79142e+50,5.72173e+00,8.04560e-01,3.04381e+00,4.48679e+00,3.73326e+00
3.92421,2.80603e+49,3.53008e+48,7.01585e+13,1.58945e+00,2.00302e+00,2.97527e+00,0.6194,2.10402e+50,7.61747e+00,2.58074e+00,3.14871e+49,1.78915e+50,5.68218e+00,8.54814e-01,3.29195e+00,4.46377e+00,3.73037e+00
4.04268,2.67452e+49,3.50056e+48,6.93224e+13,1.57051e+00,2.00329e+00,3.02888e+00,0.5051,2.10340e+50,7.38112e+00,2.50539e+00,3.11121e+49,1.79228e+50,5.76071e+00,8.87977e-01,3.61956e+00,4.35074e+00,3.74283e+00
4.14537,2.53622e+49,3.35179e+48,6.37543e+13,1.44436e+00,2.00358e+00,3.08851e+00,0.4734,2.10303e+50,7.11441e+00,2.44042e+00,3.02873e+49,1.80016e+50,5.94361e+00,9.85131e-01,3.86143e+00,4.20051e+00,3.67884e+00
4.26031,2.38511e+49,3.24067e+48,5.68056e+13,1.28694e+00,2.00406e+00,3.18592e+00,0.4574,2.10291e+50,7.01357e+00,2.38171e+00,3.01292e+49,1.80162e+50,5.97964e+00,1.07505e+00,4.15082e+00,4.01491e+00,3.57038e+00
4.38143,2.27401e+49,3.11949e+48,4.96291e+13,1.12436e+00,2.00464e+00,3.28866e+00,0.4341,2.10278e+50,6.72067e+00,2.33557e+00,3.27693e+49,1.77508e+50,5.41690e+00,1.15153e+00,4.37353e+00,3.83837e+00,3.46812e+00
4.51283,2.12682e+49,2.97048e+48,4.36757e+13,9.89481e-01,2.00530e+00,3.39940e+00,0.4531,2.10272e+50,6.39767e+00,2.30691e+00,3.25406e+49,1.77731e+50,5.46181e+00,1.25824e+00,4.50055e+00,3.72963e+00,3.42848e+00
4.64174,1.97401e+49,2.88117e+48,3.94428e+13,8.93584e-01,2.00530e+00,3.39839e+00,0.4824,2.10271e+50,6.24251e+00,2.30727e+00,3.21732e+49,1.78097e+50,5.53558e+00,1.24833e+00,4.51809e+00,3.74883e+00,3.43526e+00
4.77425,1.87657e+49,2.81141e+48,3.88464e+13,8.80073e-01,2.00465e+00,3.28529e+00,0.4971,2.10210e+50,6.21564e+00,2.35845e+00,3.28523e+49,1.77358e+50,5.39865e+00,1.27395e+00,4.38482e+00,3.88439e+00,3.48163e+00
4.91213,1.82899e+49,2.68045e+48,4.02288e+13,9.11391e-01,2.00420e+00,3.19890e+00,0.5234,2.10085e+50,6.37253e+00,2.41602e+00,3.29133e+49,1.77172e+50,5.38300e+00,1.31932e+00,4.02996e+00,4.09867e+00,3.57302e+00
5.00046,1.81729e+49,2.60541e+48,4.04504e+13,9.16412e-01,2.00391e+00,3.14217e+00,0.5952,2.10001e+50,6.55402e+00,2.46410e+00,3.05866e+49,1.79414e+50,5.86579e+00,1.32791e+00,3.66233e+00,4.26263e+00,3.63252e+00
5.04288,1.80428e+49,2.57669e+48,4.08831e+13,9.26214e-01,2.00371e+00,3.09834e+00,0.6037,2.09949e+50,6.65209e+00,2.48716e+00,3.12894e+49,1.78659e+50,5.70990e+00,1.33225e+00,3.61067e+00,4.34415e+00,3.66079e+00
5.13653,1.78447e+49,2.51031e+48,4.11073e+13,9.31294e-01,2.00311e+00,2.96683e+00,0.6041,2.09773e+50,6.87084e+00,2.52684e+00,3.29625e+49,1.76811e+50,5.36400e+00,1.30285e+00,3.49164e+00,4.52466e+00,3.72654e+00
5.50117,1.63579e+49,2.21178e+48,3.65958e+13,8.29085e-01,2.00314e+00,2.95883e+00,0.5063,2.09571e+50,6.85545e+00,2.49313e+00,3.10322e+49,1.78538e+50,5.75332e+00,1.09644e+00,3.61067e+00,4.59154e+00,3.78521e+00
6.00022,1.38605e+49,1.95673e+48,3.25319e+13,7.37017e-01,2.00466e+00,3.24711e+00,0.4679,2.09493e+50,6.15279e+00,2.32615e+00,3.17621e+49,1.77731e+50,5.59570e+00,1.03386e+00,4.05746e+00,3.88519e+00,3.46466e+00
6.50011,1.39538e+49,1.80603e+48,3.87963e+13,8.78938e-01,2.00388e+00,3.08612e+00,0.4443,2.09391e+50,6.96067e+00,2.42919e+00,3.27124e+49,1.76678e+50,5.40095e+00,1.22551e+00,4.11493e+00,4.42532e+00,3.70837e+00
7.00121,1.26234e+49,1.37617e+48,3.83922e+13,8.69782e-01,2.00338e+00,2.95925e+00,0.5075,2.08944e+50,6.97876e+00,2.46337e+00,3.19707e+49,1.76973e+50,5.53546e+00,1.49667e+00,4.01767e+00,4.51657e+00,3.73735e+00
7.50074,1.13465e+49,1.06063e+48,3.50562e+13,7.94206e-01,2.00510e+00,3.29950e+00,0.4812,2.08899e+50,6.55729e+00,2.30518e+00,2.89136e+49,1.79985e+50,6.22494e+00,1.55891e+00,4.09144e+00,3.94947e+00,3.50163e+00
8.00015,1.13685e+49,8.48674e+47,3.62230e+13,8.20639e-01,2.00327e+00,2.91813e+00,0.4997,2.08641e+50,7.15642e+00,2.46136e+00,3.06113e+49,1.78030e+50,5.81582e+00,1.48852e+00,3.94001e+00,4.59277e+00,3.75486e+00
8.50107,1.04439e+49,6.78992e+47,3.27025e+13,7.40882e-01,2.00370e+00,2.99200e+00,0.4877,2.08402e+50,7.01743e+00,2.40398e+00,3.19503e+49,1.76451e+50,5.52267e+00,1.43497e+00,3.89267e+00,4.44244e+00,3.69616e+00
9.00005,9.72030e+48,6.14417e+47,3.36637e+13,7.62657e-01,2.00488e+00,3.22121e+00,0.4630,2.08372e+50,6.56297e+00,2.30707e+00,2.92597e+49,1.79112e+50,6.12146e+00,1.57660e+00,4.09989e+00,4.05095e+00,3.52877e+00
9.50104,9.76928e+48,5.20407e+47,4.18634e+13,9.48423e-01,2.00321e+00,2.85478e+00,0.5262,2.08043e+50,7.31263e+00,2.47009e+00,3.16441e+49,1.76399e+50,5.57447e+00,2.08409e+00,3.87485e+00,4.74923e+00,3.79840e+00
10.00048,8.86685e+48,5.45011e+47,3.89743e+13,8.82970e-01,2.00396e+00,3.00626e+00,0.4807,2.07874e+50,6.84699e+00,2.34994e+00,3.11931e+49,1.76681e+50,5.66410e+00,1.74074e+00,3.80273e+00,4.32542e+00,3.61886e+00
10.42730,7.94312e+48,6.61329e+47,3.47000e+13,7.86136e-01,2.00496e+00,3.20992e+00,0.4830,2.07859e+50,6.61602e+00,2.30345e+00,2.98275e+49,1.78031e+50,5.96870e+00,1.72224e+00,4.07631e+00,4.13006e+00,3.54549e+00
10.50069,7.92365e+48,6.80803e+47,3.44669e+13,7.80854e-01,2.00484e+00,3.18615e+00,0.5075,2.07852e+50,6.66648e+00,2.31873e+00,3.02880e+49,1.77564e+50,5.86252e+00,1.58495e+00,4.01767e+00,4.19958e+00,3.57245e+00
11.00064,7.61824e+48,9.58802e+47,3.87952e+13,8.78912e-01,2.00311e+00,2.78883e+00,0.5571,2.07492e+50,7.06262e+00,2.45919e+00,2.96986e+49,1.77793e+50,5.98659e+00,1.15160e+00,3.40780e+00,4.81181e+00,3.81567e+00
11.50011,6.32274e+48,1.22546e+48,3.53162e+13,8.00095e-01,2.00438e+00,3.06266e+00,0.4989,2.07390e+50,6.41521e+00,2.31242e+00,3.03471e+49,1.77043e+50,5.83394e+00,1.00303e+00,3.80533e+00,4.23924e+00,3.56256e+00
12.00000,5.81576e+48,1.38655e+48,3.40273e+13,7.70896e-01,2.00437e+00,3.06038e+00,0.4947,2.07321e+50,6.37749e+00,2.33356e+00,2.88833e+49,1.78438e+50,6.17788e+00,1.06053e+00,3.97996e+00,4.37589e+00,3.62654e+00
