# 256^3 magnetised run, dir_rot256, first 44 plotfiles (t = 0 to 5.137 s).
# tools/fbtbp.cpp with rho_cut = 1.0e5 g/cm^3. Same columns as bt_bp_192.csv.
# These are the plotfiles of the FIRST attempt, written at cfl = 0.5 and
# plot_int = 50, before the run died at t = 5.146 and was restarted at
# cfl = 0.3. They are the convergence data against the 192^3 run.
t,E_tor,E_pol,Et_over_Ep,Et_over_Emag,Btor_max_G,Bpol_max_G,B_max_G,Bt_over_Bp_amp,B_over_Bc,M_Msun,R_eq_e8,R_pol_e8,R_vol_e8,Rpol_over_Req
0.000000e+00,6.056410e+49,1.160100e+44,5.220580e+05,9.999981e-01,3.204070e+13,8.413520e+10,3.204070e+13,3.808250e+02,7.258890e-01,2.006460e+00,3.750370e+00,1.617190e+00,3.069210e+00,4.312000e-01
3.203000e-02,6.060660e+49,8.346550e+43,7.261280e+05,9.999986e-01,3.236690e+13,1.177680e+11,3.236690e+13,2.748350e+02,7.332780e-01,2.006380e+00,3.768780e+00,1.617190e+00,3.057270e+00,4.291000e-01
1.703400e-01,6.058900e+49,1.398140e+45,4.333550e+04,9.999769e-01,3.685270e+13,5.582230e+11,3.685310e+13,6.601800e+01,8.349130e-01,2.006260e+00,3.710610e+00,1.617190e+00,3.027450e+00,4.358000e-01
3.085900e-01,6.047550e+49,2.760850e+45,2.190470e+04,9.999543e-01,4.138670e+13,9.723180e+11,4.138920e+13,4.256490e+01,9.376800e-01,2.006260e+00,3.699270e+00,1.617190e+00,3.022250e+00,4.372000e-01
4.468600e-01,5.980410e+49,5.220790e+45,1.145500e+04,9.999127e-01,4.543770e+13,1.466480e+12,4.543960e+13,3.098410e+01,1.029440e+00,2.006270e+00,3.700600e+00,1.617190e+00,3.021170e+00,4.370000e-01
5.852200e-01,5.825960e+49,8.005290e+45,7.277630e+03,9.998626e-01,4.726400e+13,2.005970e+12,4.726830e+13,2.356170e+01,1.070870e+00,2.006280e+00,3.700600e+00,1.617190e+00,3.020120e+00,4.370000e-01
7.237500e-01,5.587330e+49,1.045510e+46,5.344130e+03,9.998129e-01,4.731660e+13,2.568020e+12,4.731660e+13,1.842540e+01,1.071970e+00,2.006290e+00,3.691240e+00,1.617190e+00,3.019650e+00,4.381000e-01
8.626200e-01,5.257490e+49,1.418470e+46,3.706450e+03,9.997303e-01,4.523670e+13,2.906410e+12,4.523940e+13,1.556450e+01,1.024910e+00,2.006300e+00,3.683870e+00,1.617190e+00,3.020660e+00,4.390000e-01
9.910000e-01,4.802620e+49,1.761940e+46,2.725760e+03,9.996333e-01,4.022120e+13,2.659870e+12,4.022300e+13,1.512150e+01,9.112610e-01,2.006340e+00,3.686550e+00,1.687500e+00,3.030810e+00,4.577000e-01
1.128560e+00,4.380970e+49,1.615180e+46,2.712370e+03,9.996315e-01,3.717380e+13,2.316980e+12,3.717480e+13,1.604410e+01,8.422020e-01,2.006450e+00,3.679160e+00,1.757810e+00,3.069790e+00,4.778000e-01
1.281050e+00,4.139770e+49,1.732560e+46,2.389390e+03,9.995817e-01,3.743600e+13,2.791830e+12,3.744170e+13,1.340910e+01,8.482480e-01,2.006670e+00,3.721250e+00,1.898440e+00,3.172280e+00,5.102000e-01
1.435680e+00,4.032990e+49,2.390260e+46,1.687260e+03,9.994077e-01,3.929660e+13,3.976830e+12,3.931020e+13,9.881390e+00,8.905800e-01,2.007000e+00,3.933730e+00,2.039060e+00,3.390760e+00,5.184000e-01
1.586740e+00,4.032630e+49,3.463280e+46,1.164400e+03,9.991419e-01,4.293000e+13,4.986840e+12,4.294820e+13,8.608650e+00,9.730000e-01,2.007280e+00,4.251440e+00,2.109380e+00,3.611350e+00,4.962000e-01
1.733530e+00,4.114500e+49,4.995220e+46,8.236890e+02,9.987874e-01,4.799840e+13,5.853010e+12,4.800910e+13,8.200630e+00,1.087650e+00,2.007300e+00,4.474110e+00,2.179690e+00,3.724920e+00,4.872000e-01
1.876060e+00,4.230050e+49,6.990390e+46,6.051240e+02,9.983502e-01,5.322320e+13,8.393150e+12,5.327710e+13,6.341270e+00,1.207000e+00,2.006940e+00,4.591900e+00,2.109380e+00,3.721670e+00,4.594000e-01
2.014860e+00,4.309210e+49,9.774230e+46,4.408750e+02,9.977369e-01,5.787960e+13,1.193970e+13,5.801080e+13,4.847670e+00,1.314250e+00,2.005800e+00,4.553510e+00,2.039060e+00,3.557740e+00,4.478000e-01
2.151730e+00,4.311710e+49,1.295090e+47,3.329260e+02,9.970053e-01,6.142890e+13,1.563350e+13,6.163970e+13,3.929320e+00,1.396460e+00,2.003910e+00,4.291370e+00,1.828120e+00,3.230570e+00,4.260000e-01
2.280470e+00,4.249560e+49,1.595700e+47,2.663130e+02,9.962591e-01,6.217640e+13,1.856150e+13,6.243220e+13,3.349750e+00,1.414410e+00,2.002520e+00,3.983070e+00,1.757810e+00,2.929190e+00,4.413000e-01
2.364280e+00,4.186780e+49,1.765050e+47,2.372050e+02,9.958019e-01,6.215030e+13,2.001420e+13,6.237970e+13,3.105320e+00,1.413220e+00,2.002080e+00,3.760900e+00,1.828120e+00,2.814690e+00,4.861000e-01
2.471070e+00,4.095930e+49,1.994810e+47,2.053300e+02,9.951534e-01,6.191800e+13,2.167030e+13,6.192870e+13,2.857280e+00,1.403010e+00,2.002410e+00,3.176540e+00,1.898440e+00,2.891700e+00,5.976000e-01
2.599720e+00,3.954600e+49,2.507330e+47,1.577220e+02,9.936997e-01,6.244220e+13,2.518900e+13,6.245830e+13,2.478950e+00,1.415000e+00,2.003510e+00,3.448180e+00,1.968750e+00,3.130840e+00,5.710000e-01
2.733390e+00,3.775850e+49,3.302860e+47,1.143210e+02,9.913285e-01,6.267590e+13,2.565970e+13,6.276620e+13,2.442580e+00,1.421980e+00,2.004550e+00,3.743110e+00,1.968750e+00,3.323350e+00,5.260000e-01
2.865960e+00,3.642670e+49,4.052260e+47,8.989230e+01,9.889980e-01,6.351250e+13,2.610380e+13,6.379520e+13,2.433080e+00,1.445290e+00,2.005290e+00,4.013360e+00,1.968750e+00,3.441220e+00,4.905000e-01
2.996750e+00,3.557760e+49,4.944320e+47,7.195660e+01,9.862932e-01,6.429220e+13,3.128410e+13,6.572040e+13,2.055110e+00,1.488910e+00,2.005620e+00,4.233370e+00,1.898440e+00,3.486180e+00,4.484000e-01
3.125420e+00,3.518360e+49,6.233300e+47,5.644450e+01,9.825919e-01,6.596510e+13,3.664510e+13,6.829360e+13,1.800110e+00,1.547200e+00,2.005290e+00,4.416830e+00,1.828120e+00,3.428370e+00,4.139000e-01
3.252770e+00,3.470840e+49,8.496500e+47,4.085030e+01,9.761053e-01,6.742380e+13,4.604530e+13,7.138830e+13,1.464290e+00,1.617320e+00,2.004560e+00,4.591900e+00,1.828120e+00,3.299810e+00,3.981000e-01
3.377380e+00,3.421420e+49,1.216800e+48,2.811830e+01,9.656573e-01,6.657900e+13,5.760220e+13,7.419530e+13,1.155840e+00,1.680910e+00,2.004900e+00,4.588130e+00,1.898440e+00,3.359410e+00,4.138000e-01
3.499860e+00,3.345800e+49,1.736100e+48,1.927190e+01,9.506706e-01,6.415210e+13,6.985120e+13,7.700930e+13,9.184110e-01,1.744660e+00,2.004930e+00,4.233960e+00,1.968750e+00,3.362330e+00,4.650000e-01
3.618550e+00,3.217540e+49,2.424400e+48,1.327150e+01,9.299303e-01,6.313520e+13,7.156970e+13,8.292820e+13,8.821500e-01,1.878750e+00,2.004000e+00,3.890130e+00,2.039060e+00,3.183960e+00,5.242000e-01
3.696370e+00,3.100420e+49,2.876490e+48,1.077850e+01,9.150995e-01,6.147020e+13,7.243030e+13,8.260750e+13,8.486810e-01,1.871490e+00,2.003200e+00,3.700600e+00,2.109380e+00,3.015520e+00,5.700000e-01
3.732250e+00,3.047480e+49,3.046370e+48,1.000360e+01,9.091210e-01,6.150520e+13,7.363690e+13,7.944390e+13,8.352490e-01,1.799820e+00,2.002890e+00,3.700600e+00,2.179690e+00,2.945010e+00,5.890000e-01
3.784720e+00,2.975530e+49,3.247770e+48,9.161750e+00,9.015918e-01,5.857620e+13,7.100740e+13,7.591320e+13,8.249310e-01,1.719830e+00,2.002640e+00,3.502950e+00,2.179690e+00,2.888550e+00,6.222000e-01
3.836870e+00,2.904790e+49,3.389660e+48,8.569570e+00,8.955021e-01,5.665960e+13,7.042310e+13,7.233430e+13,8.045600e-01,1.638750e+00,2.002740e+00,3.043810e+00,2.179690e+00,2.914240e+00,7.161000e-01
3.924210e+00,2.806030e+49,3.530080e+48,7.948900e+00,8.882544e-01,5.778530e+13,6.759980e+13,7.015850e+13,8.548140e-01,1.589450e+00,2.003020e+00,3.291950e+00,2.039060e+00,2.975270e+00,6.194000e-01
4.042680e+00,2.674520e+49,3.500560e+48,7.640250e+00,8.842627e-01,5.402480e+13,6.084030e+13,6.932240e+13,8.879770e-01,1.570510e+00,2.003290e+00,3.619560e+00,1.828120e+00,3.028880e+00,5.051000e-01
4.145370e+00,2.536220e+49,3.351790e+48,7.566770e+00,8.832699e-01,5.020420e+13,5.096190e+13,6.375430e+13,9.851310e-01,1.444360e+00,2.003580e+00,3.861430e+00,1.828120e+00,3.088510e+00,4.734000e-01
4.260310e+00,2.385110e+49,3.240670e+48,7.359920e+00,8.803816e-01,4.995160e+13,4.646460e+13,5.680560e+13,1.075050e+00,1.286940e+00,2.004060e+00,4.150820e+00,1.898440e+00,3.185920e+00,4.574000e-01
4.381430e+00,2.274010e+49,3.119490e+48,7.289670e+00,8.793679e-01,4.499510e+13,3.907430e+13,4.962910e+13,1.151530e+00,1.124360e+00,2.004640e+00,4.373530e+00,1.898440e+00,3.288660e+00,4.341000e-01
4.512830e+00,2.126820e+49,2.970480e+48,7.159860e+00,8.774489e-01,4.051800e+13,3.220210e+13,4.367570e+13,1.258240e+00,9.894810e-01,2.005300e+00,4.500550e+00,2.039060e+00,3.399400e+00,4.531000e-01
4.641740e+00,1.974010e+49,2.881170e+48,6.851440e+00,8.726348e-01,3.772500e+13,3.022040e+13,3.944280e+13,1.248330e+00,8.935840e-01,2.005300e+00,4.518090e+00,2.179690e+00,3.398390e+00,4.824000e-01
4.774250e+00,1.876570e+49,2.811410e+48,6.674850e+00,8.697044e-01,3.804220e+13,2.986150e+13,3.884640e+13,1.273950e+00,8.800730e-01,2.004650e+00,4.384820e+00,2.179690e+00,3.285290e+00,4.971000e-01
4.912130e+00,1.828990e+49,2.680450e+48,6.823470e+00,8.721794e-01,3.844430e+13,2.913940e+13,4.022880e+13,1.319320e+00,9.113910e-01,2.004200e+00,4.029960e+00,2.109380e+00,3.198900e+00,5.234000e-01
5.042880e+00,1.804280e+49,2.576690e+48,7.002310e+00,8.750361e-01,4.041540e+13,3.033630e+13,4.088310e+13,1.332250e+00,9.262140e-01,2.003710e+00,3.610670e+00,2.179690e+00,3.098340e+00,6.037000e-01
5.136530e+00,1.784470e+49,2.510310e+48,7.108570e+00,8.766737e-01,4.044690e+13,3.104490e+13,4.110730e+13,1.302850e+00,9.312940e-01,2.003110e+00,3.491640e+00,2.109380e+00,2.966830e+00,6.041000e-01
