# non-barotropic ceiling scan; floor=0.0203, barotropic ceiling=0.018, B_c=4.4140e+13
k0,alpha,rho_c,status,M_msun,M0_msun,mu_mean,mu_lo,mu_hi,over_floor,ledoux,mu_p01,mu_p99,f_bad,E_pol_over_W,E_mag_over_W,VE,tor_w,E_tor_over_W,bt_bp,f_core,strict,beats_ceiling,B_over_Bc
1e-12,0.7,1000000000.0,gate,1.3178558560338627,1.3463785171468987,2.050518324368331,1.980862743016576,2.466088760504674,11.656935321236713,1.0,1.9582567818491554,2.0740346124506135,0.0026325594507602503,0.0189340845453753,0.0189340845453753,0.0004921925380749737,0.0,0.0,0.0,0.07965519136072081,False,True,0.5548529983234264
1e-12,0.7,1000000000.0,gate,1.299107141262992,1.3463785171468987,2.0806682940553833,2.0228362202348165,2.5068571494840803,11.459489048611285,1.0425630050366903,1.9710847217759855,2.3717672059085078,0.055397926556232734,0.01936294092393253,0.024362589642004617,0.0004922068807657782,0.005,0.004999648718072086,0.37649742505628014,0.07924310843290402,False,True,0.5548529983234264
1e-12,0.7,1000000000.0,gate,1.280843471707998,1.3463785171468987,2.122363959545465,2.059183524333808,2.5507803458521336,11.41019761672136,1.2819941815370377,1.9844240480517128,3.182909760574927,0.10038996163973721,0.01979316087733379,0.029792575730510768,0.0004918342556031668,0.01,0.009999414853176979,0.5266324803075074,0.07884284871434023,False,True,0.5548529983234264
1e-12,0.7,1000000000.0,gate,1.2080345251482947,1.3463785171468987,2.3145860560130687,2.099717442978906,3.8648436148876333,37.56698868333317,1.4001530947190293,2.040425639415589,4.9600445447160535,0.11339465830104521,0.021581026459968542,0.04158057632264601,0.02372628220119881,0.02,0.01999954986267747,0.7262969380323402,0.07850521064142166,False,True,0.5548529983234264
1e-12,0.7,3000000000.0,gate,1.2621738725716622,1.386779267460252,2.0964127316845023,2.0443874228435797,2.2022398753676806,3.7091851072248105,1.0,2.0451734789802334,2.125219276944841,0.0006752669783868706,0.010592494699483283,0.010592494699483283,0.000647955259392232,0.0,0.0,0.0,0.03853754283079065,False,False,0.8117921831436476
1e-12,0.7,3000000000.0,gate,1.2437395966768692,1.386779267460252,2.1321419655097014,2.074944958205495,2.2280066537432006,3.536342853255997,1.3047885854594783,2.0618763882191358,2.559621006650764,0.08845372617649895,0.010832292749897304,0.01583209751316136,0.0006502594472135941,0.005,0.004999804763264055,0.481133435991536,0.03834921911742549,False,False,0.8117921831436476
1e-12,0.7,3000000000.0,gate,1.2257920565860512,1.386779267460252,2.193936340149667,2.104079537801501,2.4121704690611563,6.917654303709154,1.3844459411899792,2.07752114042749,3.9552642123139723,0.12531071556944176,0.011072730593524018,0.02107245828378651,0.0006515699154961648,0.01,0.009999727690262496,0.6730013421396299,0.03816637991278738,False,False,0.8117921831436476
1e-12,0.7,3000000000.0,gate,1.1488363007057207,1.386779267460252,2.3186017442489635,2.1669572274580187,3.141454744818411,20.704204130755702,1.5059862060139984,2.141487730059103,5.0035825068359365,0.14723486502819547,0.012145448976783761,0.032145814886777646,0.027003201159819284,0.02,0.020000365909993885,0.9087855100700799,0.03738206834274163,False,False,0.8117921831436476
1e-12,0.8,1000000000.0,gate,1.3851054058892358,1.3463785171468987,2.0040028341062173,1.9456661754674676,2.398558142239498,11.132693388640178,1.0,1.9262404793699333,2.01909697365747,0.0030492791122067706,0.017048189783239232,0.017048189783239232,0.0005036011289687273,0.0,0.0,0.0,0.06934935987738454,False,False,0.5548529983234264
1e-12,0.8,1000000000.0,gate,1.365267401382773,1.3463785171468987,2.0343777142648323,1.9892360632926231,2.4381011678031244,10.868965653691733,1.0632107792319982,1.9394681693926594,2.33701424331231,0.03941871870254266,0.017435121776500678,0.02243480638694578,0.0005042982556039854,0.005,0.0049996846104451,0.3967680900480912,0.0689929551703987,False,False,0.5548529983234264
1e-12,0.8,1000000000.0,gate,1.345994048735929,1.3463785171468987,2.074610781041409,2.0139760146400265,2.424261622116888,9.742123126664445,1.3743069757221118,1.9538352665019325,3.241956495843289,0.08446652359676052,0.017822815828521094,0.027822306356918233,0.0005035345473965799,0.01,0.009999490528397138,0.5599497795904409,0.0696375688421893,False,False,0.5548529983234264
1e-12,0.8,1000000000.0,gate,1.2674391693535874,1.3463785171468987,2.1944876359358734,2.0492425790439546,2.5653838755772838,11.58615761411685,2.1827840271151766,2.009410881794443,5.0093975284166055,0.09405799769712046,0.019469910363087237,0.03946959351854791,0.024637332672755776,0.02,0.019999683155460676,0.7646623955382118,0.06830265025273582,False,True,0.5548529983234264
1e-12,0.8,3000000000.0,gate,1.336344089188604,1.386779267460252,2.0425278335676484,2.0037858521051493,2.14722832699506,3.459503293834489,1.0,2.0030087157560983,2.063402676305701,0.00033353399019528325,0.009417553909413219,0.009417553909413219,0.000656611757816587,0.0,0.0,0.0,0.033628142929828665,True,False,0.8117921831436476
1e-12,0.8,3000000000.0,gate,1.3167684641939275,1.386779267460252,2.0781022921154415,2.035883699527622,2.1716019699913085,3.217179978217215,1.4072223227986609,2.018835125247471,2.5171754163934583,0.0629332296340255,0.009630804974760505,0.014630638338974452,0.0006597282548646799,0.005,0.0049998333642139485,0.5102648835095561,0.033464621906878066,False,False,0.8117921831436476
1e-12,0.8,3000000000.0,gate,1.2976750537902613,1.386779267460252,2.1431074315865017,2.065412619851005,2.3881069438610854,7.417393960019757,1.3758338467611348,2.034085307382102,4.0184144284303915,0.09864280844355007,0.009844940296985814,0.019844733023626965,0.0006617067728558311,0.01,0.009999792726641149,0.713736925746174,0.03330579190148912,False,False,0.8117921831436476
1e-12,0.8,3000000000.0,gate,1.2159031396921547,1.386779267460252,2.24133100016053,2.1033679128549068,2.5316524535180776,9.413049934298165,1.6681216049240597,2.0937269612206983,4.804611923210277,0.10529075387628581,0.010798781519320866,0.030799160535982657,0.02696872776423156,0.02,0.020000379016661792,0.9637867376557412,0.032623037591823854,False,False,0.8117921831436476
1e-12,0.9,1000000000.0,gate,1.4492227044735364,1.3463785171468987,1.9627950276526906,1.9140694217493113,2.338721539646339,10.657670947303329,1.0,1.8972247433944902,1.9717048796412409,0.013354399839701301,0.015504500495245842,0.015504500495245842,0.0005131839244723338,0.0,0.0,0.0,0.06139726208130491,False,False,0.5548529983234264
1e-12,0.9,1000000000.0,gate,1.428380069068069,1.3463785171468987,1.9929945365237167,1.9582066458380265,2.3762221032907713,10.332137935369195,1.0884914376351105,1.9110590227057729,2.312233016683875,0.032900563797736815,0.015856735843608444,0.020856453782611653,0.0005148581738012436,0.005,0.004999717939003209,0.41866983701936633,0.06108305336838779,False,False,0.5548529983234264
1e-12,0.9,1000000000.0,gate,1.4080674308054206,1.3463785171468987,2.035111366347827,1.9692920977496329,2.3636462530997266,9.545577403115434,1.3975109359913918,1.925438376740381,3.2701987191804407,0.0731216683456188,0.016210353334834105,0.026209905063336116,0.0005136613499352137,0.01,0.009999551728502011,0.5871408890505242,0.06163428820252007,False,False,0.5548529983234264
1e-12,0.9,1000000000.0,gate,1.3239262768419526,1.3463785171468987,2.2245139326612007,2.004268486301512,3.9682055567430528,43.490700181373874,1.4087426554465678,1.978837957146881,4.738814961939858,0.08000863876001216,0.01773837645078935,0.03773822469468972,0.02548613228079655,0.02,0.019999848243900373,0.801118143848743,0.060455649122623946,False,False,0.5548529983234264
1e-12,0.9,3000000000.0,gate,1.4066121119454138,1.386779267460252,1.995487408664636,1.9678987787503603,2.1008641566860176,3.2824154084255937,1.0013279588177655,1.9648908693823615,2.0097317874255216,0.00018976716654035066,0.008477277086651825,0.008477277086651825,0.0006645121430196939,0.0,0.0,0.0,0.029827295388646296,False,False,0.8117921831436476
1e-12,0.9,3000000000.0,gate,1.3859469633219441,1.386779267460252,2.0308243566439477,2.0016973290869546,2.1224416715761913,2.9288584940880247,0.0,1.979792598381584,2.474815180450371,0.048586603650177355,0.008669371252338944,0.013669227805863654,0.0006673799611607664,0.005,0.004999856553524713,0.5378165740034053,0.029682712910346378,True,False,0.8117921831436476
1e-12,0.9,3000000000.0,gate,1.3657637611048112,1.386779267460252,2.0994515398483022,2.0182591901191658,2.371648444465098,8.291850191391813,1.3177865852393045,1.9937504962307424,4.088283414872192,0.08364339017523288,0.008862482207600936,0.01886232742483785,0.0006699672389231052,0.01,0.009999845217236913,0.7522603314255578,0.02954212593327197,False,False,0.8117921831436476
1e-12,0.9,3000000000.0,gate,1.2794446202215302,1.386779267460252,2.2029695982326216,2.048192251544582,2.6301445725945864,13.013162798600082,1.8118747887013062,2.0452079782982904,4.758830069869667,0.08701615448626131,0.009721701731811663,0.02972215447898556,0.0269523489674728,0.02,0.020000452747173898,1.0157760700824416,0.02893735293694897,False,False,0.8248561885326507
1e-12,1.0,1000000000.0,gate,1.510616857669977,1.3463785171468987,1.9260234535835554,1.8846321641142565,2.28661625702515,10.281376391202379,1.0,1.8707628459369698,1.933172129036767,0.22156237336974935,0.01421742698266537,0.01421742698266537,0.0005213989352260005,0.0,0.0,0.0,0.055076697796657935,False,False,0.5548529983234264
1e-12,1.0,1000000000.0,gate,1.488797963097142,1.3463785171468987,1.9542710599444792,1.9195026756447968,2.277998879564271,9.036572195685343,1.09193305056511,1.8846759900464882,2.2881677320137728,0.08836110449610175,0.014540865568965512,0.019540605715791578,0.0005219634789007994,0.005,0.004999740146826068,0.438355931958484,0.05556189984257545,False,False,0.5548529983234264
1e-12,1.0,1000000000.0,gate,1.4675023544826702,1.3463785171468987,1.9997519223892646,1.9292371769839607,2.3063341410040494,9.289254790138077,1.4254520674440032,1.8985732280817909,3.293346057238978,0.07906164871526006,0.014865889600992298,0.02486549744805964,0.0005224676207957541,0.01,0.00999960784706734,0.6131183774256972,0.05527614947976874,False,False,0.5548529983234264
1e-12,1.0,1000000000.0,gate,1.3778589662350593,1.3463785171468987,2.115612602175204,1.9635787575653667,2.61402548562113,15.145358232749684,2.0981019735661,1.9481938977080677,4.613077240155705,0.07066707456859907,0.016295735151662903,0.03629574092677811,0.02636652858151227,0.02,0.02000000577511521,0.8358305352408811,0.05420214737296059,False,False,0.5548529983234264
1e-12,1.0,3000000000.0,gate,1.4735350765275588,1.386779267460252,1.9538700598682184,1.933522354914861,2.061519640895587,3.2270748977577086,1.0026978272857427,1.9297911431511185,1.9625830100854582,0.00014153368738440368,0.007707741482773151,0.007707741482773151,0.0006708843533897326,0.0,0.0,0.0,0.026797779203551326,False,False,0.8117921831436476
1e-12,1.0,3000000000.0,gate,1.4518215182251604,1.386779267460252,1.9889887323127091,1.9628273418193973,2.080826376234197,2.922470208889102,0.0,1.9431107451938565,2.438988986172435,0.03896882495472656,0.00788259521237536,0.012882471489732752,0.0006738301551262028,0.005,0.004999876277357393,0.5640196393384243,0.026668179129131678,False,False,0.8117921831436476
1e-12,1.0,3000000000.0,gate,1.4306018302570729,1.386779267460252,2.061241977011814,1.9718480734234514,2.3630030525136667,9.348110700577669,1.2613593503185714,1.9553155356045795,4.124903430022544,0.07439945455920474,0.008058471282125123,0.018058357769315005,0.0006767046044167865,0.01,0.009999886487189883,0.7888971988956818,0.02654198600406298,False,False,0.8117921831436476
1e-12,1.0,3000000000.0,gate,1.3397674791439738,1.386779267460252,2.19411566612922,1.9998051664513423,3.099927607503634,24.699346772708193,0.9040907695462183,1.996773305464443,4.544501469236722,0.07419193863246426,0.008842443263529886,0.028843030045289642,0.02703574362089417,0.02,0.02000058678175976,1.0650854157513505,0.02599692503374019,False,False,0.8648732299261469
1.3572088082974531e-12,0.7,1000000000.0,gate,1.4583837577134373,1.3463785171468987,1.991624296747026,1.9030523724306887,2.6912804158655175,19.496130731237077,1.0005882063252065,1.8524056131400923,2.0478430484622505,0.05432275064659681,0.029333019539736046,0.029333019539736046,0.0004329182123032933,0.0,0.0,0.0,0.15125132241813657,False,True,0.7530513766348059
1.3572088082974531e-12,0.7,1000000000.0,gate,1.438374756644422,1.3463785171468987,2.019320012544029,1.9486178326256844,2.74966741539795,19.54151414079256,1.011395722469531,1.8647496202159024,2.2198570830964846,0.050301297966075346,0.029989806727727417,0.034989327799894714,0.0004319294589595845,0.005,0.004999521072167302,0.29991644994660743,0.15043744344804685,False,True,0.7530513766348059
1.3572088082974531e-12,0.7,1000000000.0,gate,1.418887651237426,1.3463785171468987,2.0530268443740134,1.9784690929650925,2.806056959398361,19.857448676560082,1.0834841082288234,1.8770647347418148,2.700629074026418,0.10328800809135576,0.03064847444787751,0.04064761811007431,0.0004298437462672965,0.01,0.009999143662196796,0.41956561769741446,0.1496471197030936,False,True,0.7530513766348059
1.3572088082974531e-12,0.7,1000000000.0,gate,1.3568438721270502,1.3463785171468987,2.240940234558923,2.0074932319144705,3.5977990235927635,34.958623873162495,1.6173817487101474,1.9175661250119045,5.364204129030864,0.11546763289187595,0.032819623307450314,0.0528185486526828,0.014181618377163122,0.02,0.01999892534523248,0.5783815868393429,0.1473308320908977,False,True,0.7530513766348059
1.3572088082974531e-12,0.7,3000000000.0,gate,1.3409380751176059,1.386779267460252,2.058474397648213,1.9949388615303696,2.3965759875769024,9.611525955056175,1.0,1.9786613277005174,2.0826962289106694,0.001463097570514851,0.017637087092412785,0.017637087092412785,0.0005986993200116931,0.0,0.0,0.0,0.0712482909763946,False,False,1.101771501469577
1.3572088082974531e-12,0.7,3000000000.0,gate,1.3218245083584745,1.386779267460252,2.0911742388531422,2.0337860312684475,2.434252326832631,9.433648978572265,1.0712773464798957,1.993109338450836,2.409818085722283,0.0629250760984631,0.018033302503834007,0.023032977031778017,0.0005995834504108847,0.005,0.004999674527944011,0.36975621145683735,0.0709036404021339,False,True,1.101771501469577
1.3572088082974531e-12,0.7,3000000000.0,gate,1.3032039602631271,1.386779267460252,2.137339087470131,2.0699281637876057,2.4736567187023324,9.305077640710461,1.4009375194141853,2.007732320034606,3.287860546557339,0.10700648945271185,0.018430714986016245,0.028430177041903173,0.0005989966567777512,0.01,0.00999946205588693,0.5172487769663592,0.07056862821673772,False,True,1.101771501469577
1.3572088082974531e-12,0.7,3000000000.0,gate,1.2295172701079247,1.386779267460252,2.28219587057662,2.1131690968463963,2.8273236702068174,15.414990754262968,1.7647935039875704,2.063925900605162,5.418721409328826,0.12457143081272005,0.02005955008415026,0.0400591435113666,0.023251074134422917,0.02,0.019999593427216338,0.7071298976195841,0.0702824757300002,False,True,1.101771501469577
1.3572088082974531e-12,0.8,1000000000.0,gate,1.5195317044153576,1.3463785171468987,1.95246792773398,1.8721566630154645,2.6362812088779224,19.27898671715577,1.0007533168702314,1.829968838461832,1.9994222812606133,0.1754209342877672,0.026828635690916407,0.026828635690916407,0.00044754468758227245,0.0,0.0,0.0,0.1313246150993856,False,True,0.7530513766348059
1.3572088082974531e-12,0.8,1000000000.0,gate,1.498503465453806,1.3463785171468987,1.980239459886434,1.919417649671102,2.6906136576552533,19.184523842587662,1.0195292081571479,1.8423515784392248,2.1905405278006245,0.12164206197701699,0.027430895300382955,0.03243044763883185,0.00044640679497833565,0.005,0.004999552338448894,0.3135945359704503,0.13062507091378775,False,True,0.7530513766348059
1.3572088082974531e-12,0.8,1000000000.0,gate,1.478011437478647,1.3463785171468987,2.0147095844586844,1.9380380994251318,2.74780413662749,19.799356135123787,1.0888386784312343,1.854801761370806,2.718337331202095,0.14138306481861604,0.028035433537825137,0.038034647755605576,0.0004458102467027074,0.01,0.009999214217780437,0.4399488062951746,0.12994494795860342,False,True,0.7530513766348059
1.3572088082974531e-12,0.8,1000000000.0,gate,1.4078071577335893,1.3463785171468987,2.1607511924786125,1.9676315483220854,2.758759283177086,18.036231906026945,2.0731302937426825,1.897518685005451,5.277543361356502,0.10549450297684661,0.03018610128428827,0.050185220091603075,0.017102019289854633,0.02,0.0199991188073148,0.608485479210583,0.1278080943093416,False,True,0.7530513766348059
1.3572088082974531e-12,0.8,3000000000.0,gate,1.4110251847285178,1.386779267460252,2.0093419372839425,1.9563787793712994,2.3311751377404306,9.188518118257896,1.0,1.9419657406798403,2.026591327745613,0.0012124430909150172,0.015847715789565307,0.015847715789565307,0.0006116644732851828,0.0,0.0,0.0,0.06208283624431886,False,False,1.101771501469577
1.3572088082974531e-12,0.8,3000000000.0,gate,1.3907961823177681,1.386779267460252,2.041948540402752,1.9963940558124171,2.3660680423650726,8.918217501161214,1.095459292836353,1.9564895059564618,2.37115545421182,0.04383616210966275,0.01620428760099858,0.021203995153081523,0.0006122587559634615,0.005,0.004999707552082942,0.3900673279389626,0.0617841648656688,False,False,1.101771501469577
1.3572088082974531e-12,0.8,3000000000.0,gate,1.3710898425904776,1.386779267460252,2.0887374879362315,2.024958409676763,2.403464607406698,8.926744318818356,1.4764145336404835,1.9713529632662896,3.3415766159374836,0.08760115746389237,0.016562286509339594,0.02656182205025493,0.0006100282149809482,0.01,0.009999535540915339,0.5502739804399615,0.06149326751624475,False,False,1.101771501469577
1.3572088082974531e-12,0.8,3000000000.0,gate,1.290713210229687,1.386779267460252,2.2362546370939382,2.059614314494714,2.873962872502484,17.93878561380168,2.0332739330323157,2.027415924813373,5.052410398543041,0.09934444415432446,0.01807403652615671,0.03807383418556393,0.024650131554809603,0.02,0.019999797659407223,0.7449625370757792,0.06119752218942713,False,True,1.101771501469577
1.3572088082974531e-12,0.9,1000000000.0,gate,1.5782899073226706,1.3463785171468987,1.9172068446932158,1.844417276338066,2.582864665379655,18.973810140877283,1.0007179595979974,1.8090939377533812,1.9592620865993966,0.8357727295019681,0.024719944350645357,0.024719944350645357,0.0004596698725105314,0.0,0.0,0.0,0.11600083468841649,False,True,0.7530513766348059
1.3572088082974531e-12,0.9,1000000000.0,gate,1.5562737905693984,1.3463785171468987,1.945130316786229,1.88963531997191,2.637255938734517,18.933745256891964,1.0227085577968351,1.8213346941772908,2.1644531042420803,0.4508757004434402,0.025276388096753345,0.03027596900661292,0.0004587863823626633,0.005,0.004999580909859574,0.32668727002485465,0.11538836418348793,False,True,0.7530513766348059
1.3572088082974531e-12,0.9,1000000000.0,gate,1.5348804089983,1.3463785171468987,1.9703606868073926,1.9009844380604068,2.5306647514286196,15.742668261890968,1.120518945981735,1.8333976103299745,2.7392049083554926,0.3556392472754701,0.025833917297084612,0.03583319134201965,0.0004574068584642164,0.01,0.009999274044935037,0.4609640195353035,0.1147884607012041,False,True,0.7530513766348059
1.3572088082974531e-12,0.9,1000000000.0,gate,1.45789614500551,1.3463785171468987,2.1321079750637977,1.930995974169512,2.870873932710057,21.715319939775572,2.3643338285378133,1.8778251101268446,4.908477727642392,0.13318001578221977,0.027912732589591576,0.047911811533798934,0.01909799417030742,0.02,0.019999078944207355,0.63277909192356,0.11464192333353575,False,True,0.7530513766348059
1.3572088082974531e-12,0.9,3000000000.0,gate,1.4777882332616743,1.386779267460252,1.9659639375314881,1.9211354848439413,2.271933100287677,8.789922531952497,1.0,1.9086204932480393,1.976960036794747,0.004622904056329072,0.014388328808892492,0.014388328808892492,0.000622086806418741,0.0,0.0,0.0,0.05500112726858254,False,False,1.101771501469577
1.3572088082974531e-12,0.9,3000000000.0,gate,1.4564764342524168,1.386779267460252,1.9986035851740536,1.9635566189857963,2.306656375317975,8.456637401508248,1.1210982249505093,1.9235833395170219,2.3395895944996465,0.033346635112012225,0.01471280297490123,0.0197125391950948,0.0006225190430872151,0.005,0.00499973622019357,0.40936252441316506,0.054737589396208465,False,False,1.101771501469577
1.3572088082974531e-12,0.9,3000000000.0,gate,1.4357237580634632,1.386779267460252,2.0468112943259436,1.9782574978208758,2.3393206914443594,8.689791905688603,1.5141907229643459,1.9379383120977063,3.364174642024363,0.07583640134102657,0.01503846629812625,0.025038064197774386,0.0006222827607262151,0.01,0.009999597899648138,0.5774823366946426,0.05448095616106739,False,False,1.101771501469577
1.3572088082974531e-12,0.9,3000000000.0,gate,1.3500188752736146,1.386779267460252,2.1822549021926068,2.0120637702658613,2.690630363454562,15.317608286390794,1.855638064798856,1.991318366616445,4.848025008038281,0.08476536129816975,0.016432643715250685,0.03643258233441535,0.025236844025098102,0.02,0.019999938619164662,0.7812856039536359,0.05419335570590196,False,False,1.101771501469577
1.3572088082974531e-12,1.0,1000000000.0,gate,1.6349124124789476,1.3463785171468987,1.8851204043077257,1.8182183410734076,2.5328406775309134,18.67417629187518,1.000648631655313,1.7886595841671153,1.920704511146034,0.9885705955254199,0.022919822157111795,0.022919822157111795,0.00047015365031022766,0.0,0.0,0.0,0.10385840526237522,False,True,0.7530513766348059
1.3572088082974531e-12,1.0,1000000000.0,gate,1.6119889203180982,1.3463785171468987,1.912895681086941,1.8567927703510474,2.5864962675888017,18.79139852790013,1.0207841391189603,1.8006532395636388,2.1462615525274815,0.8614209404897951,0.023436470105500973,0.028436078953034592,0.0004695082805210602,0.005,0.004999608847533619,0.34221562785011966,0.10331377046772552,False,True,0.7530513766348059
1.3572088082974531e-12,1.0,1000000000.0,gate,1.5896572917036296,1.3463785171468987,1.9393628878548383,1.8677389061777172,2.4808440787468444,15.573271737254851,1.1250226713656608,1.8127774930468237,2.7588450272604086,0.868936560125029,0.023954769848166173,0.03395409746938869,0.00046824203399133314,0.01,0.009999327621222517,0.4787042933638099,0.10277999405205727,False,True,0.7530513766348059
1.3572088082974531e-12,1.0,1000000000.0,gate,1.5058588334184324,1.3463785171468987,2.058132573902031,1.8979260237920408,2.5901533381689688,16.568353339185883,1.8400319564853742,1.859138575059508,4.850513500048839,0.4480021255410496,0.025974067549987132,0.04597335666830359,0.020947078020248765,0.02,0.01999928911831646,0.6559724464435523,0.10253531067530952,False,True,0.7530513766348059
1.3572088082974531e-12,1.0,3000000000.0,gate,1.5416516060938856,1.386779267460252,1.9272300290791506,1.8890030440454246,2.2207116744842152,8.478659203130045,1.0,1.8784881602459202,1.9340357553671121,0.10280044072102987,0.01317536924274346,0.01317536924274346,0.0006306929839495427,0.0,0.0,0.0,0.0493662851118145,False,False,1.101771501469577
1.3572088082974531e-12,1.0,3000000000.0,gate,1.5193267835275854,1.386779267460252,1.9594027591766883,1.926579906257513,2.254384583307379,8.241293716745501,1.1287266813358041,1.8931327989747582,2.3119362112526054,0.055450845553128465,0.013472986211282017,0.01847274886478064,0.0006299922861364814,0.005,0.004999762653498622,0.4314117522092151,0.049130320363984764,False,False,1.101771501469577
1.3572088082974531e-12,1.0,3000000000.0,gate,1.497581332140313,1.386779267460252,2.009551198975054,1.9364992321864638,2.2817630437147103,8.463615926822818,1.5535334405448158,1.906741638985393,3.398046277502417,0.06979836293937684,0.013771475241787942,0.02377112756780891,0.000632339690269242,0.01,0.009999652326020967,0.6034640840630652,0.04890100932416194,False,False,1.101771501469577
1.3572088082974531e-12,1.0,3000000000.0,gate,1.4072393525534774,1.386779267460252,2.1571749643850437,1.9688924852359813,2.9660902553370265,22.771932584580224,1.5910743399991139,1.9560636745416244,4.79323195106497,0.0744440773168663,0.01505855849684556,0.035058554164052014,0.025539697815342075,0.02,0.01999999566720646,0.8161546528083263,0.04862861677841302,False,False,1.101771501469577
1.842015749320193e-12,0.7,1000000000.0,gate,1.6860721410533293,1.3463785171468987,1.9143318669971154,1.7974498622529145,2.9402789419121147,29.408171053590358,1.0,1.7096043538448653,2.05242170141332,0.9749060071666725,0.04188568828784255,0.04188568828784255,0.00035998682630173024,0.0,0.0,0.0,0.2933906920969015,False,True,1.0220479614692815
1.842015749320193e-12,0.7,1000000000.0,gate,1.6639025839929809,1.3463785171468987,1.9397537307911292,1.8427539522231806,3.0114109362509556,29.678669330121,1.0026831567121233,1.7205433549183613,2.0899054119564844,0.8182941266103095,0.0428114510647373,0.047810863961009274,0.00035764602166831985,0.005,0.00499941289627197,0.24700209659351027,0.2916918041174081,False,True,1.0220479614692815
1.842015749320193e-12,0.7,1000000000.0,gate,1.6423520744337028,1.3463785171468987,1.9681515744744618,1.8618090863577197,3.0847822412521344,30.609930546539108,1.0208176951312269,1.7312084053719972,2.365838095608875,0.7928110191470717,0.04373907848228582,0.053737997901703916,0.00035468108820466783,0.01,0.009998919419418103,0.34833072625394645,0.29004357070412284,False,True,1.0220479614692815
1.842015749320193e-12,0.7,1000000000.0,gate,1.6008098150231185,1.3463785171468987,2.049677940388738,1.8803569017134112,3.0660120631323005,28.495529491280738,1.2574068135762546,1.7522399453430477,4.508431116572675,0.6076493949388181,0.04560310148107004,0.06560125712824456,0.0003477805820909952,0.02,0.01999815564717453,0.4824450418784077,0.28555172469983037,False,True,1.0220479614692815
1.842015749320193e-12,0.7,3000000000.0,gate,1.47461844388599,1.386779267460252,2.0137078108195596,1.917893238880326,2.8330531598910804,22.387443334974748,1.0,1.8766083749051468,2.0215434575958,0.026738647158465415,0.027634509762472732,0.027634509762472732,0.0005328357182780808,0.0,0.0,0.0,0.1348666564437444,False,True,1.495333986525622
1.842015749320193e-12,0.7,3000000000.0,gate,1.4543083111535875,1.386779267460252,2.0319416714777234,1.9635284362415906,2.6979940305995096,17.80591030663011,1.0168723547459224,1.889245122002883,2.249624158574079,0.0401384826825058,0.028248809418361408,0.033248353534769855,0.0005316071249505891,0.005,0.004999544116408444,0.2930136071160996,0.13407712691585824,False,True,1.495333986525622
1.842015749320193e-12,0.7,3000000000.0,gate,1.4345094059149743,1.386779267460252,2.068861579546685,1.997133426380333,2.752820812840894,17.993460749924008,1.1188002358138087,1.9018790712856035,2.778975493723061,0.0943597079116725,0.02886515822731744,0.03886435003880885,0.0005301357642118669,0.01,0.009999191811491415,0.40993796333574967,0.13342055077562245,False,True,1.495333986525622
1.842015749320193e-12,0.7,3000000000.0,gate,1.3691316232319253,1.386779267460252,2.2164140258774565,2.0269717181156723,2.8305996656506673,17.861095968629424,2.1144494358591306,1.9450057090522386,5.6108435476018474,0.11438282271292537,0.030963213641310668,0.05096220037146263,0.015558192232399348,0.02,0.019998986730151963,0.5643690995057589,0.1312940622406164,False,True,1.495333986525622
1.842015749320193e-12,0.8,1000000000.0,gate,1.739406525577867,1.3463785171468987,1.884634664006919,1.7722978745010018,2.9154298984733,29.879489876007426,1.000027807607822,1.6969390745033748,2.0049688381705626,0.9835031892554,0.039041027371649877,0.039041027371649877,0.00037715715980482165,0.0,0.0,0.0,0.25396088438110226,False,True,1.0220479614692815
1.842015749320193e-12,0.8,1000000000.0,gate,1.7163308411588112,1.3463785171468987,1.8980768296371018,1.8176781855703672,2.837587985108828,26.4698779637047,1.0065338896811586,1.708039319700069,2.0417674178569185,0.8800413949031901,0.039906124609765135,0.044905566035936824,0.0003750644413257509,0.005,0.004999441426171688,0.257864187259503,0.2513198400593647,False,True,1.0220479614692815
1.842015749320193e-12,0.8,1000000000.0,gate,1.6938471504276276,1.3463785171468987,1.9267514175817455,1.8307408225873771,2.903409898984753,27.424835772619502,1.0242092335976543,1.7192107565583503,2.3611042820619415,0.8551747783691543,0.040773882373437674,0.05077285638107107,0.00037231820345466984,0.01,0.009998974007633391,0.36077526331202947,0.24992980677442367,False,True,1.0220479614692815
1.842015749320193e-12,0.8,1000000000.0,gate,1.6506533587763996,1.3463785171468987,2.043876954089128,1.8488096238665193,3.0369709911106453,28.636810301085664,1.4532809140824612,1.7404392675277953,5.2440662906294895,0.8717069169131312,0.042515225124507,0.0625135056303223,0.0003647530526719918,0.02,0.019998280505815307,0.5037870561821002,0.24726838110754432,False,True,1.0220479614692815
1.842015749320193e-12,0.8,3000000000.0,gate,1.5387355724338512,1.386779267460252,1.9601571467732741,1.8834116507650533,2.582148014415064,17.56007704856349,1.0,1.84917032834315,1.9733369273543395,0.09528250968604596,0.025206440470082334,0.025206440470082334,0.0005489721173872349,0.0,0.0,0.0,0.11715807956499816,False,True,1.495333986525622
1.842015749320193e-12,0.8,3000000000.0,gate,1.5173528238581038,1.386779267460252,1.9898275647750108,1.9302696912613342,2.633655580554914,17.41334365354713,1.025587776917008,1.8618580850966793,2.2168259638956376,0.07189577928751381,0.02576838134483758,0.030767958955680488,0.0005482993248116521,0.005,0.004999577610842907,0.30679321348174304,0.11657643497349217,False,True,1.495333986525622
1.842015749320193e-12,0.8,3000000000.0,gate,1.496579530253653,1.386779267460252,2.0269812735364607,1.9530569301061376,2.689149320954704,17.889020180996823,1.1297903711619959,1.8743173373673483,2.8061860533384593,0.10453080831408663,0.026331212487171463,0.03633047240986316,0.000545323772220045,0.01,0.009999259922691699,0.43274369164502646,0.11601076691090435,False,True,1.495333986525622
1.842015749320193e-12,0.8,3000000000.0,gate,1.423033506043864,1.386779267460252,2.1590049107521847,1.9839581754271467,2.660028211178732,15.425598377290603,2.0085276430959684,1.9200896053433918,5.175935958083671,0.09911205433356937,0.028386820630521017,0.048385914670788274,0.018308504060984575,0.02,0.019999094040267257,0.5944235330982438,0.11406723987947437,False,True,1.495333986525622
1.842015749320193e-12,0.9,1000000000.0,gate,1.7911143728882337,1.3463785171468987,1.8459261986077042,1.749312901664848,2.7447856732357554,26.565562373000855,1.0004759143778021,1.6847524577849815,1.961950646508753,0.9881341436300883,0.03656225767419311,0.03656225767419311,0.00039204585035958455,0.0,0.0,0.0,0.22266045458888828,False,True,1.0220479614692815
1.842015749320193e-12,0.9,1000000000.0,gate,1.7671396745351944,1.3463785171468987,1.870974876001976,1.790640449101868,2.808941505375385,26.81094987054219,1.0051403464509892,1.6956089683914477,2.0170019896578197,0.9124611315777793,0.03737472177052672,0.04237418767456989,0.00039000725257457784,0.005,0.004999465904043167,0.26645439419853006,0.22141758733772107,False,True,1.0220479614692815
1.842015749320193e-12,0.9,1000000000.0,gate,1.7437821920887808,1.3463785171468987,1.9001227636259588,1.8028237847811068,2.873696118407248,27.762591299656464,1.0239921551009312,1.7066704126448076,2.361525230394206,0.8830348025867722,0.03818964607144951,0.04818867248908615,0.0003877085490540997,0.01,0.009999026417636642,0.37278300651419494,0.22021168972052285,False,True,1.0220479614692815
1.842015749320193e-12,0.9,1000000000.0,gate,1.6929225755418356,1.3463785171468987,2.0567220763158125,1.8217617658002399,3.112131036761702,30.905968992746356,1.7082005018391881,1.7301385214076423,5.415194149912568,0.8983455430843683,0.04003508668977926,0.06003360748199399,0.0025965556307418693,0.02,0.01999852079221473,0.5191602931181042,0.21702980078282522,False,True,1.0220479614692815
1.842015749320193e-12,0.9,3000000000.0,gate,1.600252002842702,1.386779267460252,1.9223801031922079,1.852352934161581,2.524023101049129,17.211580729713727,1.0,1.8231983791616482,1.9303863949904307,0.5713030373863116,0.0231722214500716,0.0231722214500716,0.0005626777531937965,0.0,0.0,0.0,0.10360113520569086,False,True,1.495333986525622
1.842015749320193e-12,0.9,3000000000.0,gate,1.5778662058414765,1.386779267460252,1.9521774659530653,1.9007296293886704,2.5770387139890842,17.065927168131413,1.0346650156107042,1.835875576585083,2.1866341144486574,0.2715886330749871,0.023689747971739582,0.028689351979945796,0.0005613607237715902,0.005,0.004999604008206215,0.31997072417264655,0.10309071180780464,False,True,1.495333986525622
1.842015749320193e-12,0.9,3000000000.0,gate,1.5560878346243534,1.386779267460252,1.9900761992973317,1.9135845930211834,2.6258371954396282,17.63064907107234,1.1351573679124,1.848659784281076,2.8236631563440353,0.2401127839988324,0.024208711234446626,0.03420803102647049,0.0005603317729550837,0.01,0.009999319792023868,0.4513169448730168,0.10259411141842734,False,True,1.495333986525622
1.842015749320193e-12,0.9,3000000000.0,gate,1.4762866880774432,1.386779267460252,2.129479869712334,1.9442580320057465,2.602861573042596,15.235421874821512,2.1129511701542523,1.8957130892291656,5.116921594130676,0.09860875949584168,0.02617213397723564,0.04617140712102491,0.01981464716094603,0.02,0.01999927314378927,0.6190657094592679,0.10083356473042591,False,True,1.495333986525622
1.842015749320193e-12,1.0,1000000000.0,gate,1.8413366377398375,1.3463785171468987,1.820664620602882,1.727815711755638,2.715107240495339,26.712800439175822,1.0004571097251351,1.67203874939173,1.922082295550866,0.9909421956930443,0.03438239150881054,0.03438239150881054,0.00040481768146966675,0.0,0.0,0.0,0.19888206300430153,False,True,1.0220479614692815
1.842015749320193e-12,1.0,1000000000.0,gate,1.8164977955821822,1.3463785171468987,1.8458153125990897,1.7657080047069071,2.7778309630929447,27.011518146912934,1.0031914182008264,1.6833678946103883,1.9963522142828958,0.9337207938325319,0.03514825246362453,0.04014774115774132,0.0004031303691230459,0.005,0.0049994886941167865,0.2747647351497921,0.19778392835021083,False,True,1.0220479614692815
1.842015749320193e-12,1.0,1000000000.0,gate,1.7923560118963422,1.3463785171468987,1.8749313104022047,1.7767958519549707,2.842984164647867,28.012541828534495,1.0274757567113464,1.6943742633112941,2.371882606465634,0.9049772209184267,0.03591566398670668,0.04591473818062132,0.0004001614550005261,0.01,0.009999074193914636,0.3875795589542814,0.196716360474795,False,True,1.0220479614692815
1.842015749320193e-12,1.0,1000000000.0,gate,1.7314390771480253,1.3463785171468987,2.028356952918467,1.7975658354648896,2.8489055182836864,25.533046382217922,2.0892249487022925,1.7207785543419842,5.2475508929860055,0.9170844490259739,0.03791901313944496,0.05791731051549768,0.00650420190130609,0.02,0.01999829737605272,0.5334465572571219,0.19361583044609074,False,True,1.0220479614692815
1.842015749320193e-12,1.0,3000000000.0,gate,1.659479227098456,1.386779267460252,1.8882545339888062,1.824254062877173,2.4727248720174706,16.917409310818467,1.0,1.7990964251716617,1.894865081620266,0.9921861757724711,0.021442642566712966,0.021442642566712966,0.0005743075142691977,0.0,0.0,0.0,0.09284017005311015,False,True,1.495333986525622
1.842015749320193e-12,1.0,3000000000.0,gate,1.6361425602659443,1.386779267460252,1.9177175991089472,1.8676284979991942,2.523215653269225,16.840296909279015,1.0366689414935926,1.812033535533863,2.1643712690059806,0.8510366242303494,0.02192236302996981,0.026921995597262986,0.0005731831412082875,0.005,0.0049996325672931755,0.3353571785969331,0.09238523514436456,False,True,1.495333986525622
1.842015749320193e-12,1.0,3000000000.0,gate,1.6133821955909153,1.386779267460252,1.9568379598622887,1.8779763397715181,2.569935961982809,17.419265977192488,1.139894163786494,1.824519574140121,2.8395005152052333,0.8582452952550056,0.02240393292794765,0.032403309300103406,0.0005729801995462519,0.01,0.009999376372155757,0.46914443754222324,0.0919432877980691,False,True,1.495333986525622
1.842015749320193e-12,1.0,3000000000.0,gate,1.5277220262979254,1.386779267460252,2.1032243513454394,1.9083082938945157,2.584702578136836,15.842302062831475,2.6067386205449927,1.872052926269362,4.945236866621118,0.25462588906279665,0.024277527351300673,0.04427702393797405,0.020987750412826616,0.02,0.019999496586673386,0.6427713578867714,0.09033408675007697,False,True,1.495333986525622
2.5e-12,0.7,1000000000.0,gate,2.0390229410991396,1.3463785171468987,1.8040616655331843,1.6666674826704624,2.9183763976322497,34.17873061707295,1.0,1.537776539343479,2.0242147549070566,0.9880119462155292,0.05471588451773691,0.05471588451773691,0.00027584303280226883,0.0,0.0,0.0,0.5725440089426981,False,True,1.3871324958085653
2.5e-12,0.7,1000000000.0,gate,2.0133749627216955,1.3463785171468987,1.8267601827222275,1.7051883967241868,2.984976867439297,34.511244347549514,1.00087876087773,1.5469440697473178,2.0592867505079915,0.9832675122566075,0.055909664157486806,0.06090897528458985,0.00027320639788922386,0.005,0.004999311127103049,0.2144855913663812,0.5688279972193266,False,True,1.3871324958085653
2.5e-12,0.7,1000000000.0,gate,1.988391717121913,1.3463785171468987,1.8403785017088488,1.7175319803752849,2.983852070102818,33.895364420229825,1.0026392259938384,1.5556138168381441,2.094588660952621,0.8955323121317951,0.05710658221198453,0.0671052865902957,0.00027026146466030014,0.01,0.009998704378311176,0.30013404499884766,0.5651372864427013,False,True,1.3871324958085653
2.5e-12,0.7,1000000000.0,gate,1.9402951419191272,1.3463785171468987,1.902946987394186,1.7340211177301943,3.1229977094548174,35.95606848558521,1.0587705552358972,1.5733172114300051,2.987938395836517,0.8996991674120576,0.05950969967116622,0.0795073870909055,0.0002625023794623012,0.02,0.019997687419739285,0.41579809020677483,0.5583019731822435,False,True,1.3871324958085653
2.5e-12,0.7,3000000000.0,gate,1.6926334198432986,1.386779267460252,1.9297817296422448,1.8114932887193582,2.97195914519513,29.622938625458183,1.0,1.7352094290086524,1.9904740789303113,0.9313262472075081,0.04000099213558642,0.04000099213558642,0.00045050121962124693,0.0,0.0,0.0,0.2573466867603798,False,True,2.0294804578591186
2.5e-12,0.7,3000000000.0,gate,1.670292088923255,1.386779267460252,1.9567474500361888,1.8566656574132498,3.0471267882680717,29.969838703376922,1.0025820669032992,1.7465355835386038,2.0837955053007797,0.5770558254306632,0.04087869072768492,0.04587812657653031,0.0004475032446591211,0.005,0.00499943584884538,0.241644723857177,0.2559687477663497,False,True,2.0294804578591186
2.5e-12,0.7,3000000000.0,gate,1.6485169217103766,1.386779267460252,1.9876098579520747,1.8837806315070498,3.120672852042724,30.655236999425338,1.0326876354307981,1.7577356537374544,2.4120301723451334,0.48253723628882306,0.0417590677364569,0.05175802914850058,0.0004450112150084429,0.01,0.009998961412043676,0.3381172707868811,0.2546325754304863,False,True,2.0294804578591186
2.5e-12,0.7,3000000000.0,gate,1.6065883424901026,1.386779267460252,2.086804298248532,1.9032408003832901,3.062953659437824,27.376171458265038,1.4010060020078492,1.7804407230785186,5.086689527877328,0.3984005582561651,0.043526806272862664,0.06352500820227366,0.0004366465690798398,0.02,0.019998201929411,0.46836278449386626,0.25227336848404264,False,True,2.0294804578591186
2.5e-12,0.8,1000000000.0,gate,2.0835194542216784,1.3463785171468987,1.7833352509342546,1.6477851194326156,2.921380020885911,35.180522037768206,1.0,1.5332709216358336,1.9904769945718845,0.9901581284754456,0.05199841992303549,0.05199841992303549,0.0002946144235653955,0.0,0.0,0.0,0.49440506999405753,False,True,1.3871324958085653
2.5e-12,0.8,1000000000.0,gate,2.0570607943118033,1.3463785171468987,1.7952719644157025,1.6840707023057042,2.919603391432379,33.90220561213568,1.0001317973513324,1.542502717557358,2.0183455289406376,0.9868869204392773,0.05313594504498764,0.058135283280351675,0.00029208064571885264,0.005,0.004999338235364038,0.22001309846914785,0.4911917569734223,False,True,1.3871324958085653
2.5e-12,0.8,1000000000.0,gate,2.031281648031427,1.3463785171468987,1.820230703956029,1.6959690284574496,2.9879885926254075,34.9660533749012,1.0019971409371673,1.551289394055527,2.087347474917107,0.9115232098058355,0.05427672831359823,0.06427548614956241,0.0002889976752623706,0.01,0.009998757835964179,0.30785958245262457,0.48817328587257636,False,True,1.3871324958085653
2.5e-12,0.8,1000000000.0,gate,1.9817776408366945,1.3463785171468987,1.871869123277244,1.7122471209052392,3.0088155951487514,34.121171931888156,1.076880870016543,1.5694231356427772,3.1086393862605988,0.9118852683530104,0.05656459450031893,0.07656240623902363,0.0002809489606116075,0.02,0.019997811738704702,0.42977387225762753,0.48209296151668724,False,True,1.3871324958085653
2.5e-12,0.8,3000000000.0,gate,1.7489547877182363,1.386779267460252,1.8972137379225222,1.783589949896448,2.9427974057168584,30.09877823264406,1.0,1.7188544466409699,1.9467689612190309,0.9873856549444309,0.0371696745954522,0.0371696745954522,0.0004696066198627123,0.0,0.0,0.0,0.2232122203767451,False,True,2.0294804578591186
2.5e-12,0.8,3000000000.0,gate,1.7256347623208295,1.386779267460252,1.9109366631221043,1.8300295776018076,2.8277795919949993,25.72050029860271,1.0060539547664245,1.730463034904812,2.0566623188726774,0.8635628463237728,0.037987828281516124,0.042987292059838526,0.0004676416014078461,0.005,0.004999463778322399,0.2506713996173721,0.22220443399344603,False,True,2.0294804578591186
2.5e-12,0.8,3000000000.0,gate,1.702919857206606,1.386779267460252,1.9419593647583842,1.8500795872764586,2.891818714904877,26.42547487687808,1.0390588939272405,1.7411619945307513,2.4119909407458655,0.8451953980188176,0.03880809197006968,0.04880710885562233,0.00046489756128103595,0.01,0.009999016885552652,0.35073799205776,0.22106160286599985,False,True,2.0294804578591186
2.5e-12,0.8,3000000000.0,gate,1.6572602179789364,1.386779267460252,2.133557000487739,1.869723567555984,3.2878578760090083,32.74289503994992,1.7632197516850971,1.7642879555280229,5.822382780530476,0.844794540596726,0.0405251448443233,0.06052384480546267,0.0005765868882255446,0.02,0.019998699961139375,0.4892842714534483,0.2188018276920209,False,True,2.0294804578591186
2.5e-12,0.9,1000000000.0,gate,2.1270554836237046,1.3463785171468987,1.7533927512968817,1.6300258613134142,2.8497916974384325,34.26898335058681,1.0,1.5280473678435893,1.953085467641503,0.9917044847510089,0.049544113703958406,0.049544113703958406,0.0003111429610252016,0.0,0.0,0.0,0.4344260658254327,False,True,1.3871324958085653
2.5e-12,0.9,1000000000.0,gate,2.0998023769162844,1.3463785171468987,1.7763484399151384,1.6645844709499527,2.9182983633267483,34.76756229545952,1.0,1.537284720893231,1.9867686692484172,0.9892896158973002,0.05063091729841655,0.05563027884587226,0.00030870804361760864,0.005,0.004999361547455707,0.2253906295124532,0.431759003196111,False,True,1.3871324958085653
2.5e-12,0.9,1000000000.0,gate,2.0733221708029084,1.3463785171468987,1.8013523595569758,1.6759624322740816,2.9889969923944744,35.90719221671747,1.003010120486051,1.5463568211664707,2.083968227862025,0.9222430760920415,0.05171939859939789,0.06171820678062431,0.0003053044205852293,0.01,0.009998808181226431,0.31781068618579733,0.42916811570727775,False,True,1.3871324958085653
2.5e-12,0.9,1000000000.0,gate,2.0222714369407226,1.3463785171468987,1.8563545314375125,1.6920722125892673,3.0088443562054468,34.9424755561133,1.0878143458136733,1.5643898805989283,3.2108566500677322,0.925182168403317,0.05390648724359323,0.07390439987576289,0.0002980270380591722,0.02,0.019997912632169653,0.4402434749196368,0.42391101271604253,False,True,1.3871324958085653
2.5e-12,0.9,3000000000.0,gate,1.8034728274108776,1.386779267460252,1.8545395283450905,1.7581293969433953,2.7283822676290526,25.772277799977875,1.0,1.7023120336081166,1.9075536517019045,0.9915479680158499,0.0347164560597456,0.0347164560597456,0.00048664386093507246,0.0,0.0,0.0,0.19710329868663748,False,True,2.0294804578591186
2.5e-12,0.9,3000000000.0,gate,1.7792238913841814,1.386779267460252,1.8812001224639987,1.8058631271216814,2.790502231068697,25.783747713913993,1.0094609628271618,1.7135255610467168,2.0329389540374176,0.9038622865972987,0.03548246513031127,0.04048195332678234,0.000484416617129047,0.005,0.004999488196471074,0.25937086311290236,0.19607906895715907,False,True,2.0294804578591186
2.5e-12,0.9,3000000000.0,gate,1.7556362310928817,1.386779267460252,1.912186875935243,1.8192856058529183,2.856365332458657,26.71688207062903,1.0429917915220732,1.7246959200296497,2.4102911377844287,0.8836972557133013,0.03625038364529765,0.046249454402255356,0.00048060913018372606,0.01,0.009999070756957709,0.3658020861220086,0.19508389938909357,False,True,2.0294804578591186
2.5e-12,0.9,3000000000.0,gate,1.6979185355681963,1.386779267460252,2.1193820544004676,1.8408326220489362,3.1081688734299253,29.456867902255837,1.6764826442259575,1.7525322735760847,5.385379405728736,0.8888628492272008,0.038189229433258684,0.058187787724364934,0.005565620606653075,0.02,0.019998558291106257,0.5040243950469969,0.19265114758844773,False,True,2.0294804578591186
2.5e-12,1.0,1000000000.0,gate,2.169681468301936,1.3463785171468987,1.7356113537750602,1.613513186725914,2.845289760402095,34.96096566641248,1.0,1.5221384718362956,1.9205012791861487,0.992823301837008,0.04731599641067853,0.04731599641067853,0.0003259242902345054,0.0,0.0,0.0,0.3871623840335648,False,True,1.3871324958085653
2.5e-12,1.0,1000000000.0,gate,2.141700055932008,1.3463785171468987,1.7586157105230729,1.64624075204545,2.9159537751919524,35.5662918223694,1.0,1.5317056357720744,1.9520755660613731,0.9912135155286005,0.048355662223271645,0.0533550452545966,0.0003231040049989263,0.005,0.004999383031324953,0.23241044858131185,0.3848220195088284,False,True,1.3871324958085653
2.5e-12,1.0,1000000000.0,gate,2.1144335880098524,1.3463785171468987,1.7718297247045103,1.657495415601053,2.8684495646565358,33.66740771691472,1.0034048415601118,1.5408716332453427,2.0800255440752347,0.9325842990569189,0.04939847346550508,0.05939732528724284,0.0003202816529705538,0.01,0.00999885182173776,0.32519167025828655,0.38227264810599576,False,True,1.3871324958085653
2.5e-12,1.0,1000000000.0,gate,2.0619436074659583,1.3463785171468987,1.842506480387292,1.6731610396516934,3.0073672942490846,35.671215672177816,1.1008097717775027,1.558969788287145,3.330740092924097,0.9337223215925065,0.05149246630120118,0.07149044733578509,0.0003124279216414255,0.02,0.01999798103458391,0.4504455906425138,0.3779508121764186,False,True,1.3871324958085653
2.5e-12,1.0,3000000000.0,gate,1.8563615347963072,1.386779267460252,1.8270388499167278,1.7349118565285544,2.6919312851869694,25.80339997793428,1.0,1.6862256757055432,1.8696084096450458,0.9939828554046604,0.032569515109967855,0.032569515109967855,0.0005009026475953677,0.0,0.0,0.0,0.17629070030385713,False,True,2.0294804578591186
2.5e-12,1.0,3000000000.0,gate,1.8311962777797943,1.386779267460252,1.853899621035848,1.7798485324762652,2.75567191159297,25.929190907870474,1.009502205494249,1.697349499298198,2.0116400805865005,0.9291766897384003,0.033290212034237904,0.03828972142090953,0.0004985690540442486,0.005,0.004999509386671625,0.26777542624168943,0.17538509731277427,False,True,2.0294804578591186
2.5e-12,1.0,3000000000.0,gate,1.8067531004480692,1.386779267460252,1.8853592997228459,1.791190413657165,2.8211453475984105,26.910889749620555,1.0433859775566372,1.708507778303775,2.4146407139834074,0.9049110273431592,0.03401180716121586,0.04401092685792684,0.0004965301369365816,0.01,0.009999119696710978,0.3776493053834011,0.17450526175942305,False,True,2.0294804578591186
2.5e-12,1.0,3000000000.0,gate,1.7375637082807969,1.386779267460252,2.025606499077504,1.8148607195895101,2.7894763670104976,23.70185080247781,1.7888007895263642,1.7409283262945412,5.179548932214556,0.9120366120066391,0.03611990477424751,0.05611909182498878,0.009814867502670587,0.02,0.019999187050741274,0.5225346789929053,0.17205509964041119,False,True,2.0294804578591186
