mode,description,rho_c_gcm3,mu_e,K_toroidal,m_tor,k0_poloidal,lmax_poloidal,rotation_type,Omega_c_rad_s,A_over_Req,M_Msun,VE,VE_certified,B_tor_max_G,B_pol_max_G,Bt_Bp_energy,Bt_Bp_amplitude,T_over_W,equatorial_mass_loss_ratio,is_interpolated_M2_crossing,domain_mult,notes
1_toroidal_only,field-free baseline,1000000000.0,2.0,0.0,1.0,0.0,16,none,0.0,0.0,1.3462,0.0001031,True,0.0,0.0,,,,,False,20,
1_toroidal_only,toroidal only,1000000000.0,2.0,0.0001,1.0,0.0,16,none,0.0,0.0,1.3469,0.0001023,True,3008000000000.0,0.0,,,,,False,20,
1_toroidal_only,toroidal only,1000000000.0,2.0,0.0003,1.0,0.0,16,none,0.0,0.0,1.3526,9.959e-05,True,8846000000000.0,0.0,,,,,False,20,
1_toroidal_only,toroidal only,1000000000.0,2.0,0.0006,1.0,0.0,16,none,0.0,0.0,1.3715,8.896e-05,True,16650000000000.0,0.0,,,,,False,20,
1_toroidal_only,toroidal only,1000000000.0,2.0,0.001,1.0,0.0,16,none,0.0,0.0,1.415,6.357e-05,True,24780000000000.0,0.0,,,,,False,20,
1_toroidal_only,toroidal only,1000000000.0,2.0,0.0015,1.0,0.0,16,none,0.0,0.0,1.4962,1.101e-05,True,31750000000000.0,0.0,,,,,False,20,
1_toroidal_only,toroidal only,1000000000.0,2.0,0.002,1.0,0.0,16,none,0.0,0.0,1.6053,7.964e-05,True,36380000000000.0,0.0,,,,,False,20,
1_toroidal_only,toroidal only,1000000000.0,2.0,0.0025,1.0,0.0,16,none,0.0,0.0,1.742,0.0002336,True,39580000000000.0,0.0,,,,,False,20,
1_toroidal_only,toroidal only,1000000000.0,2.0,0.003,1.0,0.0,16,none,0.0,0.0,1.9076,0.000499,True,41880000000000.0,0.0,,,,,False,20,
1_toroidal_only,toroidal only,1000000000.0,2.0,0.0031,1.0,0.0,16,none,0.0,0.0,1.9443,0.0005707,True,42255000000000.0,0.0,,,,,False,20,
1_toroidal_only,toroidal only,1000000000.0,2.0,0.0032,1.0,0.0,16,none,0.0,0.0,1.9824,0.0006499,True,42596000000000.0,0.0,,,,,False,20,
1_toroidal_only,toroidal only,1000000000.0,2.0,0.0033,1.0,0.0,16,none,0.0,0.0,2.0217,0.0007382,True,42935000000000.0,0.0,,,,,False,20,
1_toroidal_only,toroidal only,1000000000.0,2.0,0.0034,1.0,0.0,16,none,0.0,0.0,2.0623,0.0008365,True,43264000000000.0,0.0,,,,,False,20,
1_toroidal_only,toroidal only,1000000000.0,2.0,0.0035,1.0,0.0,16,none,0.0,0.0,2.1043,0.0009458,True,43562000000000.0,0.0,,,,,False,20,
1_toroidal_only,"toroidal only (NOT certified, VE>=1e-3, context only)",1000000000.0,2.0,0.004,1.0,0.0,16,none,0.0,0.0,2.3351,0.001698,False,44830000000000.0,0.0,,,,,False,20,"VE fails -- shown for context, not trustworthy"
1_toroidal_only,*** M=2 crossing (log-log interpolated between K=3.2e-3 and 3.3e-3) ***,1000000000.0,2.0,0.003245,1.0,0.0,16,none,0.0,0.0,2.0,0.00069,True,42700000000000.0,0.0,,,,,True,20,
2_poloidal_only,field-free baseline,1000000000.0,2.0,0.0,1.0,0.0,16,none,0.0,0.0,1.3462,0.0001031,True,0.0,0.0,,,,,False,10,
2_poloidal_only,poloidal only,1000000000.0,2.0,0.0,1.0,1e-13,16,none,0.0,0.0,1.3466,0.000103,True,0.0,2448000000000.0,,,,,False,10,
2_poloidal_only,poloidal only,1000000000.0,2.0,0.0,1.0,3e-13,16,none,0.0,0.0,1.3497,0.0001014,True,0.0,7375000000000.0,,,,,False,10,
2_poloidal_only,poloidal only,1000000000.0,2.0,0.0,1.0,1e-12,16,none,0.0,0.0,1.3911,7.94e-05,True,0.0,25940000000000.0,,,,,False,10,
2_poloidal_only,poloidal only,1000000000.0,2.0,0.0,1.0,1.5e-12,16,none,0.0,0.0,1.4739,3.669e-05,True,0.0,42670000000000.0,,,,,False,10,
2_poloidal_only,poloidal only,1000000000.0,2.0,0.0,1.0,1.8e-12,16,none,0.0,0.0,1.5766,1.387e-05,True,0.0,56480000000000.0,,,,,False,10,
2_poloidal_only,poloidal only,1000000000.0,2.0,0.0,1.0,2e-12,16,none,0.0,0.0,1.695,6.788e-05,True,0.0,69370000000000.0,,,,,False,10,
2_poloidal_only,poloidal only,1000000000.0,2.0,0.0,1.0,2.1e-12,16,none,0.0,0.0,1.78,0.0001035,True,0.0,77850000000000.0,,,,,False,10,
2_poloidal_only,poloidal only,1000000000.0,2.0,0.0,1.0,2.2e-12,16,none,0.0,0.0,1.8874,0.0001444,True,0.0,88330000000000.0,,,,,False,10,
2_poloidal_only,poloidal only (domain-doubling verified: M identical at 10x and 20x),1000000000.0,2.0,0.0,1.0,2.3e-12,16,none,0.0,0.0,2.0165,0.00017805,True,0.0,101200000000000.0,,,,,False,20,
2_poloidal_only,*** M=2 crossing (interpolated between k0=2.2e-12 and 2.3e-12) ***,1000000000.0,2.0,0.0,1.0,2.284e-12,16,none,0.0,0.0,2.0,0.00016,True,0.0,98000000000000.0,,,,,True,20,
3_rigid_rotation_only,field-free baseline,1000000000.0,2.0,0.0,1.0,0.0,16,none,0.0,0.0,1.3462,0.0001031,True,0.0,0.0,,,,,False,10,
3_rigid_rotation_only,rigid rotation only -- last trustworthy point,1000000000.0,2.0,0.0,1.0,0.0,16,rigid,0.5,0.0,1.3504,0.0001042,True,0.0,0.0,,,0.0011,0.0212,False,10,
3_rigid_rotation_only,"rigid rotation -- SPURIOUS/domain-overflow branch, NOT physical (same unresolved issue as V-R1, docs/teoria.md Sec 1.11/8 item 10)",1000000000.0,2.0,0.0,1.0,0.0,16,rigid,0.6,0.0,1.9659,0.6877,False,0.0,0.0,,,0.3548,6.6473,False,10,"VE=0.69 -- catastrophically uncertified, do NOT read M=1.97 as real"
3_rigid_rotation_only,"*** DOES NOT REACH M=2: sequence becomes numerically unreliable by Omega_c~0.5-0.6, far below any substantial mass gain. Known unresolved issue, not chased further per project's existing documented decision (docs/teoria.md V-R1). ***",1000000000.0,2.0,0.0,1.0,0.0,16,none,nan,0.0,nan,,False,0.0,0.0,,,,,False,,NEGATIVE RESULT for this mode
4_differential_rotation_only,field-free baseline,1000000000.0,2.0,0.0,1.0,0.0,16,none,0.0,0.0,1.3462,0.0001031,True,0.0,0.0,,,,,False,10,
4_differential_rotation_only,differential rotation only,1000000000.0,2.0,0.0,1.0,0.0,16,differential,10.0,0.3,1.524,0.0001472,True,0.0,0.0,,,0.0372,0.0237,False,10,
4_differential_rotation_only,differential rotation only,1000000000.0,2.0,0.0,1.0,0.0,16,differential,15.0,0.3,1.7515,0.0001562,True,0.0,0.0,,,0.0732,0.0459,False,10,
4_differential_rotation_only,differential rotation only,1000000000.0,2.0,0.0,1.0,0.0,16,differential,16.0,0.3,1.8077,0.0001558,True,0.0,0.0,,,0.0807,0.0505,False,10,
4_differential_rotation_only,differential rotation only,1000000000.0,2.0,0.0,1.0,0.0,16,differential,17.0,0.3,1.8673,0.0001549,True,0.0,0.0,,,0.0881,0.0553,False,10,
4_differential_rotation_only,differential rotation only,1000000000.0,2.0,0.0,1.0,0.0,16,differential,17.5,0.3,1.8983,0.0001543,True,0.0,0.0,,,0.0918,0.0576,False,10,
4_differential_rotation_only,differential rotation only,1000000000.0,2.0,0.0,1.0,0.0,16,differential,18.0,0.3,1.9301,0.0001538,True,0.0,0.0,,,0.0955,0.06,False,10,
4_differential_rotation_only,differential rotation only,1000000000.0,2.0,0.0,1.0,0.0,16,differential,18.5,0.3,1.9627,0.0001531,True,0.0,0.0,,,0.0991,0.0624,False,10,
4_differential_rotation_only,differential rotation only,1000000000.0,2.0,0.0,1.0,0.0,16,differential,19.0,0.3,1.996,0.0001525,True,0.0,0.0,,,0.1027,0.0648,False,10,
4_differential_rotation_only,differential rotation only,1000000000.0,2.0,0.0,1.0,0.0,16,differential,20.0,0.3,2.0647,0.0001514,True,0.0,0.0,,,0.1098,0.0697,False,10,
4_differential_rotation_only,"differential rotation only, higher mass (context, still certified, T/W>0.14 above Omega_c~22-23 -- secular instability threshold, not checked precisely)",1000000000.0,2.0,0.0,1.0,0.0,16,differential,25.0,0.3,2.4446,0.0001505,True,0.0,0.0,,,0.142,0.0943,False,10,T/W already at the 0.14 secular-instability threshold here
4_differential_rotation_only,*** M=2 crossing (interpolated between Omega_c=19.0 and 20.0) ***,1000000000.0,2.0,0.0,1.0,0.0,16,differential,19.06,0.3,2.0,0.000152,True,0.0,0.0,,,,,True,10,
5_toroidal_plus_rigid_rotation,toroidal + rigid rotation,1000000000.0,2.0,0.0,1.0,0.0,16,rigid,0.3,0.0,1.3477,0.0001034,True,0.0,0.0,,,,0.0075,False,14,
5_toroidal_plus_rigid_rotation,toroidal + rigid rotation,1000000000.0,2.0,0.002,1.0,0.0,16,rigid,0.3,0.0,1.6088,7.72e-05,True,36390000000000.0,0.0,,,,0.0204,False,14,
5_toroidal_plus_rigid_rotation,toroidal + rigid rotation,1000000000.0,2.0,0.003,1.0,0.0,16,rigid,0.3,0.0,1.9144,0.0004894,True,41880000000000.0,0.0,,,,0.0449,False,14,
5_toroidal_plus_rigid_rotation,toroidal + rigid rotation (domain-checked stable across 12x/14x/15x),1000000000.0,2.0,0.0032,1.0,0.0,16,rigid,0.3,0.0,1.9902,0.0006371,True,42600000000000.0,0.0,,,,0.053,False,14,
5_toroidal_plus_rigid_rotation,toroidal + rigid rotation,1000000000.0,2.0,0.0033,1.0,0.0,16,rigid,0.3,0.0,2.0301,0.0007235,True,42940000000000.0,0.0,,,,0.0576,False,14,
5_toroidal_plus_rigid_rotation,toroidal + rigid rotation,1000000000.0,2.0,0.0034,1.0,0.0,16,rigid,0.3,0.0,2.0714,0.0008201,True,43270000000000.0,0.0,,,,0.0627,False,14,
5_toroidal_plus_rigid_rotation,"*** M=2 crossing (interpolated between K=3.2e-3 and 3.3e-3, Omega_c=0.3 fixed) *** -- barely different from toroidal-only (K=3.245e-3): mild rotation adds almost nothing here, consistent with Sec 6.1's finding that rotation+toroidal doesn't combine favorably",1000000000.0,2.0,0.003225,1.0,0.0,16,rigid,0.3,0.0,2.0,0.00068,True,42700000000000.0,0.0,,,,,True,14,
6_toroidal_plus_differential_rotation,toroidal + differential rotation,1000000000.0,2.0,0.0,1.0,0.0,16,differential,10.0,0.3,1.524,0.0001472,True,0.0,0.0,,,0.0372,0.0237,False,14,
6_toroidal_plus_differential_rotation,toroidal + differential rotation,1000000000.0,2.0,0.001,1.0,0.0,16,differential,10.0,0.3,1.6093,0.000135,True,27930000000000.0,0.0,,,0.0377,0.0205,False,14,
6_toroidal_plus_differential_rotation,toroidal + differential rotation,1000000000.0,2.0,0.002,1.0,0.0,16,differential,10.0,0.3,1.8395,0.0001083,True,39050000000000.0,0.0,,,0.0377,0.0145,False,14,
6_toroidal_plus_differential_rotation,toroidal + differential rotation,1000000000.0,2.0,0.0023,1.0,0.0,16,differential,10.0,0.3,1.9336,9.321e-05,True,40850000000000.0,0.0,,,0.0376,0.0128,False,14,
6_toroidal_plus_differential_rotation,toroidal + differential rotation,1000000000.0,2.0,0.0025,1.0,0.0,16,differential,10.0,0.3,2.0028,7.64e-05,True,41850000000000.0,0.0,,,0.0374,0.0117,False,14,
6_toroidal_plus_differential_rotation,toroidal + differential rotation,1000000000.0,2.0,0.0026,1.0,0.0,16,differential,10.0,0.3,2.0394,6.673e-05,True,42280000000000.0,0.0,,,0.0373,0.0112,False,14,
6_toroidal_plus_differential_rotation,toroidal + differential rotation,1000000000.0,2.0,0.0027,1.0,0.0,16,differential,10.0,0.3,2.0774,5.591e-05,True,42710000000000.0,0.0,,,0.0372,0.0107,False,14,
6_toroidal_plus_differential_rotation,"*** M=2 crossing (interpolated between K=2.3e-3 and 2.5e-3, Omega_c=10 fixed) *** -- MEANINGFULLY lower K than toroidal-only (3.245e-3): moderate differential rotation genuinely reduces the field needed, unlike the mild-rigid case above",1000000000.0,2.0,0.002492,1.0,0.0,16,differential,10.0,0.3,2.0,8.3e-05,True,41300000000000.0,0.0,,,,,True,14,
7_poloidal_plus_rigid_rotation,poloidal + rigid rotation,1000000000.0,2.0,0.0,1.0,0.0,16,rigid,0.3,0.0,1.3477,0.0001034,True,0.0,0.0,,,,0.0075,False,14,
7_poloidal_plus_rigid_rotation,poloidal + rigid rotation,1000000000.0,2.0,0.0,1.0,1e-12,16,rigid,0.3,0.0,1.3929,8.069e-05,True,0.0,25970000000000.0,,,,0.007,False,14,
7_poloidal_plus_rigid_rotation,poloidal + rigid rotation,1000000000.0,2.0,0.0,1.0,1.5e-12,16,rigid,0.3,0.0,1.4762,3.944e-05,True,0.0,42730000000000.0,,,,0.006,False,14,
7_poloidal_plus_rigid_rotation,poloidal + rigid rotation,1000000000.0,2.0,0.0,1.0,1.8e-12,16,rigid,0.3,0.0,1.5795,9.944e-06,True,0.0,56580000000000.0,,,,0.0051,False,14,
7_poloidal_plus_rigid_rotation,poloidal + rigid rotation,1000000000.0,2.0,0.0,1.0,2e-12,16,rigid,0.3,0.0,1.6987,6.306e-05,True,0.0,69520000000000.0,,,,0.0041,False,14,
7_poloidal_plus_rigid_rotation,poloidal + rigid rotation,1000000000.0,2.0,0.0,1.0,2.1e-12,16,rigid,0.3,0.0,1.7841,9.828e-05,True,0.0,78030000000000.0,,,,0.0036,False,14,
7_poloidal_plus_rigid_rotation,poloidal + rigid rotation,1000000000.0,2.0,0.0,1.0,2.2e-12,16,rigid,0.3,0.0,1.8918,0.0001389,True,0.0,88550000000000.0,,,,0.003,False,14,
7_poloidal_plus_rigid_rotation,poloidal + rigid rotation,1000000000.0,2.0,0.0,1.0,2.3e-12,16,rigid,0.3,0.0,2.0209,0.0001815,True,0.0,101500000000000.0,,,,0.0024,False,14,
7_poloidal_plus_rigid_rotation,"*** M=2 crossing (interpolated between k0=2.2e-12 and 2.3e-12, Omega_c=0.3 fixed) *** -- barely different from poloidal-only (2.284e-12)",1000000000.0,2.0,0.0,1.0,2.284e-12,16,rigid,0.3,0.0,2.0,0.00017,True,0.0,99000000000000.0,,,,,True,14,
8_poloidal_plus_differential_rotation,poloidal + differential rotation,1000000000.0,2.0,0.0,1.0,0.0,16,differential,10.0,0.3,1.524,0.0001472,True,0.0,0.0,,,,0.0237,False,14,
8_poloidal_plus_differential_rotation,poloidal + differential rotation,1000000000.0,2.0,0.0,1.0,1.6e-12,16,differential,10.0,0.3,1.741,2.235e-05,True,0.0,56040000000000.0,,,,0.0208,False,14,
8_poloidal_plus_differential_rotation,poloidal + differential rotation,1000000000.0,2.0,0.0,1.0,1.8e-12,16,differential,10.0,0.3,1.8412,2.356e-05,True,0.0,68400000000000.0,,,,0.0199,False,14,
8_poloidal_plus_differential_rotation,poloidal + differential rotation,1000000000.0,2.0,0.0,1.0,1.9e-12,16,differential,10.0,0.3,1.9072,5.108e-05,True,0.0,75950000000000.0,,,,0.0193,False,14,
8_poloidal_plus_differential_rotation,poloidal + differential rotation,1000000000.0,2.0,0.0,1.0,2e-12,16,differential,10.0,0.3,1.9863,8.117e-05,True,0.0,84760000000000.0,,,,0.0187,False,14,
8_poloidal_plus_differential_rotation,poloidal + differential rotation,1000000000.0,2.0,0.0,1.0,2.05e-12,16,differential,10.0,0.3,2.031,9.699e-05,True,0.0,89730000000000.0,,,,0.0184,False,14,
8_poloidal_plus_differential_rotation,"*** M=2 crossing (interpolated between k0=2.0e-12 and 2.05e-12, Omega_c=10 fixed) *** -- MEANINGFULLY lower k0 than poloidal-only (2.284e-12): moderate differential rotation genuinely reduces the field needed, same pattern as Mode 6",1000000000.0,2.0,0.0,1.0,2.015e-12,16,differential,10.0,0.3,2.0,8.9e-05,True,0.0,86500000000000.0,,,,,True,14,
