m,zeta,M_msun,T_over_W,shedding,Etor_over_W,beta_min_tor_only,Bt_over_Bp,Etor_over_Epol,B_pole_G,beta_ambient,verdict,rho_c,omega_frac,k_frac
0.000000e+00,5.000000e-01,1.348266e+00,0.000000e+00,0.000000e+00,1.157118e-03,1.270252e+00,2.810243e-01,3.091429e-01,6.184117e+11,2.974000e-03,sub-Chandrasekhar,1.000000e+09,0.0000,0.0500
0.000000e+00,1.500000e+00,1.348266e+00,0.000000e+00,0.000000e+00,1.157118e-03,8.121624e+00,3.568598e-01,2.732056e-01,6.578282e+11,2.628279e-03,sub-Chandrasekhar,1.000000e+09,0.0000,0.0500
0.000000e+00,3.000000e+00,1.348266e+00,0.000000e+00,0.000000e+00,1.157118e-03,6.774202e+00,4.704771e-01,2.732056e-01,6.578282e+11,2.628279e-03,sub-Chandrasekhar,1.000000e+09,0.0000,0.0500
-1.000000e+00,5.000000e-01,1.348266e+00,0.000000e+00,0.000000e+00,1.157118e-03,1.501062e+00,7.686865e-02,5.591393e-01,5.774745e+11,3.410600e-03,sub-Chandrasekhar,1.000000e+09,0.0000,0.0500
-1.000000e+00,1.500000e+00,1.348266e+00,0.000000e+00,0.000000e+00,1.157118e-03,1.023073e+01,1.008206e-01,5.591393e-01,5.774745e+11,3.410600e-03,sub-Chandrasekhar,1.000000e+09,0.0000,0.0500
-1.000000e+00,3.000000e+00,1.348266e+00,0.000000e+00,0.000000e+00,1.157118e-03,9.200420e+00,1.311744e-01,5.591393e-01,5.774745e+11,3.410600e-03,sub-Chandrasekhar,1.000000e+09,0.0000,0.0500
-2.000000e+00,5.000000e-01,1.348266e+00,0.000000e+00,0.000000e+00,1.157118e-03,1.810453e+00,2.766004e-02,1.808058e+01,1.545327e+11,4.762729e-02,sub-Chandrasekhar,1.000000e+09,0.0000,0.0500
-2.000000e+00,1.500000e+00,1.348266e+00,0.000000e+00,0.000000e+00,1.157118e-03,1.258186e+01,3.518922e-02,1.808058e+01,1.545327e+11,4.762729e-02,sub-Chandrasekhar,1.000000e+09,0.0000,0.0500
-2.000000e+00,3.000000e+00,1.348266e+00,0.000000e+00,0.000000e+00,1.157118e-03,1.217461e+01,4.458418e-02,1.808058e+01,1.545327e+11,4.762729e-02,sub-Chandrasekhar,1.000000e+09,0.0000,0.0500
0.000000e+00,5.000000e-01,1.355474e+00,0.000000e+00,0.000000e+00,5.481223e-03,2.775790e-01,nan,nan,nan,nan,toroidal alone fails,1.000000e+09,0.0000,0.1100
0.000000e+00,1.500000e+00,1.355474e+00,0.000000e+00,0.000000e+00,5.481223e-03,1.643217e+00,7.779305e-01,1.348993e+00,6.324320e+11,2.843601e-03,sub-Chandrasekhar,1.000000e+09,0.0000,0.1100
0.000000e+00,3.000000e+00,1.355474e+00,0.000000e+00,0.000000e+00,5.481223e-03,1.370252e+00,1.025160e+00,1.348993e+00,6.324320e+11,2.843601e-03,sub-Chandrasekhar,1.000000e+09,0.0000,0.1100
-1.000000e+00,5.000000e-01,1.355474e+00,0.000000e+00,0.000000e+00,5.481223e-03,3.290990e-01,nan,nan,nan,nan,toroidal alone fails,1.000000e+09,0.0000,0.1100
-1.000000e+00,1.500000e+00,1.355474e+00,0.000000e+00,0.000000e+00,5.481223e-03,2.075784e+00,2.177906e-01,2.747898e+00,5.565816e+11,3.671460e-03,sub-Chandrasekhar,1.000000e+09,0.0000,0.1100
-1.000000e+00,3.000000e+00,1.355474e+00,0.000000e+00,0.000000e+00,5.481223e-03,1.866431e+00,2.831797e-01,2.747898e+00,5.565816e+11,3.671460e-03,sub-Chandrasekhar,1.000000e+09,0.0000,0.1100
-2.000000e+00,5.000000e-01,1.355474e+00,0.000000e+00,0.000000e+00,5.481223e-03,3.960900e-01,nan,nan,nan,nan,toroidal alone fails,1.000000e+09,0.0000,0.1100
-2.000000e+00,1.500000e+00,1.355474e+00,0.000000e+00,0.000000e+00,5.481223e-03,2.552399e+00,7.457742e-02,8.478723e+01,1.521152e+11,4.915315e-02,sub-Chandrasekhar,1.000000e+09,0.0000,0.1100
-2.000000e+00,3.000000e+00,1.355474e+00,0.000000e+00,0.000000e+00,5.481223e-03,2.458303e+00,9.458665e-02,8.478723e+01,1.521152e+11,4.915315e-02,sub-Chandrasekhar,1.000000e+09,0.0000,0.1100
0.000000e+00,5.000000e-01,1.376086e+00,0.000000e+00,0.000000e+00,1.712348e-02,8.850976e-02,nan,nan,nan,nan,toroidal alone fails,1.000000e+09,0.0000,0.2000
0.000000e+00,1.500000e+00,1.376086e+00,0.000000e+00,0.000000e+00,1.712348e-02,4.725067e-01,nan,nan,nan,nan,toroidal alone fails,1.000000e+09,0.0000,0.2000
0.000000e+00,3.000000e+00,1.376086e+00,0.000000e+00,0.000000e+00,1.712348e-02,3.821103e-01,nan,nan,nan,nan,toroidal alone fails,1.000000e+09,0.0000,0.2000
-1.000000e+00,5.000000e-01,1.376086e+00,0.000000e+00,0.000000e+00,1.712348e-02,1.058805e-01,nan,nan,nan,nan,toroidal alone fails,1.000000e+09,0.0000,0.2000
-1.000000e+00,1.500000e+00,1.376086e+00,0.000000e+00,0.000000e+00,1.712348e-02,6.072816e-01,nan,nan,nan,nan,toroidal alone fails,1.000000e+09,0.0000,0.2000
-1.000000e+00,3.000000e+00,1.376086e+00,0.000000e+00,0.000000e+00,1.712348e-02,5.264560e-01,nan,nan,nan,nan,toroidal alone fails,1.000000e+09,0.0000,0.2000
-2.000000e+00,5.000000e-01,1.376086e+00,0.000000e+00,0.000000e+00,1.712348e-02,1.277551e-01,nan,nan,nan,nan,toroidal alone fails,1.000000e+09,0.0000,0.2000
-2.000000e+00,1.500000e+00,1.376086e+00,0.000000e+00,0.000000e+00,1.712348e-02,7.467592e-01,nan,nan,nan,nan,toroidal alone fails,1.000000e+09,0.0000,0.2000
-2.000000e+00,3.000000e+00,1.376086e+00,0.000000e+00,0.000000e+00,1.712348e-02,6.863165e-01,nan,nan,nan,nan,toroidal alone fails,1.000000e+09,0.0000,0.2000
0.000000e+00,5.000000e-01,1.489651e+00,0.000000e+00,0.000000e+00,6.877787e-02,2.302454e-02,nan,nan,nan,nan,toroidal alone fails,1.000000e+09,0.0000,0.4500
0.000000e+00,1.500000e+00,1.489651e+00,0.000000e+00,0.000000e+00,6.877787e-02,6.987217e-02,nan,nan,nan,nan,toroidal alone fails,1.000000e+09,0.0000,0.4500
0.000000e+00,3.000000e+00,1.489651e+00,0.000000e+00,0.000000e+00,6.877787e-02,5.385257e-02,nan,nan,nan,nan,toroidal alone fails,1.000000e+09,0.0000,0.4500
-1.000000e+00,5.000000e-01,1.489651e+00,0.000000e+00,0.000000e+00,6.877787e-02,2.857924e-02,nan,nan,nan,nan,toroidal alone fails,1.000000e+09,0.0000,0.4500
-1.000000e+00,1.500000e+00,1.489651e+00,0.000000e+00,0.000000e+00,6.877787e-02,9.450341e-02,nan,nan,nan,nan,toroidal alone fails,1.000000e+09,0.0000,0.4500
-1.000000e+00,3.000000e+00,1.489651e+00,0.000000e+00,0.000000e+00,6.877787e-02,7.774368e-02,nan,nan,nan,nan,toroidal alone fails,1.000000e+09,0.0000,0.4500
-2.000000e+00,5.000000e-01,1.489651e+00,0.000000e+00,0.000000e+00,6.877787e-02,3.408521e-02,nan,nan,nan,nan,toroidal alone fails,1.000000e+09,0.0000,0.4500
-2.000000e+00,1.500000e+00,1.489651e+00,0.000000e+00,0.000000e+00,6.877787e-02,1.133654e-01,nan,nan,nan,nan,toroidal alone fails,1.000000e+09,0.0000,0.4500
-2.000000e+00,3.000000e+00,1.489651e+00,0.000000e+00,0.000000e+00,6.877787e-02,9.511872e-02,nan,nan,nan,nan,toroidal alone fails,1.000000e+09,0.0000,0.4500
0.000000e+00,5.000000e-01,2.007205e+00,0.000000e+00,0.000000e+00,2.026105e-01,8.033294e-03,nan,nan,nan,nan,toroidal alone fails,1.000000e+09,0.0000,1.0000
0.000000e+00,1.500000e+00,2.007205e+00,0.000000e+00,0.000000e+00,2.026105e-01,5.183140e-03,nan,nan,nan,nan,toroidal alone fails,1.000000e+09,0.0000,1.0000
0.000000e+00,3.000000e+00,2.007205e+00,0.000000e+00,0.000000e+00,2.026105e-01,3.861339e-03,nan,nan,nan,nan,toroidal alone fails,1.000000e+09,0.0000,1.0000
-1.000000e+00,5.000000e-01,2.007205e+00,0.000000e+00,0.000000e+00,2.026105e-01,1.061411e-02,nan,nan,nan,nan,toroidal alone fails,1.000000e+09,0.0000,1.0000
-1.000000e+00,1.500000e+00,2.007205e+00,0.000000e+00,0.000000e+00,2.026105e-01,7.812828e-03,nan,nan,nan,nan,toroidal alone fails,1.000000e+09,0.0000,1.0000
-1.000000e+00,3.000000e+00,2.007205e+00,0.000000e+00,0.000000e+00,2.026105e-01,6.442086e-03,nan,nan,nan,nan,toroidal alone fails,1.000000e+09,0.0000,1.0000
-2.000000e+00,5.000000e-01,2.007205e+00,0.000000e+00,0.000000e+00,2.026105e-01,1.143453e-02,nan,nan,nan,nan,toroidal alone fails,1.000000e+09,0.0000,1.0000
-2.000000e+00,1.500000e+00,2.007205e+00,0.000000e+00,0.000000e+00,2.026105e-01,7.360272e-03,nan,nan,nan,nan,toroidal alone fails,1.000000e+09,0.0000,1.0000
-2.000000e+00,3.000000e+00,2.007205e+00,0.000000e+00,0.000000e+00,2.026105e-01,5.169504e-03,nan,nan,nan,nan,toroidal alone fails,1.000000e+09,0.0000,1.0000
0.000000e+00,5.000000e-01,1.384786e+00,9.056081e-03,6.293863e-02,1.172786e-03,1.314589e+00,2.975078e-01,3.687856e-01,6.333631e+11,2.835247e-03,sub-Chandrasekhar,1.000000e+09,0.5000,0.0500
0.000000e+00,1.500000e+00,1.384786e+00,9.056081e-03,6.293863e-02,1.172786e-03,7.938488e+00,4.006077e-01,3.687856e-01,6.333631e+11,2.835247e-03,sub-Chandrasekhar,1.000000e+09,0.5000,0.0500
0.000000e+00,3.000000e+00,1.384786e+00,9.056081e-03,6.293863e-02,1.172786e-03,6.778683e+00,5.282000e-01,3.687856e-01,6.333631e+11,2.835247e-03,sub-Chandrasekhar,1.000000e+09,0.5000,0.0500
-1.000000e+00,5.000000e-01,1.384786e+00,9.056081e-03,6.293863e-02,1.172786e-03,1.550950e+00,8.092656e-02,6.682360e-01,5.854970e+11,3.317775e-03,sub-Chandrasekhar,1.000000e+09,0.5000,0.0500
-1.000000e+00,1.500000e+00,1.384786e+00,9.056081e-03,6.293863e-02,1.172786e-03,9.945669e+00,1.056231e-01,6.682360e-01,5.854970e+11,3.317775e-03,sub-Chandrasekhar,1.000000e+09,0.5000,0.0500
-1.000000e+00,3.000000e+00,1.384786e+00,9.056081e-03,6.293863e-02,1.172786e-03,9.219650e+00,1.372830e-01,6.682360e-01,5.854970e+11,3.317775e-03,sub-Chandrasekhar,1.000000e+09,0.5000,0.0500
-2.000000e+00,5.000000e-01,1.384786e+00,9.056081e-03,6.293863e-02,1.172786e-03,1.837414e+00,2.713815e-02,1.903479e+01,1.648326e+11,4.186105e-02,sub-Chandrasekhar,1.000000e+09,0.5000,0.0500
-2.000000e+00,1.500000e+00,1.384786e+00,9.056081e-03,6.293863e-02,1.172786e-03,1.243844e+01,3.420524e-02,1.903479e+01,1.648326e+11,4.186105e-02,sub-Chandrasekhar,1.000000e+09,0.5000,0.0500
-2.000000e+00,3.000000e+00,1.384786e+00,9.056081e-03,6.293863e-02,1.172786e-03,1.239091e+01,4.313427e-02,1.903479e+01,1.648326e+11,4.186105e-02,sub-Chandrasekhar,1.000000e+09,0.5000,0.0500
0.000000e+00,5.000000e-01,1.392836e+00,9.196960e-03,6.366570e-02,5.552598e-03,2.621553e-01,nan,nan,nan,nan,toroidal alone fails,1.000000e+09,0.5000,0.1100
0.000000e+00,1.500000e+00,1.392836e+00,9.196960e-03,6.366570e-02,5.552598e-03,1.608262e+00,8.228474e-01,1.612734e+00,6.478727e+11,2.709674e-03,sub-Chandrasekhar,1.000000e+09,0.5000,0.1100
0.000000e+00,3.000000e+00,1.392836e+00,9.196960e-03,6.366570e-02,5.552598e-03,1.363972e+00,1.084237e+00,1.612734e+00,6.478727e+11,2.709674e-03,sub-Chandrasekhar,1.000000e+09,0.5000,0.1100
-1.000000e+00,5.000000e-01,1.392836e+00,9.196960e-03,6.366570e-02,5.552598e-03,3.101202e-01,nan,nan,nan,nan,toroidal alone fails,1.000000e+09,0.5000,0.1100
-1.000000e+00,1.500000e+00,1.392836e+00,9.196960e-03,6.366570e-02,5.552598e-03,2.025919e+00,2.183686e-01,3.003482e+00,5.906939e+11,3.259654e-03,sub-Chandrasekhar,1.000000e+09,0.5000,0.1100
-1.000000e+00,3.000000e+00,1.392836e+00,9.196960e-03,6.366570e-02,5.552598e-03,1.862946e+00,2.835918e-01,3.003482e+00,5.906939e+11,3.259654e-03,sub-Chandrasekhar,1.000000e+09,0.5000,0.1100
-2.000000e+00,5.000000e-01,1.392836e+00,9.196960e-03,6.366570e-02,5.552598e-03,3.680523e-01,nan,nan,nan,nan,toroidal alone fails,1.000000e+09,0.5000,0.1100
-2.000000e+00,1.500000e+00,1.392836e+00,9.196960e-03,6.366570e-02,5.552598e-03,2.535915e+00,7.249240e-02,8.923083e+01,1.623524e+11,4.314984e-02,sub-Chandrasekhar,1.000000e+09,0.5000,0.1100
-2.000000e+00,3.000000e+00,1.392836e+00,9.196960e-03,6.366570e-02,5.552598e-03,2.499811e+00,9.149769e-02,8.923083e+01,1.623524e+11,4.314984e-02,sub-Chandrasekhar,1.000000e+09,0.5000,0.1100
0.000000e+00,5.000000e-01,1.415833e+00,9.581747e-03,6.487683e-02,1.732541e-02,8.968431e-02,nan,nan,nan,nan,toroidal alone fails,1.000000e+09,0.5000,0.2000
0.000000e+00,1.500000e+00,1.415833e+00,9.581747e-03,6.487683e-02,1.732541e-02,4.616189e-01,nan,nan,nan,nan,toroidal alone fails,1.000000e+09,0.5000,0.2000
0.000000e+00,3.000000e+00,1.415833e+00,9.581747e-03,6.487683e-02,1.732541e-02,3.807561e-01,nan,nan,nan,nan,toroidal alone fails,1.000000e+09,0.5000,0.2000
-1.000000e+00,5.000000e-01,1.415833e+00,9.581747e-03,6.487683e-02,1.732541e-02,1.071123e-01,nan,nan,nan,nan,toroidal alone fails,1.000000e+09,0.5000,0.2000
-1.000000e+00,1.500000e+00,1.415833e+00,9.581747e-03,6.487683e-02,1.732541e-02,5.913654e-01,nan,nan,nan,nan,toroidal alone fails,1.000000e+09,0.5000,0.2000
-1.000000e+00,3.000000e+00,1.415833e+00,9.581747e-03,6.487683e-02,1.732541e-02,5.257996e-01,nan,nan,nan,nan,toroidal alone fails,1.000000e+09,0.5000,0.2000
-2.000000e+00,5.000000e-01,1.415833e+00,9.581747e-03,6.487683e-02,1.732541e-02,1.285013e-01,nan,nan,nan,nan,toroidal alone fails,1.000000e+09,0.5000,0.2000
-2.000000e+00,1.500000e+00,1.415833e+00,9.581747e-03,6.487683e-02,1.732541e-02,7.430093e-01,nan,nan,nan,nan,toroidal alone fails,1.000000e+09,0.5000,0.2000
-2.000000e+00,3.000000e+00,1.415833e+00,9.581747e-03,6.487683e-02,1.732541e-02,7.008655e-01,nan,nan,nan,nan,toroidal alone fails,1.000000e+09,0.5000,0.2000
0.000000e+00,5.000000e-01,1.542171e+00,1.135693e-02,6.856494e-02,6.934123e-02,2.565404e-02,nan,nan,nan,nan,toroidal alone fails,1.000000e+09,0.5000,0.4500
0.000000e+00,1.500000e+00,1.542171e+00,1.135693e-02,6.856494e-02,6.934123e-02,6.753149e-02,nan,nan,nan,nan,toroidal alone fails,1.000000e+09,0.5000,0.4500
0.000000e+00,3.000000e+00,1.542171e+00,1.135693e-02,6.856494e-02,6.934123e-02,5.258706e-02,nan,nan,nan,nan,toroidal alone fails,1.000000e+09,0.5000,0.4500
-1.000000e+00,5.000000e-01,1.542171e+00,1.135693e-02,6.856494e-02,6.934123e-02,3.186723e-02,nan,nan,nan,nan,toroidal alone fails,1.000000e+09,0.5000,0.4500
-1.000000e+00,1.500000e+00,1.542171e+00,1.135693e-02,6.856494e-02,6.934123e-02,9.141304e-02,nan,nan,nan,nan,toroidal alone fails,1.000000e+09,0.5000,0.4500
-1.000000e+00,3.000000e+00,1.542171e+00,1.135693e-02,6.856494e-02,6.934123e-02,7.613053e-02,nan,nan,nan,nan,toroidal alone fails,1.000000e+09,0.5000,0.4500
-2.000000e+00,5.000000e-01,1.542171e+00,1.135693e-02,6.856494e-02,6.934123e-02,3.912043e-02,nan,nan,nan,nan,toroidal alone fails,1.000000e+09,0.5000,0.4500
-2.000000e+00,1.500000e+00,1.542171e+00,1.135693e-02,6.856494e-02,6.934123e-02,1.146941e-01,nan,nan,nan,nan,toroidal alone fails,1.000000e+09,0.5000,0.4500
-2.000000e+00,3.000000e+00,1.542171e+00,1.135693e-02,6.856494e-02,6.934123e-02,9.665371e-02,nan,nan,nan,nan,toroidal alone fails,1.000000e+09,0.5000,0.4500
0.000000e+00,5.000000e-01,2.115343e+00,1.569157e-02,5.129940e-02,2.035791e-01,9.139002e-03,nan,nan,nan,nan,toroidal alone fails,1.000000e+09,0.5000,1.0000
0.000000e+00,1.500000e+00,2.115343e+00,1.569157e-02,5.129940e-02,2.035791e-01,5.129318e-03,nan,nan,nan,nan,toroidal alone fails,1.000000e+09,0.5000,1.0000
0.000000e+00,3.000000e+00,2.115343e+00,1.569157e-02,5.129940e-02,2.035791e-01,3.541239e-03,nan,nan,nan,nan,toroidal alone fails,1.000000e+09,0.5000,1.0000
-1.000000e+00,5.000000e-01,2.115343e+00,1.569157e-02,5.129940e-02,2.035791e-01,1.203941e-02,nan,nan,nan,nan,toroidal alone fails,1.000000e+09,0.5000,1.0000
-1.000000e+00,1.500000e+00,2.115343e+00,1.569157e-02,5.129940e-02,2.035791e-01,7.603686e-03,nan,nan,nan,nan,toroidal alone fails,1.000000e+09,0.5000,1.0000
-1.000000e+00,3.000000e+00,2.115343e+00,1.569157e-02,5.129940e-02,2.035791e-01,5.933668e-03,nan,nan,nan,nan,toroidal alone fails,1.000000e+09,0.5000,1.0000
-2.000000e+00,5.000000e-01,2.115343e+00,1.569157e-02,5.129940e-02,2.035791e-01,1.371467e-02,nan,nan,nan,nan,toroidal alone fails,1.000000e+09,0.5000,1.0000
-2.000000e+00,1.500000e+00,2.115343e+00,1.569157e-02,5.129940e-02,2.035791e-01,8.129588e-03,nan,nan,nan,nan,toroidal alone fails,1.000000e+09,0.5000,1.0000
-2.000000e+00,3.000000e+00,2.115343e+00,1.569157e-02,5.129940e-02,2.035791e-01,5.648031e-03,nan,nan,nan,nan,toroidal alone fails,1.000000e+09,0.5000,1.0000
0.000000e+00,5.000000e-01,1.522217e+00,3.908280e-02,2.533846e-01,1.224448e-03,1.418983e+00,3.493441e-01,6.120660e-01,6.852511e+11,2.422127e-03,ALL FOUR GATES,1.000000e+09,1.0000,0.0500
0.000000e+00,1.500000e+00,1.522217e+00,3.908280e-02,2.533846e-01,1.224448e-03,7.307889e+00,4.651512e-01,6.120660e-01,6.852511e+11,2.422127e-03,ALL FOUR GATES,1.000000e+09,1.0000,0.0500
0.000000e+00,3.000000e+00,1.522217e+00,3.908280e-02,2.533846e-01,1.224448e-03,6.470870e+00,6.118889e-01,6.120660e-01,6.852511e+11,2.422127e-03,ALL FOUR GATES,1.000000e+09,1.0000,0.0500
-1.000000e+00,5.000000e-01,1.522217e+00,3.908280e-02,2.533846e-01,1.224448e-03,1.670142e+00,9.196182e-02,1.084722e+00,6.232661e+11,2.927854e-03,ALL FOUR GATES,1.000000e+09,1.0000,0.0500
-1.000000e+00,1.500000e+00,1.522217e+00,3.908280e-02,2.533846e-01,1.224448e-03,9.111566e+00,1.179374e-01,1.084722e+00,6.232661e+11,2.927854e-03,ALL FOUR GATES,1.000000e+09,1.0000,0.0500
-1.000000e+00,3.000000e+00,1.522217e+00,3.908280e-02,2.533846e-01,1.224448e-03,8.852595e+00,1.528450e-01,1.084722e+00,6.232661e+11,2.927854e-03,ALL FOUR GATES,1.000000e+09,1.0000,0.0500
-2.000000e+00,5.000000e-01,1.522217e+00,3.908280e-02,2.533846e-01,1.224448e-03,1.905376e+00,2.559374e-02,2.255770e+01,1.983969e+11,2.889526e-02,split not comparable,1.000000e+09,1.0000,0.0500
-2.000000e+00,1.500000e+00,1.522217e+00,3.908280e-02,2.533846e-01,1.224448e-03,1.075204e+01,3.129050e-02,2.255770e+01,1.983969e+11,2.889526e-02,split not comparable,1.000000e+09,1.0000,0.0500
-2.000000e+00,3.000000e+00,1.522217e+00,3.908280e-02,2.533846e-01,1.224448e-03,1.237670e+01,3.906036e-02,2.255770e+01,1.983969e+11,2.889526e-02,split not comparable,1.000000e+09,1.0000,0.0500
0.000000e+00,5.000000e-01,1.534607e+00,3.984781e-02,2.541606e-01,5.787141e-03,3.184708e-01,nan,nan,nan,nan,toroidal alone fails,1.000000e+09,1.0000,0.1100
0.000000e+00,1.500000e+00,1.534607e+00,3.984781e-02,2.541606e-01,5.787141e-03,1.478109e+00,9.963706e-01,2.932777e+00,6.723006e+11,2.516341e-03,ALL FOUR GATES,1.000000e+09,1.0000,0.1100
0.000000e+00,3.000000e+00,1.534607e+00,3.984781e-02,2.541606e-01,5.787141e-03,1.290038e+00,1.309572e+00,2.932777e+00,6.723006e+11,2.516341e-03,ALL FOUR GATES,1.000000e+09,1.0000,0.1100
-1.000000e+00,5.000000e-01,1.534607e+00,3.984781e-02,2.541606e-01,5.787141e-03,3.765943e-01,nan,nan,nan,nan,toroidal alone fails,1.000000e+09,1.0000,0.1100
-1.000000e+00,1.500000e+00,1.534607e+00,3.984781e-02,2.541606e-01,5.787141e-03,1.858352e+00,2.420659e-01,4.861796e+00,6.316272e+11,2.850853e-03,ALL FOUR GATES,1.000000e+09,1.0000,0.1100
-1.000000e+00,3.000000e+00,1.534607e+00,3.984781e-02,2.541606e-01,5.787141e-03,1.774108e+00,3.134452e-01,4.861796e+00,6.316272e+11,2.850853e-03,ALL FOUR GATES,1.000000e+09,1.0000,0.1100
-2.000000e+00,5.000000e-01,1.534607e+00,3.984781e-02,2.541606e-01,5.787141e-03,4.308851e-01,nan,nan,nan,nan,toroidal alone fails,1.000000e+09,1.0000,0.1100
-2.000000e+00,1.500000e+00,1.534607e+00,3.984781e-02,2.541606e-01,5.787141e-03,2.206529e+00,6.580252e-02,1.056699e+02,1.957933e+11,2.966885e-02,split not comparable,1.000000e+09,1.0000,0.1100
-2.000000e+00,3.000000e+00,1.534607e+00,3.984781e-02,2.541606e-01,5.787141e-03,2.488840e+00,8.211294e-02,1.056699e+02,1.957933e+11,2.966885e-02,split not comparable,1.000000e+09,1.0000,0.1100
0.000000e+00,5.000000e-01,1.570016e+00,4.193883e-02,2.565810e-01,1.798383e-02,1.048779e-01,nan,nan,nan,nan,toroidal alone fails,1.000000e+09,1.0000,0.2000
0.000000e+00,1.500000e+00,1.570016e+00,4.193883e-02,2.565810e-01,1.798383e-02,4.184492e-01,nan,nan,nan,nan,toroidal alone fails,1.000000e+09,1.0000,0.2000
0.000000e+00,3.000000e+00,1.570016e+00,4.193883e-02,2.565810e-01,1.798383e-02,3.551478e-01,nan,nan,nan,nan,toroidal alone fails,1.000000e+09,1.0000,0.2000
-1.000000e+00,5.000000e-01,1.570016e+00,4.193883e-02,2.565810e-01,1.798383e-02,1.253849e-01,nan,nan,nan,nan,toroidal alone fails,1.000000e+09,1.0000,0.2000
-1.000000e+00,1.500000e+00,1.570016e+00,4.193883e-02,2.565810e-01,1.798383e-02,5.360762e-01,nan,nan,nan,nan,toroidal alone fails,1.000000e+09,1.0000,0.2000
-1.000000e+00,3.000000e+00,1.570016e+00,4.193883e-02,2.565810e-01,1.798383e-02,4.948002e-01,nan,nan,nan,nan,toroidal alone fails,1.000000e+09,1.0000,0.2000
-2.000000e+00,5.000000e-01,1.570016e+00,4.193883e-02,2.565810e-01,1.798383e-02,1.443918e-01,nan,nan,nan,nan,toroidal alone fails,1.000000e+09,1.0000,0.2000
-2.000000e+00,1.500000e+00,1.570016e+00,4.193883e-02,2.565810e-01,1.798383e-02,6.444247e-01,nan,nan,nan,nan,toroidal alone fails,1.000000e+09,1.0000,0.2000
-2.000000e+00,3.000000e+00,1.570016e+00,4.193883e-02,2.565810e-01,1.798383e-02,7.000053e-01,nan,nan,nan,nan,toroidal alone fails,1.000000e+09,1.0000,0.2000
0.000000e+00,5.000000e-01,1.765069e+00,5.145851e-02,2.436250e-01,7.117125e-02,3.153802e-02,nan,nan,nan,nan,toroidal alone fails,1.000000e+09,1.0000,0.4500
0.000000e+00,1.500000e+00,1.765069e+00,5.145851e-02,2.436250e-01,7.117125e-02,5.661579e-02,nan,nan,nan,nan,toroidal alone fails,1.000000e+09,1.0000,0.4500
0.000000e+00,3.000000e+00,1.765069e+00,5.145851e-02,2.436250e-01,7.117125e-02,4.444399e-02,nan,nan,nan,nan,toroidal alone fails,1.000000e+09,1.0000,0.4500
-1.000000e+00,5.000000e-01,1.765069e+00,5.145851e-02,2.436250e-01,7.117125e-02,3.964173e-02,nan,nan,nan,nan,toroidal alone fails,1.000000e+09,1.0000,0.4500
-1.000000e+00,1.500000e+00,1.765069e+00,5.145851e-02,2.436250e-01,7.117125e-02,7.774496e-02,nan,nan,nan,nan,toroidal alone fails,1.000000e+09,1.0000,0.4500
-1.000000e+00,3.000000e+00,1.765069e+00,5.145851e-02,2.436250e-01,7.117125e-02,6.526389e-02,nan,nan,nan,nan,toroidal alone fails,1.000000e+09,1.0000,0.4500
-2.000000e+00,5.000000e-01,1.765069e+00,5.145851e-02,2.436250e-01,7.117125e-02,4.711222e-02,nan,nan,nan,nan,toroidal alone fails,1.000000e+09,1.0000,0.4500
-2.000000e+00,1.500000e+00,1.765069e+00,5.145851e-02,2.436250e-01,7.117125e-02,9.769128e-02,nan,nan,nan,nan,toroidal alone fails,1.000000e+09,1.0000,0.4500
-2.000000e+00,3.000000e+00,1.765069e+00,5.145851e-02,2.436250e-01,7.117125e-02,9.600040e-02,nan,nan,nan,nan,toroidal alone fails,1.000000e+09,1.0000,0.4500
0.000000e+00,5.000000e-01,2.629116e+00,7.013293e-02,1.220226e-01,2.079876e-01,1.490836e-02,nan,nan,nan,nan,toroidal alone fails,1.000000e+09,1.0000,1.0000
0.000000e+00,1.500000e+00,2.629116e+00,7.013293e-02,1.220226e-01,2.079876e-01,7.260732e-03,nan,nan,nan,nan,toroidal alone fails,1.000000e+09,1.0000,1.0000
0.000000e+00,3.000000e+00,2.629116e+00,7.013293e-02,1.220226e-01,2.079876e-01,4.181027e-03,nan,nan,nan,nan,toroidal alone fails,1.000000e+09,1.0000,1.0000
-1.000000e+00,5.000000e-01,2.629116e+00,7.013293e-02,1.220226e-01,2.079876e-01,1.877935e-02,nan,nan,nan,nan,toroidal alone fails,1.000000e+09,1.0000,1.0000
-1.000000e+00,1.500000e+00,2.629116e+00,7.013293e-02,1.220226e-01,2.079876e-01,9.059195e-03,nan,nan,nan,nan,toroidal alone fails,1.000000e+09,1.0000,1.0000
-1.000000e+00,3.000000e+00,2.629116e+00,7.013293e-02,1.220226e-01,2.079876e-01,5.095012e-03,nan,nan,nan,nan,toroidal alone fails,1.000000e+09,1.0000,1.0000
-2.000000e+00,5.000000e-01,2.629116e+00,7.013293e-02,1.220226e-01,2.079876e-01,2.281237e-02,nan,nan,nan,nan,toroidal alone fails,1.000000e+09,1.0000,1.0000
-2.000000e+00,1.500000e+00,2.629116e+00,7.013293e-02,1.220226e-01,2.079876e-01,1.158812e-02,nan,nan,nan,nan,toroidal alone fails,1.000000e+09,1.0000,1.0000
-2.000000e+00,3.000000e+00,2.629116e+00,7.013293e-02,1.220226e-01,2.079876e-01,7.028335e-03,nan,nan,nan,nan,toroidal alone fails,1.000000e+09,1.0000,1.0000
0.000000e+00,5.000000e-01,1.926387e+00,1.025320e-01,4.826253e-01,1.333619e-03,1.955144e+00,4.453325e-01,1.541062e+00,7.375689e+11,2.090698e-03,ALL FOUR GATES,1.000000e+09,1.5000,0.0500
0.000000e+00,1.500000e+00,1.926387e+00,1.025320e-01,4.826253e-01,1.333619e-03,5.478069e+00,5.724182e-01,1.541062e+00,7.375689e+11,2.090698e-03,ALL FOUR GATES,1.000000e+09,1.5000,0.0500
0.000000e+00,3.000000e+00,1.926387e+00,1.025320e-01,4.826253e-01,1.333619e-03,4.958804e+00,7.451677e-01,1.541062e+00,7.375689e+11,2.090698e-03,ALL FOUR GATES,1.000000e+09,1.5000,0.0500
-1.000000e+00,5.000000e-01,1.926387e+00,1.025320e-01,4.826253e-01,1.333619e-03,2.277660e+00,1.044207e-01,2.388432e+00,6.976209e+11,2.336993e-03,ALL FOUR GATES,1.000000e+09,1.5000,0.0500
-1.000000e+00,1.500000e+00,1.926387e+00,1.025320e-01,4.826253e-01,1.333619e-03,6.842783e+00,1.272579e-01,2.388432e+00,6.976209e+11,2.336993e-03,ALL FOUR GATES,1.000000e+09,1.5000,0.0500
-1.000000e+00,3.000000e+00,1.926387e+00,1.025320e-01,4.826253e-01,1.333619e-03,6.922718e+00,1.625183e-01,2.388432e+00,6.976209e+11,2.336993e-03,ALL FOUR GATES,1.000000e+09,1.5000,0.0500
-2.000000e+00,5.000000e-01,1.926387e+00,1.025320e-01,4.826253e-01,1.333619e-03,2.548929e+00,2.222152e-02,3.231415e+01,2.657819e+11,1.610073e-02,split not comparable,1.000000e+09,1.5000,0.0500
-2.000000e+00,1.500000e+00,1.926387e+00,1.025320e-01,4.826253e-01,1.333619e-03,7.846825e+00,2.534212e-02,3.231415e+01,2.657819e+11,1.610073e-02,split not comparable,1.000000e+09,1.5000,0.0500
-2.000000e+00,3.000000e+00,1.926387e+00,1.025320e-01,4.826253e-01,1.333619e-03,8.785114e+00,3.143391e-02,3.231415e+01,2.657819e+11,1.610073e-02,split not comparable,1.000000e+09,1.5000,0.0500
0.000000e+00,5.000000e-01,1.962323e+00,1.054307e-01,4.749764e-01,6.284301e-03,4.185500e-01,nan,nan,nan,nan,toroidal alone fails,1.000000e+09,1.5000,0.1100
0.000000e+00,1.500000e+00,1.962323e+00,1.054307e-01,4.749764e-01,6.284301e-03,1.090112e+00,1.217188e+00,7.489476e+00,7.215313e+11,2.184671e-03,ALL FOUR GATES,1.000000e+09,1.5000,0.1100
0.000000e+00,3.000000e+00,1.962323e+00,1.054307e-01,4.749764e-01,6.284301e-03,9.593776e-01,nan,nan,nan,nan,toroidal alone fails,1.000000e+09,1.5000,0.1100
-1.000000e+00,5.000000e-01,1.962323e+00,1.054307e-01,4.749764e-01,6.284301e-03,4.922718e-01,nan,nan,nan,nan,toroidal alone fails,1.000000e+09,1.5000,0.1100
-1.000000e+00,1.500000e+00,1.962323e+00,1.054307e-01,4.749764e-01,6.284301e-03,1.381690e+00,2.631489e-01,1.136156e+01,6.899063e+11,2.389550e-03,split not comparable,1.000000e+09,1.5000,0.1100
-1.000000e+00,3.000000e+00,1.962323e+00,1.054307e-01,4.749764e-01,6.284301e-03,1.352429e+00,3.353608e-01,1.136156e+01,6.899063e+11,2.389550e-03,split not comparable,1.000000e+09,1.5000,0.1100
-2.000000e+00,5.000000e-01,1.962323e+00,1.054307e-01,4.749764e-01,6.284301e-03,5.539952e-01,nan,nan,nan,nan,toroidal alone fails,1.000000e+09,1.5000,0.1100
-2.000000e+00,1.500000e+00,1.962323e+00,1.054307e-01,4.749764e-01,6.284301e-03,1.600277e+00,5.202755e-02,1.517585e+02,2.634579e+11,1.638603e-02,split not comparable,1.000000e+09,1.5000,0.1100
-2.000000e+00,3.000000e+00,1.962323e+00,1.054307e-01,4.749764e-01,6.284301e-03,1.727144e+00,6.456476e-02,1.517585e+02,2.634579e+11,1.638603e-02,split not comparable,1.000000e+09,1.5000,0.1100
0.000000e+00,5.000000e-01,2.064850e+00,1.130358e-01,4.436618e-01,1.941582e-02,1.409346e-01,nan,nan,nan,nan,toroidal alone fails,1.000000e+09,1.5000,0.2000
0.000000e+00,1.500000e+00,2.064850e+00,1.130358e-01,4.436618e-01,1.941582e-02,2.950744e-01,nan,nan,nan,nan,toroidal alone fails,1.000000e+09,1.5000,0.2000
0.000000e+00,3.000000e+00,2.064850e+00,1.130358e-01,4.436618e-01,1.941582e-02,2.437324e-01,nan,nan,nan,nan,toroidal alone fails,1.000000e+09,1.5000,0.2000
-1.000000e+00,5.000000e-01,2.064850e+00,1.130358e-01,4.436618e-01,1.941582e-02,1.696891e-01,nan,nan,nan,nan,toroidal alone fails,1.000000e+09,1.5000,0.2000
-1.000000e+00,1.500000e+00,2.064850e+00,1.130358e-01,4.436618e-01,1.941582e-02,3.873849e-01,nan,nan,nan,nan,toroidal alone fails,1.000000e+09,1.5000,0.2000
-1.000000e+00,3.000000e+00,2.064850e+00,1.130358e-01,4.436618e-01,1.941582e-02,3.513490e-01,nan,nan,nan,nan,toroidal alone fails,1.000000e+09,1.5000,0.2000
-2.000000e+00,5.000000e-01,2.064850e+00,1.130358e-01,4.436618e-01,1.941582e-02,1.936952e-01,nan,nan,nan,nan,toroidal alone fails,1.000000e+09,1.5000,0.2000
-2.000000e+00,1.500000e+00,2.064850e+00,1.130358e-01,4.436618e-01,1.941582e-02,4.601279e-01,nan,nan,nan,nan,toroidal alone fails,1.000000e+09,1.5000,0.2000
-2.000000e+00,3.000000e+00,2.064850e+00,1.130358e-01,4.436618e-01,1.941582e-02,4.554955e-01,nan,nan,nan,nan,toroidal alone fails,1.000000e+09,1.5000,0.2000
0.000000e+00,5.000000e-01,2.590252e+00,1.398322e-01,3.069788e-01,7.671587e-02,3.850515e-02,nan,nan,nan,nan,toroidal alone fails,1.000000e+09,1.5000,0.4500
0.000000e+00,1.500000e+00,2.590252e+00,1.398322e-01,3.069788e-01,7.671587e-02,3.449860e-02,nan,nan,nan,nan,toroidal alone fails,1.000000e+09,1.5000,0.4500
0.000000e+00,3.000000e+00,2.590252e+00,1.398322e-01,3.069788e-01,7.671587e-02,2.579791e-02,nan,nan,nan,nan,toroidal alone fails,1.000000e+09,1.5000,0.4500
-1.000000e+00,5.000000e-01,2.590252e+00,1.398322e-01,3.069788e-01,7.671587e-02,4.924145e-02,nan,nan,nan,nan,toroidal alone fails,1.000000e+09,1.5000,0.4500
-1.000000e+00,1.500000e+00,2.590252e+00,1.398322e-01,3.069788e-01,7.671587e-02,4.853086e-02,nan,nan,nan,nan,toroidal alone fails,1.000000e+09,1.5000,0.4500
-1.000000e+00,3.000000e+00,2.590252e+00,1.398322e-01,3.069788e-01,7.671587e-02,3.857088e-02,nan,nan,nan,nan,toroidal alone fails,1.000000e+09,1.5000,0.4500
-2.000000e+00,5.000000e-01,2.590252e+00,1.398322e-01,3.069788e-01,7.671587e-02,5.868059e-02,nan,nan,nan,nan,toroidal alone fails,1.000000e+09,1.5000,0.4500
-2.000000e+00,1.500000e+00,2.590252e+00,1.398322e-01,3.069788e-01,7.671587e-02,6.089450e-02,nan,nan,nan,nan,toroidal alone fails,1.000000e+09,1.5000,0.4500
-2.000000e+00,3.000000e+00,2.590252e+00,1.398322e-01,3.069788e-01,7.671587e-02,5.125043e-02,nan,nan,nan,nan,toroidal alone fails,1.000000e+09,1.5000,0.4500
0.000000e+00,5.000000e-01,4.401836e+00,1.601350e-01,9.932080e-02,2.272867e-01,3.642751e-02,nan,nan,nan,nan,toroidal alone fails,1.000000e+09,1.5000,1.0000
0.000000e+00,1.500000e+00,4.401836e+00,1.601350e-01,9.932080e-02,2.272867e-01,4.329017e-02,nan,nan,nan,nan,toroidal alone fails,1.000000e+09,1.5000,1.0000
0.000000e+00,3.000000e+00,4.401836e+00,1.601350e-01,9.932080e-02,2.272867e-01,9.499925e-02,nan,nan,nan,nan,toroidal alone fails,1.000000e+09,1.5000,1.0000
-1.000000e+00,5.000000e-01,4.401836e+00,1.601350e-01,9.932080e-02,2.272867e-01,3.544981e-02,nan,nan,nan,nan,toroidal alone fails,1.000000e+09,1.5000,1.0000
-1.000000e+00,1.500000e+00,4.401836e+00,1.601350e-01,9.932080e-02,2.272867e-01,2.603291e-02,nan,nan,nan,nan,toroidal alone fails,1.000000e+09,1.5000,1.0000
-1.000000e+00,3.000000e+00,4.401836e+00,1.601350e-01,9.932080e-02,2.272867e-01,2.746310e-02,nan,nan,nan,nan,toroidal alone fails,1.000000e+09,1.5000,1.0000
-2.000000e+00,5.000000e-01,4.401836e+00,1.601350e-01,9.932080e-02,2.272867e-01,3.819970e-02,nan,nan,nan,nan,toroidal alone fails,1.000000e+09,1.5000,1.0000
-2.000000e+00,1.500000e+00,4.401836e+00,1.601350e-01,9.932080e-02,2.272867e-01,2.360701e-02,nan,nan,nan,nan,toroidal alone fails,1.000000e+09,1.5000,1.0000
-2.000000e+00,3.000000e+00,4.401836e+00,1.601350e-01,9.932080e-02,2.272867e-01,1.905842e-02,nan,nan,nan,nan,toroidal alone fails,1.000000e+09,1.5000,1.0000
0.000000e+00,5.000000e-01,1.388896e+00,0.000000e+00,0.000000e+00,1.144215e-03,6.539546e-01,nan,nan,nan,nan,toroidal alone fails,3.000000e+09,0.0000,0.0500
0.000000e+00,1.500000e+00,1.388896e+00,0.000000e+00,0.000000e+00,1.144215e-03,8.099142e+00,5.400766e-01,7.114654e-01,7.215197e+11,2.184741e-03,sub-Chandrasekhar,3.000000e+09,0.0000,0.0500
0.000000e+00,3.000000e+00,1.388896e+00,0.000000e+00,0.000000e+00,1.144215e-03,7.133426e+00,7.120534e-01,7.114654e-01,7.215197e+11,2.184741e-03,sub-Chandrasekhar,3.000000e+09,0.0000,0.0500
-1.000000e+00,5.000000e-01,1.388896e+00,0.000000e+00,0.000000e+00,1.144215e-03,7.611875e-01,nan,nan,nan,nan,toroidal alone fails,3.000000e+09,0.0000,0.0500
-1.000000e+00,1.500000e+00,1.388896e+00,0.000000e+00,0.000000e+00,1.144215e-03,9.979977e+00,1.433789e-01,1.280511e+00,6.599251e+11,2.611603e-03,sub-Chandrasekhar,3.000000e+09,0.0000,0.0500
-1.000000e+00,3.000000e+00,1.388896e+00,0.000000e+00,0.000000e+00,1.144215e-03,9.609574e+00,1.862525e-01,1.280511e+00,6.599251e+11,2.611603e-03,sub-Chandrasekhar,3.000000e+09,0.0000,0.0500
-2.000000e+00,5.000000e-01,1.388896e+00,0.000000e+00,0.000000e+00,1.144215e-03,9.152968e-01,nan,nan,nan,nan,toroidal alone fails,3.000000e+09,0.0000,0.0500
-2.000000e+00,1.500000e+00,1.388896e+00,0.000000e+00,0.000000e+00,1.144215e-03,1.208968e+01,3.287405e-02,1.590146e+01,2.796522e+11,1.454320e-02,sub-Chandrasekhar,3.000000e+09,0.0000,0.0500
-2.000000e+00,3.000000e+00,1.388896e+00,0.000000e+00,0.000000e+00,1.144215e-03,1.257854e+01,4.162739e-02,1.590146e+01,2.796522e+11,1.454320e-02,sub-Chandrasekhar,3.000000e+09,0.0000,0.0500
0.000000e+00,5.000000e-01,1.396971e+00,0.000000e+00,0.000000e+00,5.419944e-03,1.463108e-01,nan,nan,nan,nan,toroidal alone fails,3.000000e+09,0.0000,0.1100
0.000000e+00,1.500000e+00,1.396971e+00,0.000000e+00,0.000000e+00,5.419944e-03,1.641700e+00,1.187466e+00,3.574626e+00,6.875165e+11,2.406191e-03,sub-Chandrasekhar,3.000000e+09,0.0000,0.1100
0.000000e+00,3.000000e+00,1.396971e+00,0.000000e+00,0.000000e+00,5.419944e-03,1.443373e+00,1.564679e+00,3.574626e+00,6.875165e+11,2.406191e-03,sub-Chandrasekhar,3.000000e+09,0.0000,0.1100
-1.000000e+00,5.000000e-01,1.396971e+00,0.000000e+00,0.000000e+00,5.419944e-03,1.709014e-01,nan,nan,nan,nan,toroidal alone fails,3.000000e+09,0.0000,0.1100
-1.000000e+00,1.500000e+00,1.396971e+00,0.000000e+00,0.000000e+00,5.419944e-03,2.030011e+00,3.123169e-01,6.402084e+00,6.303006e+11,2.862865e-03,sub-Chandrasekhar,3.000000e+09,0.0000,0.1100
-1.000000e+00,3.000000e+00,1.396971e+00,0.000000e+00,0.000000e+00,5.419944e-03,1.950392e+00,4.054667e-01,6.402084e+00,6.303006e+11,2.862865e-03,sub-Chandrasekhar,3.000000e+09,0.0000,0.1100
-2.000000e+00,5.000000e-01,1.396971e+00,0.000000e+00,0.000000e+00,5.419944e-03,2.056311e-01,nan,nan,nan,nan,toroidal alone fails,3.000000e+09,0.0000,0.1100
-2.000000e+00,1.500000e+00,1.396971e+00,0.000000e+00,0.000000e+00,5.419944e-03,2.459482e+00,6.960251e-02,7.459176e+01,2.751172e+11,1.502660e-02,sub-Chandrasekhar,3.000000e+09,0.0000,0.1100
-2.000000e+00,3.000000e+00,1.396971e+00,0.000000e+00,0.000000e+00,5.419944e-03,2.543593e+00,8.821926e-02,7.459176e+01,2.751172e+11,1.502660e-02,sub-Chandrasekhar,3.000000e+09,0.0000,0.1100
0.000000e+00,5.000000e-01,1.420007e+00,0.000000e+00,0.000000e+00,1.693083e-02,4.667050e-02,nan,nan,nan,nan,toroidal alone fails,3.000000e+09,0.0000,0.2000
0.000000e+00,1.500000e+00,1.420007e+00,0.000000e+00,0.000000e+00,1.693083e-02,4.737949e-01,nan,nan,nan,nan,toroidal alone fails,3.000000e+09,0.0000,0.2000
0.000000e+00,3.000000e+00,1.420007e+00,0.000000e+00,0.000000e+00,1.693083e-02,4.092403e-01,nan,nan,nan,nan,toroidal alone fails,3.000000e+09,0.0000,0.2000
-1.000000e+00,5.000000e-01,1.420007e+00,0.000000e+00,0.000000e+00,1.693083e-02,5.495874e-02,nan,nan,nan,nan,toroidal alone fails,3.000000e+09,0.0000,0.2000
-1.000000e+00,1.500000e+00,1.420007e+00,0.000000e+00,0.000000e+00,1.693083e-02,5.934330e-01,nan,nan,nan,nan,toroidal alone fails,3.000000e+09,0.0000,0.2000
-1.000000e+00,3.000000e+00,1.420007e+00,0.000000e+00,0.000000e+00,1.693083e-02,5.583651e-01,nan,nan,nan,nan,toroidal alone fails,3.000000e+09,0.0000,0.2000
-2.000000e+00,5.000000e-01,1.420007e+00,0.000000e+00,0.000000e+00,1.693083e-02,6.628025e-02,nan,nan,nan,nan,toroidal alone fails,3.000000e+09,0.0000,0.2000
-2.000000e+00,1.500000e+00,1.420007e+00,0.000000e+00,0.000000e+00,1.693083e-02,7.202893e-01,nan,nan,nan,nan,toroidal alone fails,3.000000e+09,0.0000,0.2000
-2.000000e+00,3.000000e+00,1.420007e+00,0.000000e+00,0.000000e+00,1.693083e-02,7.209144e-01,nan,nan,nan,nan,toroidal alone fails,3.000000e+09,0.0000,0.2000
0.000000e+00,5.000000e-01,1.546048e+00,0.000000e+00,0.000000e+00,6.798991e-02,1.184519e-02,nan,nan,nan,nan,toroidal alone fails,3.000000e+09,0.0000,0.4500
0.000000e+00,1.500000e+00,1.546048e+00,0.000000e+00,0.000000e+00,6.798991e-02,7.314628e-02,nan,nan,nan,nan,toroidal alone fails,3.000000e+09,0.0000,0.4500
0.000000e+00,3.000000e+00,1.546048e+00,0.000000e+00,0.000000e+00,6.798991e-02,5.821068e-02,nan,nan,nan,nan,toroidal alone fails,3.000000e+09,0.0000,0.4500
-1.000000e+00,5.000000e-01,1.546048e+00,0.000000e+00,0.000000e+00,6.798991e-02,1.445723e-02,nan,nan,nan,nan,toroidal alone fails,3.000000e+09,0.0000,0.4500
-1.000000e+00,1.500000e+00,1.546048e+00,0.000000e+00,0.000000e+00,6.798991e-02,9.726464e-02,nan,nan,nan,nan,toroidal alone fails,3.000000e+09,0.0000,0.4500
-1.000000e+00,3.000000e+00,1.546048e+00,0.000000e+00,0.000000e+00,6.798991e-02,8.321823e-02,nan,nan,nan,nan,toroidal alone fails,3.000000e+09,0.0000,0.4500
-2.000000e+00,5.000000e-01,1.546048e+00,0.000000e+00,0.000000e+00,6.798991e-02,1.734338e-02,nan,nan,nan,nan,toroidal alone fails,3.000000e+09,0.0000,0.4500
-2.000000e+00,1.500000e+00,1.546048e+00,0.000000e+00,0.000000e+00,6.798991e-02,1.164823e-01,nan,nan,nan,nan,toroidal alone fails,3.000000e+09,0.0000,0.4500
-2.000000e+00,3.000000e+00,1.546048e+00,0.000000e+00,0.000000e+00,6.798991e-02,1.019984e-01,nan,nan,nan,nan,toroidal alone fails,3.000000e+09,0.0000,0.4500
0.000000e+00,5.000000e-01,2.115051e+00,0.000000e+00,0.000000e+00,2.004009e-01,4.551601e-03,nan,nan,nan,nan,toroidal alone fails,3.000000e+09,0.0000,1.0000
0.000000e+00,1.500000e+00,2.115051e+00,0.000000e+00,0.000000e+00,2.004009e-01,5.714416e-03,nan,nan,nan,nan,toroidal alone fails,3.000000e+09,0.0000,1.0000
0.000000e+00,3.000000e+00,2.115051e+00,0.000000e+00,0.000000e+00,2.004009e-01,4.353787e-03,nan,nan,nan,nan,toroidal alone fails,3.000000e+09,0.0000,1.0000
-1.000000e+00,5.000000e-01,2.115051e+00,0.000000e+00,0.000000e+00,2.004009e-01,6.098372e-03,nan,nan,nan,nan,toroidal alone fails,3.000000e+09,0.0000,1.0000
-1.000000e+00,1.500000e+00,2.115051e+00,0.000000e+00,0.000000e+00,2.004009e-01,8.622757e-03,nan,nan,nan,nan,toroidal alone fails,3.000000e+09,0.0000,1.0000
-1.000000e+00,3.000000e+00,2.115051e+00,0.000000e+00,0.000000e+00,2.004009e-01,7.213049e-03,nan,nan,nan,nan,toroidal alone fails,3.000000e+09,0.0000,1.0000
-2.000000e+00,5.000000e-01,2.115051e+00,0.000000e+00,0.000000e+00,2.004009e-01,6.607470e-03,nan,nan,nan,nan,toroidal alone fails,3.000000e+09,0.0000,1.0000
-2.000000e+00,1.500000e+00,2.115051e+00,0.000000e+00,0.000000e+00,2.004009e-01,8.513835e-03,nan,nan,nan,nan,toroidal alone fails,3.000000e+09,0.0000,1.0000
-2.000000e+00,3.000000e+00,2.115051e+00,0.000000e+00,0.000000e+00,2.004009e-01,6.119814e-03,nan,nan,nan,nan,toroidal alone fails,3.000000e+09,0.0000,1.0000
0.000000e+00,5.000000e-01,1.422335e+00,7.987503e-03,6.314258e-02,1.156760e-03,6.928433e-01,nan,nan,nan,nan,toroidal alone fails,3.000000e+09,0.5000,0.0500
0.000000e+00,1.500000e+00,1.422335e+00,7.987503e-03,6.314258e-02,1.156760e-03,7.868857e+00,6.220612e-01,1.013104e+00,6.727032e+11,2.513329e-03,sub-Chandrasekhar,3.000000e+09,0.5000,0.0500
0.000000e+00,3.000000e+00,1.422335e+00,7.987503e-03,6.314258e-02,1.156760e-03,7.140357e+00,8.197307e-01,1.013104e+00,6.727032e+11,2.513329e-03,sub-Chandrasekhar,3.000000e+09,0.5000,0.0500
-1.000000e+00,5.000000e-01,1.422335e+00,7.987503e-03,6.314258e-02,1.156760e-03,8.050377e-01,nan,nan,nan,nan,toroidal alone fails,3.000000e+09,0.5000,0.0500
-1.000000e+00,1.500000e+00,1.422335e+00,7.987503e-03,6.314258e-02,1.156760e-03,9.626098e+00,1.596070e-01,1.727867e+00,6.267546e+11,2.895352e-03,sub-Chandrasekhar,3.000000e+09,0.5000,0.0500
-1.000000e+00,3.000000e+00,1.422335e+00,7.987503e-03,6.314258e-02,1.156760e-03,9.619498e+00,2.071911e-01,1.727867e+00,6.267546e+11,2.895352e-03,sub-Chandrasekhar,3.000000e+09,0.5000,0.0500
-2.000000e+00,5.000000e-01,1.422335e+00,7.987503e-03,6.314258e-02,1.156760e-03,9.329592e-01,nan,nan,nan,nan,toroidal alone fails,3.000000e+09,0.5000,0.0500
-2.000000e+00,1.500000e+00,1.422335e+00,7.987503e-03,6.314258e-02,1.156760e-03,1.183840e+01,3.187967e-02,1.661645e+01,2.977317e+11,1.283058e-02,sub-Chandrasekhar,3.000000e+09,0.5000,0.0500
-2.000000e+00,3.000000e+00,1.422335e+00,7.987503e-03,6.314258e-02,1.156760e-03,1.274601e+01,4.020958e-02,1.661645e+01,2.977317e+11,1.283058e-02,sub-Chandrasekhar,3.000000e+09,0.5000,0.0500
0.000000e+00,5.000000e-01,1.431275e+00,8.121688e-03,6.383613e-02,5.476942e-03,1.385537e-01,nan,nan,nan,nan,toroidal alone fails,3.000000e+09,0.5000,0.1100
0.000000e+00,1.500000e+00,1.431275e+00,8.121688e-03,6.383613e-02,5.476942e-03,1.599917e+00,1.270262e+00,4.382218e+00,6.918742e+11,2.375976e-03,sub-Chandrasekhar,3.000000e+09,0.5000,0.1100
0.000000e+00,3.000000e+00,1.431275e+00,8.121688e-03,6.383613e-02,5.476942e-03,1.437253e+00,1.672704e+00,4.382218e+00,6.918742e+11,2.375976e-03,sub-Chandrasekhar,3.000000e+09,0.5000,0.1100
-1.000000e+00,5.000000e-01,1.431275e+00,8.121688e-03,6.383613e-02,5.476942e-03,1.614455e-01,nan,nan,nan,nan,toroidal alone fails,3.000000e+09,0.5000,0.1100
-1.000000e+00,1.500000e+00,1.431275e+00,8.121688e-03,6.383613e-02,5.476942e-03,1.968694e+00,3.059219e-01,6.682744e+00,6.814649e+11,2.449117e-03,sub-Chandrasekhar,3.000000e+09,0.5000,0.1100
-1.000000e+00,3.000000e+00,1.431275e+00,8.121688e-03,6.383613e-02,5.476942e-03,1.945478e+00,3.967823e-01,6.682744e+00,6.814649e+11,2.449117e-03,sub-Chandrasekhar,3.000000e+09,0.5000,0.1100
-2.000000e+00,5.000000e-01,1.431275e+00,8.121688e-03,6.383613e-02,5.476942e-03,1.874063e-01,nan,nan,nan,nan,toroidal alone fails,3.000000e+09,0.5000,0.1100
-2.000000e+00,1.500000e+00,1.431275e+00,8.121688e-03,6.383613e-02,5.476942e-03,2.425139e+00,6.753002e-02,7.792637e+01,2.931926e+11,1.323093e-02,sub-Chandrasekhar,3.000000e+09,0.5000,0.1100
-2.000000e+00,3.000000e+00,1.431275e+00,8.121688e-03,6.383613e-02,5.476942e-03,2.575349e+00,8.520693e-02,7.792637e+01,2.931926e+11,1.323093e-02,sub-Chandrasekhar,3.000000e+09,0.5000,0.1100
0.000000e+00,5.000000e-01,1.456769e+00,8.489656e-03,6.492712e-02,1.709080e-02,4.421243e-02,nan,nan,nan,nan,toroidal alone fails,3.000000e+09,0.5000,0.2000
0.000000e+00,1.500000e+00,1.456769e+00,8.489656e-03,6.492712e-02,1.709080e-02,4.646867e-01,nan,nan,nan,nan,toroidal alone fails,3.000000e+09,0.5000,0.2000
0.000000e+00,3.000000e+00,1.456769e+00,8.489656e-03,6.492712e-02,1.709080e-02,4.025551e-01,nan,nan,nan,nan,toroidal alone fails,3.000000e+09,0.5000,0.2000
-1.000000e+00,5.000000e-01,1.456769e+00,8.489656e-03,6.492712e-02,1.709080e-02,5.195833e-02,nan,nan,nan,nan,toroidal alone fails,3.000000e+09,0.5000,0.2000
-1.000000e+00,1.500000e+00,1.456769e+00,8.489656e-03,6.492712e-02,1.709080e-02,5.827756e-01,nan,nan,nan,nan,toroidal alone fails,3.000000e+09,0.5000,0.2000
-1.000000e+00,3.000000e+00,1.456769e+00,8.489656e-03,6.492712e-02,1.709080e-02,5.513535e-01,nan,nan,nan,nan,toroidal alone fails,3.000000e+09,0.5000,0.2000
-2.000000e+00,5.000000e-01,1.456769e+00,8.489656e-03,6.492712e-02,1.709080e-02,6.075510e-02,nan,nan,nan,nan,toroidal alone fails,3.000000e+09,0.5000,0.2000
-2.000000e+00,1.500000e+00,1.456769e+00,8.489656e-03,6.492712e-02,1.709080e-02,7.214417e-01,nan,nan,nan,nan,toroidal alone fails,3.000000e+09,0.5000,0.2000
-2.000000e+00,3.000000e+00,1.456769e+00,8.489656e-03,6.492712e-02,1.709080e-02,7.267220e-01,nan,nan,nan,nan,toroidal alone fails,3.000000e+09,0.5000,0.2000
0.000000e+00,5.000000e-01,1.596165e+00,1.021223e-02,6.788045e-02,6.841712e-02,1.380536e-02,nan,nan,nan,nan,toroidal alone fails,3.000000e+09,0.5000,0.4500
0.000000e+00,1.500000e+00,1.596165e+00,1.021223e-02,6.788045e-02,6.841712e-02,7.075037e-02,nan,nan,nan,nan,toroidal alone fails,3.000000e+09,0.5000,0.4500
0.000000e+00,3.000000e+00,1.596165e+00,1.021223e-02,6.788045e-02,6.841712e-02,5.622838e-02,nan,nan,nan,nan,toroidal alone fails,3.000000e+09,0.5000,0.4500
-1.000000e+00,5.000000e-01,1.596165e+00,1.021223e-02,6.788045e-02,6.841712e-02,1.686327e-02,nan,nan,nan,nan,toroidal alone fails,3.000000e+09,0.5000,0.4500
-1.000000e+00,1.500000e+00,1.596165e+00,1.021223e-02,6.788045e-02,6.841712e-02,9.445634e-02,nan,nan,nan,nan,toroidal alone fails,3.000000e+09,0.5000,0.4500
-1.000000e+00,3.000000e+00,1.596165e+00,1.021223e-02,6.788045e-02,6.841712e-02,8.075405e-02,nan,nan,nan,nan,toroidal alone fails,3.000000e+09,0.5000,0.4500
-2.000000e+00,5.000000e-01,1.596165e+00,1.021223e-02,6.788045e-02,6.841712e-02,2.049002e-02,nan,nan,nan,nan,toroidal alone fails,3.000000e+09,0.5000,0.4500
-2.000000e+00,1.500000e+00,1.596165e+00,1.021223e-02,6.788045e-02,6.841712e-02,1.180060e-01,nan,nan,nan,nan,toroidal alone fails,3.000000e+09,0.5000,0.4500
-2.000000e+00,3.000000e+00,1.596165e+00,1.021223e-02,6.788045e-02,6.841712e-02,1.024794e-01,nan,nan,nan,nan,toroidal alone fails,3.000000e+09,0.5000,0.4500
0.000000e+00,5.000000e-01,2.225053e+00,1.453276e-02,4.942222e-02,2.010984e-01,5.118124e-03,nan,nan,nan,nan,toroidal alone fails,3.000000e+09,0.5000,1.0000
0.000000e+00,1.500000e+00,2.225053e+00,1.453276e-02,4.942222e-02,2.010984e-01,5.221770e-03,nan,nan,nan,nan,toroidal alone fails,3.000000e+09,0.5000,1.0000
0.000000e+00,3.000000e+00,2.225053e+00,1.453276e-02,4.942222e-02,2.010984e-01,4.011703e-03,nan,nan,nan,nan,toroidal alone fails,3.000000e+09,0.5000,1.0000
-1.000000e+00,5.000000e-01,2.225053e+00,1.453276e-02,4.942222e-02,2.010984e-01,6.762884e-03,nan,nan,nan,nan,toroidal alone fails,3.000000e+09,0.5000,1.0000
-1.000000e+00,1.500000e+00,2.225053e+00,1.453276e-02,4.942222e-02,2.010984e-01,7.794098e-03,nan,nan,nan,nan,toroidal alone fails,3.000000e+09,0.5000,1.0000
-1.000000e+00,3.000000e+00,2.225053e+00,1.453276e-02,4.942222e-02,2.010984e-01,6.614429e-03,nan,nan,nan,nan,toroidal alone fails,3.000000e+09,0.5000,1.0000
-2.000000e+00,5.000000e-01,2.225053e+00,1.453276e-02,4.942222e-02,2.010984e-01,8.024307e-03,nan,nan,nan,nan,toroidal alone fails,3.000000e+09,0.5000,1.0000
-2.000000e+00,1.500000e+00,2.225053e+00,1.453276e-02,4.942222e-02,2.010984e-01,9.033809e-03,nan,nan,nan,nan,toroidal alone fails,3.000000e+09,0.5000,1.0000
-2.000000e+00,3.000000e+00,2.225053e+00,1.453276e-02,4.942222e-02,2.010984e-01,6.606611e-03,nan,nan,nan,nan,toroidal alone fails,3.000000e+09,0.5000,1.0000
0.000000e+00,5.000000e-01,1.547088e+00,3.456431e-02,2.605027e-01,1.196886e-03,7.869877e-01,nan,nan,nan,nan,toroidal alone fails,3.000000e+09,1.0000,0.0500
0.000000e+00,1.500000e+00,1.547088e+00,3.456431e-02,2.605027e-01,1.196886e-03,7.146146e+00,7.149861e-01,1.677753e+00,7.185980e+11,2.202543e-03,ALL FOUR GATES,3.000000e+09,1.0000,0.0500
0.000000e+00,3.000000e+00,1.547088e+00,3.456431e-02,2.605027e-01,1.196886e-03,6.825126e+00,9.395714e-01,1.677753e+00,7.185980e+11,2.202543e-03,ALL FOUR GATES,3.000000e+09,1.0000,0.0500
-1.000000e+00,5.000000e-01,1.547088e+00,3.456431e-02,2.605027e-01,1.196886e-03,9.125450e-01,nan,nan,nan,nan,toroidal alone fails,3.000000e+09,1.0000,0.0500
-1.000000e+00,1.500000e+00,1.547088e+00,3.456431e-02,2.605027e-01,1.196886e-03,8.663263e+00,1.664753e-01,2.471016e+00,7.019590e+11,2.308197e-03,ALL FOUR GATES,3.000000e+09,1.0000,0.0500
-1.000000e+00,3.000000e+00,1.547088e+00,3.456431e-02,2.605027e-01,1.196886e-03,9.234896e+00,2.153399e-01,2.471016e+00,7.019590e+11,2.308197e-03,ALL FOUR GATES,3.000000e+09,1.0000,0.0500
-2.000000e+00,5.000000e-01,1.547088e+00,3.456431e-02,2.605027e-01,1.196886e-03,1.026973e+00,2.388156e-02,1.918878e+01,3.574794e+11,8.900090e-03,split not comparable,3.000000e+09,1.0000,0.0500
-2.000000e+00,1.500000e+00,1.547088e+00,3.456431e-02,2.605027e-01,1.196886e-03,9.960214e+00,2.886107e-02,1.918878e+01,3.574794e+11,8.900090e-03,split not comparable,3.000000e+09,1.0000,0.0500
-2.000000e+00,3.000000e+00,1.547088e+00,3.456431e-02,2.605027e-01,1.196886e-03,1.263356e+01,3.604117e-02,1.918878e+01,3.574794e+11,8.900090e-03,split not comparable,3.000000e+09,1.0000,0.0500
0.000000e+00,5.000000e-01,1.560347e+00,3.528751e-02,2.609613e-01,5.658337e-03,1.638943e-01,nan,nan,nan,nan,toroidal alone fails,3.000000e+09,1.0000,0.1100
0.000000e+00,1.500000e+00,1.560347e+00,3.528751e-02,2.609613e-01,5.658337e-03,1.451887e+00,1.519130e+00,7.933140e+00,7.101693e+11,2.255135e-03,ALL FOUR GATES,3.000000e+09,1.0000,0.1100
0.000000e+00,3.000000e+00,1.560347e+00,3.528751e-02,2.609613e-01,5.658337e-03,1.364628e+00,1.994662e+00,7.933140e+00,7.101693e+11,2.255135e-03,ALL FOUR GATES,3.000000e+09,1.0000,0.1100
-1.000000e+00,5.000000e-01,1.560347e+00,3.528751e-02,2.609613e-01,5.658337e-03,1.902619e-01,nan,nan,nan,nan,toroidal alone fails,3.000000e+09,1.0000,0.1100
-1.000000e+00,1.500000e+00,1.560347e+00,3.528751e-02,2.609613e-01,5.658337e-03,1.772921e+00,3.641354e-01,1.262473e+01,6.665052e+11,2.560291e-03,split not comparable,3.000000e+09,1.0000,0.1100
-1.000000e+00,3.000000e+00,1.560347e+00,3.528751e-02,2.609613e-01,5.658337e-03,1.856499e+00,4.703793e-01,1.262473e+01,6.665052e+11,2.560291e-03,split not comparable,3.000000e+09,1.0000,0.1100
-2.000000e+00,5.000000e-01,1.560347e+00,3.528751e-02,2.609613e-01,5.658337e-03,2.140461e-01,nan,nan,nan,nan,toroidal alone fails,3.000000e+09,1.0000,0.1100
-2.000000e+00,1.500000e+00,1.560347e+00,3.528751e-02,2.609613e-01,5.658337e-03,2.046056e+00,6.059184e-02,8.995073e+01,3.528229e+11,9.136566e-03,split not comparable,3.000000e+09,1.0000,0.1100
-2.000000e+00,3.000000e+00,1.560347e+00,3.528751e-02,2.609613e-01,5.658337e-03,2.549600e+00,7.558743e-02,8.995073e+01,3.528229e+11,9.136566e-03,split not comparable,3.000000e+09,1.0000,0.1100
0.000000e+00,5.000000e-01,1.598265e+00,3.727705e-02,2.624795e-01,1.759357e-02,5.328155e-02,nan,nan,nan,nan,toroidal alone fails,3.000000e+09,1.0000,0.2000
0.000000e+00,1.500000e+00,1.598265e+00,3.727705e-02,2.624795e-01,1.759357e-02,4.170145e-01,nan,nan,nan,nan,toroidal alone fails,3.000000e+09,1.0000,0.2000
0.000000e+00,3.000000e+00,1.598265e+00,3.727705e-02,2.624795e-01,1.759357e-02,3.769848e-01,nan,nan,nan,nan,toroidal alone fails,3.000000e+09,1.0000,0.2000
-1.000000e+00,5.000000e-01,1.598265e+00,3.727705e-02,2.624795e-01,1.759357e-02,6.248633e-02,nan,nan,nan,nan,toroidal alone fails,3.000000e+09,1.0000,0.2000
-1.000000e+00,1.500000e+00,1.598265e+00,3.727705e-02,2.624795e-01,1.759357e-02,5.202146e-01,nan,nan,nan,nan,toroidal alone fails,3.000000e+09,1.0000,0.2000
-1.000000e+00,3.000000e+00,1.598265e+00,3.727705e-02,2.624795e-01,1.759357e-02,5.200549e-01,nan,nan,nan,nan,toroidal alone fails,3.000000e+09,1.0000,0.2000
-2.000000e+00,5.000000e-01,1.598265e+00,3.727705e-02,2.624795e-01,1.759357e-02,7.070729e-02,nan,nan,nan,nan,toroidal alone fails,3.000000e+09,1.0000,0.2000
-2.000000e+00,1.500000e+00,1.598265e+00,3.727705e-02,2.624795e-01,1.759357e-02,6.092464e-01,nan,nan,nan,nan,toroidal alone fails,3.000000e+09,1.0000,0.2000
-2.000000e+00,3.000000e+00,1.598265e+00,3.727705e-02,2.624795e-01,1.759357e-02,7.207111e-01,nan,nan,nan,nan,toroidal alone fails,3.000000e+09,1.0000,0.2000
0.000000e+00,5.000000e-01,1.808179e+00,4.655032e-02,2.445142e-01,6.972040e-02,1.773376e-02,nan,nan,nan,nan,toroidal alone fails,3.000000e+09,1.0000,0.4500
0.000000e+00,1.500000e+00,1.808179e+00,4.655032e-02,2.445142e-01,6.972040e-02,5.930832e-02,nan,nan,nan,nan,toroidal alone fails,3.000000e+09,1.0000,0.4500
0.000000e+00,3.000000e+00,1.808179e+00,4.655032e-02,2.445142e-01,6.972040e-02,4.802754e-02,nan,nan,nan,nan,toroidal alone fails,3.000000e+09,1.0000,0.4500
-1.000000e+00,5.000000e-01,1.808179e+00,4.655032e-02,2.445142e-01,6.972040e-02,2.185449e-02,nan,nan,nan,nan,toroidal alone fails,3.000000e+09,1.0000,0.4500
-1.000000e+00,1.500000e+00,1.808179e+00,4.655032e-02,2.445142e-01,6.972040e-02,8.006696e-02,nan,nan,nan,nan,toroidal alone fails,3.000000e+09,1.0000,0.4500
-1.000000e+00,3.000000e+00,1.808179e+00,4.655032e-02,2.445142e-01,6.972040e-02,7.001719e-02,nan,nan,nan,nan,toroidal alone fails,3.000000e+09,1.0000,0.4500
-2.000000e+00,5.000000e-01,1.808179e+00,4.655032e-02,2.445142e-01,6.972040e-02,2.548789e-02,nan,nan,nan,nan,toroidal alone fails,3.000000e+09,1.0000,0.4500
-2.000000e+00,1.500000e+00,1.808179e+00,4.655032e-02,2.445142e-01,6.972040e-02,9.878241e-02,nan,nan,nan,nan,toroidal alone fails,3.000000e+09,1.0000,0.4500
-2.000000e+00,3.000000e+00,1.808179e+00,4.655032e-02,2.445142e-01,6.972040e-02,1.012305e-01,nan,nan,nan,nan,toroidal alone fails,3.000000e+09,1.0000,0.4500
0.000000e+00,5.000000e-01,2.747044e+00,6.546889e-02,1.176904e-01,2.044799e-01,7.070860e-03,nan,nan,nan,nan,toroidal alone fails,3.000000e+09,1.0000,1.0000
0.000000e+00,1.500000e+00,2.747044e+00,6.546889e-02,1.176904e-01,2.044799e-01,3.933699e-03,nan,nan,nan,nan,toroidal alone fails,3.000000e+09,1.0000,1.0000
0.000000e+00,3.000000e+00,2.747044e+00,6.546889e-02,1.176904e-01,2.044799e-01,2.739522e-03,nan,nan,nan,nan,toroidal alone fails,3.000000e+09,1.0000,1.0000
-1.000000e+00,5.000000e-01,2.747044e+00,6.546889e-02,1.176904e-01,2.044799e-01,9.352281e-03,nan,nan,nan,nan,toroidal alone fails,3.000000e+09,1.0000,1.0000
-1.000000e+00,1.500000e+00,2.747044e+00,6.546889e-02,1.176904e-01,2.044799e-01,5.701734e-03,nan,nan,nan,nan,toroidal alone fails,3.000000e+09,1.0000,1.0000
-1.000000e+00,3.000000e+00,2.747044e+00,6.546889e-02,1.176904e-01,2.044799e-01,4.316017e-03,nan,nan,nan,nan,toroidal alone fails,3.000000e+09,1.0000,1.0000
-2.000000e+00,5.000000e-01,2.747044e+00,6.546889e-02,1.176904e-01,2.044799e-01,1.157390e-02,nan,nan,nan,nan,toroidal alone fails,3.000000e+09,1.0000,1.0000
-2.000000e+00,1.500000e+00,2.747044e+00,6.546889e-02,1.176904e-01,2.044799e-01,7.523383e-03,nan,nan,nan,nan,toroidal alone fails,3.000000e+09,1.0000,1.0000
-2.000000e+00,3.000000e+00,2.747044e+00,6.546889e-02,1.176904e-01,2.044799e-01,6.115480e-03,nan,nan,nan,nan,toroidal alone fails,3.000000e+09,1.0000,1.0000
0.000000e+00,5.000000e-01,1.923223e+00,9.314056e-02,4.981237e-01,1.271783e-03,1.175279e+00,6.844895e-01,4.606261e+00,7.330182e+11,2.116737e-03,ALL FOUR GATES,3.000000e+09,1.5000,0.0500
0.000000e+00,1.500000e+00,1.923223e+00,9.314056e-02,4.981237e-01,1.271783e-03,5.046149e+00,8.631788e-01,4.606261e+00,7.330182e+11,2.116737e-03,ALL FOUR GATES,3.000000e+09,1.5000,0.0500
0.000000e+00,3.000000e+00,1.923223e+00,9.314056e-02,4.981237e-01,1.271783e-03,4.880321e+00,1.116308e+00,4.606261e+00,7.330182e+11,2.116737e-03,ALL FOUR GATES,3.000000e+09,1.5000,0.0500
-1.000000e+00,5.000000e-01,1.923223e+00,9.314056e-02,4.981237e-01,1.271783e-03,1.334096e+00,1.583915e-01,6.629125e+00,7.003543e+11,2.318787e-03,ALL FOUR GATES,3.000000e+09,1.5000,0.0500
-1.000000e+00,1.500000e+00,1.923223e+00,9.314056e-02,4.981237e-01,1.271783e-03,6.124677e+00,1.888913e-01,6.629125e+00,7.003543e+11,2.318787e-03,ALL FOUR GATES,3.000000e+09,1.5000,0.0500
-1.000000e+00,3.000000e+00,1.923223e+00,9.314056e-02,4.981237e-01,1.271783e-03,6.746835e+00,2.391125e-01,6.629125e+00,7.003543e+11,2.318787e-03,ALL FOUR GATES,3.000000e+09,1.5000,0.0500
-2.000000e+00,5.000000e-01,1.923223e+00,9.314056e-02,4.981237e-01,1.271783e-03,1.457746e+00,1.971431e-02,2.588934e+01,4.799439e+11,4.937595e-03,split not comparable,3.000000e+09,1.5000,0.0500
-2.000000e+00,1.500000e+00,1.923223e+00,9.314056e-02,4.981237e-01,1.271783e-03,6.822008e+00,2.195663e-02,2.588934e+01,4.799439e+11,4.937595e-03,split not comparable,3.000000e+09,1.5000,0.0500
-2.000000e+00,3.000000e+00,1.923223e+00,9.314056e-02,4.981237e-01,1.271783e-03,8.427266e+00,2.676962e-02,2.588934e+01,4.799439e+11,4.937595e-03,split not comparable,3.000000e+09,1.5000,0.0500
0.000000e+00,5.000000e-01,1.960360e+00,9.599884e-02,4.832542e-01,5.995521e-03,2.563326e-01,nan,nan,nan,nan,toroidal alone fails,3.000000e+09,1.5000,0.1100
0.000000e+00,1.500000e+00,1.960360e+00,9.599884e-02,4.832542e-01,5.995521e-03,1.007260e+00,1.741528e+00,2.036882e+01,7.534673e+11,2.003400e-03,split not comparable,3.000000e+09,1.5000,0.1100
0.000000e+00,3.000000e+00,1.960360e+00,9.599884e-02,4.832542e-01,5.995521e-03,9.410012e-01,nan,nan,nan,nan,toroidal alone fails,3.000000e+09,1.5000,0.1100
-1.000000e+00,5.000000e-01,1.960360e+00,9.599884e-02,4.832542e-01,5.995521e-03,2.933312e-01,nan,nan,nan,nan,toroidal alone fails,3.000000e+09,1.5000,0.1100
-1.000000e+00,1.500000e+00,1.960360e+00,9.599884e-02,4.832542e-01,5.995521e-03,1.243812e+00,3.634174e-01,2.752743e+01,7.423887e+11,2.063639e-03,split not comparable,3.000000e+09,1.5000,0.1100
-1.000000e+00,3.000000e+00,1.960360e+00,9.599884e-02,4.832542e-01,5.995521e-03,1.317159e+00,4.584619e-01,2.752743e+01,7.423887e+11,2.063639e-03,split not comparable,3.000000e+09,1.5000,0.1100
-2.000000e+00,5.000000e-01,1.960360e+00,9.599884e-02,4.832542e-01,5.995521e-03,3.219541e-01,nan,nan,nan,nan,toroidal alone fails,3.000000e+09,1.5000,0.1100
-2.000000e+00,1.500000e+00,1.960360e+00,9.599884e-02,4.832542e-01,5.995521e-03,1.401544e+00,4.495227e-02,1.216992e+02,4.759465e+11,5.020884e-03,split not comparable,3.000000e+09,1.5000,0.1100
-2.000000e+00,3.000000e+00,1.960360e+00,9.599884e-02,4.832542e-01,5.995521e-03,1.659061e+00,5.468294e-02,1.216992e+02,4.759465e+11,5.020884e-03,split not comparable,3.000000e+09,1.5000,0.1100
0.000000e+00,5.000000e-01,2.067096e+00,1.035796e-01,4.474184e-01,1.854097e-02,8.666041e-02,nan,nan,nan,nan,toroidal alone fails,3.000000e+09,1.5000,0.2000
0.000000e+00,1.500000e+00,2.067096e+00,1.035796e-01,4.474184e-01,1.854097e-02,2.755205e-01,nan,nan,nan,nan,toroidal alone fails,3.000000e+09,1.5000,0.2000
0.000000e+00,3.000000e+00,2.067096e+00,1.035796e-01,4.474184e-01,1.854097e-02,2.371399e-01,nan,nan,nan,nan,toroidal alone fails,3.000000e+09,1.5000,0.2000
-1.000000e+00,5.000000e-01,2.067096e+00,1.035796e-01,4.474184e-01,1.854097e-02,1.018964e-01,nan,nan,nan,nan,toroidal alone fails,3.000000e+09,1.5000,0.2000
-1.000000e+00,1.500000e+00,2.067096e+00,1.035796e-01,4.474184e-01,1.854097e-02,3.552486e-01,nan,nan,nan,nan,toroidal alone fails,3.000000e+09,1.5000,0.2000
-1.000000e+00,3.000000e+00,2.067096e+00,1.035796e-01,4.474184e-01,1.854097e-02,3.416006e-01,nan,nan,nan,nan,toroidal alone fails,3.000000e+09,1.5000,0.2000
-2.000000e+00,5.000000e-01,2.067096e+00,1.035796e-01,4.474184e-01,1.854097e-02,1.136953e-01,nan,nan,nan,nan,toroidal alone fails,3.000000e+09,1.5000,0.2000
-2.000000e+00,1.500000e+00,2.067096e+00,1.035796e-01,4.474184e-01,1.854097e-02,4.127248e-01,nan,nan,nan,nan,toroidal alone fails,3.000000e+09,1.5000,0.2000
-2.000000e+00,3.000000e+00,2.067096e+00,1.035796e-01,4.474184e-01,1.854097e-02,4.389899e-01,nan,nan,nan,nan,toroidal alone fails,3.000000e+09,1.5000,0.2000
0.000000e+00,5.000000e-01,2.624969e+00,1.310125e-01,3.038021e-01,7.364827e-02,2.364070e-02,nan,nan,nan,nan,toroidal alone fails,3.000000e+09,1.5000,0.4500
0.000000e+00,1.500000e+00,2.624969e+00,1.310125e-01,3.038021e-01,7.364827e-02,3.493114e-02,nan,nan,nan,nan,toroidal alone fails,3.000000e+09,1.5000,0.4500
0.000000e+00,3.000000e+00,2.624969e+00,1.310125e-01,3.038021e-01,7.364827e-02,2.619308e-02,nan,nan,nan,nan,toroidal alone fails,3.000000e+09,1.5000,0.4500
-1.000000e+00,5.000000e-01,2.624969e+00,1.310125e-01,3.038021e-01,7.364827e-02,2.990172e-02,nan,nan,nan,nan,toroidal alone fails,3.000000e+09,1.5000,0.4500
-1.000000e+00,1.500000e+00,2.624969e+00,1.310125e-01,3.038021e-01,7.364827e-02,4.887382e-02,nan,nan,nan,nan,toroidal alone fails,3.000000e+09,1.5000,0.4500
-1.000000e+00,3.000000e+00,2.624969e+00,1.310125e-01,3.038021e-01,7.364827e-02,3.910603e-02,nan,nan,nan,nan,toroidal alone fails,3.000000e+09,1.5000,0.4500
-2.000000e+00,5.000000e-01,2.624969e+00,1.310125e-01,3.038021e-01,7.364827e-02,3.513020e-02,nan,nan,nan,nan,toroidal alone fails,3.000000e+09,1.5000,0.4500
-2.000000e+00,1.500000e+00,2.624969e+00,1.310125e-01,3.038021e-01,7.364827e-02,6.078278e-02,nan,nan,nan,nan,toroidal alone fails,3.000000e+09,1.5000,0.4500
-2.000000e+00,3.000000e+00,2.624969e+00,1.310125e-01,3.038021e-01,7.364827e-02,5.171514e-02,nan,nan,nan,nan,toroidal alone fails,3.000000e+09,1.5000,0.4500
0.000000e+00,5.000000e-01,4.567066e+00,1.526915e-01,9.608871e-02,2.219173e-01,1.229841e-02,nan,nan,nan,nan,toroidal alone fails,3.000000e+09,1.5000,1.0000
0.000000e+00,1.500000e+00,4.567066e+00,1.526915e-01,9.608871e-02,2.219173e-01,6.380340e-03,nan,nan,nan,nan,toroidal alone fails,3.000000e+09,1.5000,1.0000
0.000000e+00,3.000000e+00,4.567066e+00,1.526915e-01,9.608871e-02,2.219173e-01,4.040864e-03,nan,nan,nan,nan,toroidal alone fails,3.000000e+09,1.5000,1.0000
-1.000000e+00,5.000000e-01,4.567066e+00,1.526915e-01,9.608871e-02,2.219173e-01,1.478395e-02,nan,nan,nan,nan,toroidal alone fails,3.000000e+09,1.5000,1.0000
-1.000000e+00,1.500000e+00,4.567066e+00,1.526915e-01,9.608871e-02,2.219173e-01,7.246266e-03,nan,nan,nan,nan,toroidal alone fails,3.000000e+09,1.5000,1.0000
-1.000000e+00,3.000000e+00,4.567066e+00,1.526915e-01,9.608871e-02,2.219173e-01,4.170249e-03,nan,nan,nan,nan,toroidal alone fails,3.000000e+09,1.5000,1.0000
-2.000000e+00,5.000000e-01,4.567066e+00,1.526915e-01,9.608871e-02,2.219173e-01,1.732939e-02,nan,nan,nan,nan,toroidal alone fails,3.000000e+09,1.5000,1.0000
-2.000000e+00,1.500000e+00,4.567066e+00,1.526915e-01,9.608871e-02,2.219173e-01,8.475964e-03,nan,nan,nan,nan,toroidal alone fails,3.000000e+09,1.5000,1.0000
-2.000000e+00,3.000000e+00,4.567066e+00,1.526915e-01,9.608871e-02,2.219173e-01,4.820316e-03,nan,nan,nan,nan,toroidal alone fails,3.000000e+09,1.5000,1.0000
0.000000e+00,5.000000e-01,1.401241e+00,0.000000e+00,0.000000e+00,1.140089e-03,4.471988e-01,nan,nan,nan,nan,toroidal alone fails,5.000000e+09,0.0000,0.0500
0.000000e+00,1.500000e+00,1.401241e+00,0.000000e+00,0.000000e+00,1.140089e-03,7.916292e+00,6.377026e-01,1.060403e+00,7.757659e+11,1.889883e-03,sub-Chandrasekhar,5.000000e+09,0.0000,0.0500
0.000000e+00,3.000000e+00,1.401241e+00,0.000000e+00,0.000000e+00,1.140089e-03,7.370226e+00,8.403317e-01,1.060403e+00,7.757659e+11,1.889883e-03,sub-Chandrasekhar,5.000000e+09,0.0000,0.0500
-1.000000e+00,5.000000e-01,1.401241e+00,0.000000e+00,0.000000e+00,1.140089e-03,5.171411e-01,nan,nan,nan,nan,toroidal alone fails,5.000000e+09,0.0000,0.0500
-1.000000e+00,1.500000e+00,1.401241e+00,0.000000e+00,0.000000e+00,1.140089e-03,9.569379e+00,1.658151e-01,1.823536e+00,7.185570e+11,2.202794e-03,sub-Chandrasekhar,5.000000e+09,0.0000,0.0500
-1.000000e+00,3.000000e+00,1.401241e+00,0.000000e+00,0.000000e+00,1.140089e-03,9.877264e+00,2.154071e-01,1.823536e+00,7.185570e+11,2.202794e-03,sub-Chandrasekhar,5.000000e+09,0.0000,0.0500
-2.000000e+00,5.000000e-01,1.401241e+00,0.000000e+00,0.000000e+00,1.140089e-03,6.150698e-01,nan,nan,nan,nan,toroidal alone fails,5.000000e+09,0.0000,0.0500
-2.000000e+00,1.500000e+00,1.401241e+00,0.000000e+00,0.000000e+00,1.140089e-03,1.149624e+01,3.179002e-02,1.496428e+01,3.710330e+11,8.261736e-03,sub-Chandrasekhar,5.000000e+09,0.0000,0.0500
-2.000000e+00,3.000000e+00,1.401241e+00,0.000000e+00,0.000000e+00,1.140089e-03,1.284888e+01,4.026642e-02,1.496428e+01,3.710330e+11,8.261736e-03,sub-Chandrasekhar,5.000000e+09,0.0000,0.0500
0.000000e+00,5.000000e-01,1.409604e+00,0.000000e+00,0.000000e+00,5.400297e-03,9.078064e-02,nan,nan,nan,nan,toroidal alone fails,5.000000e+09,0.0000,0.1100
0.000000e+00,1.500000e+00,1.409604e+00,0.000000e+00,0.000000e+00,5.400297e-03,1.631263e+00,1.422733e+00,5.394802e+00,7.344459e+11,2.108515e-03,sub-Chandrasekhar,5.000000e+09,0.0000,0.1100
0.000000e+00,3.000000e+00,1.409604e+00,0.000000e+00,0.000000e+00,5.400297e-03,1.473670e+00,1.873802e+00,5.394802e+00,7.344459e+11,2.108515e-03,sub-Chandrasekhar,5.000000e+09,0.0000,0.1100
-1.000000e+00,5.000000e-01,1.409604e+00,0.000000e+00,0.000000e+00,5.400297e-03,1.052824e-01,nan,nan,nan,nan,toroidal alone fails,5.000000e+09,0.0000,0.1100
-1.000000e+00,1.500000e+00,1.409604e+00,0.000000e+00,0.000000e+00,5.400297e-03,1.996055e+00,3.663050e-01,9.228345e+00,6.818769e+11,2.446158e-03,sub-Chandrasekhar,5.000000e+09,0.0000,0.1100
-1.000000e+00,3.000000e+00,1.409604e+00,0.000000e+00,0.000000e+00,5.400297e-03,1.984730e+00,4.755633e-01,9.228345e+00,6.818769e+11,2.446158e-03,sub-Chandrasekhar,5.000000e+09,0.0000,0.1100
-2.000000e+00,5.000000e-01,1.409604e+00,0.000000e+00,0.000000e+00,5.400297e-03,1.258741e-01,nan,nan,nan,nan,toroidal alone fails,5.000000e+09,0.0000,0.1100
-2.000000e+00,1.500000e+00,1.409604e+00,0.000000e+00,0.000000e+00,5.400297e-03,2.403068e+00,6.782866e-02,7.020168e+01,3.647667e+11,8.548030e-03,sub-Chandrasekhar,5.000000e+09,0.0000,0.1100
-2.000000e+00,3.000000e+00,1.409604e+00,0.000000e+00,0.000000e+00,5.400297e-03,2.576663e+00,8.598228e-02,7.020168e+01,3.647667e+11,8.548030e-03,sub-Chandrasekhar,5.000000e+09,0.0000,0.1100
0.000000e+00,5.000000e-01,1.433449e+00,0.000000e+00,0.000000e+00,1.686859e-02,2.947538e-02,nan,nan,nan,nan,toroidal alone fails,5.000000e+09,0.0000,0.2000
0.000000e+00,1.500000e+00,1.433449e+00,0.000000e+00,0.000000e+00,1.686859e-02,4.722538e-01,nan,nan,nan,nan,toroidal alone fails,5.000000e+09,0.0000,0.2000
0.000000e+00,3.000000e+00,1.433449e+00,0.000000e+00,0.000000e+00,1.686859e-02,4.182448e-01,nan,nan,nan,nan,toroidal alone fails,5.000000e+09,0.0000,0.2000
-1.000000e+00,5.000000e-01,1.433449e+00,0.000000e+00,0.000000e+00,1.686859e-02,3.446533e-02,nan,nan,nan,nan,toroidal alone fails,5.000000e+09,0.0000,0.2000
-1.000000e+00,1.500000e+00,1.433449e+00,0.000000e+00,0.000000e+00,1.686859e-02,5.855200e-01,nan,nan,nan,nan,toroidal alone fails,5.000000e+09,0.0000,0.2000
-1.000000e+00,3.000000e+00,1.433449e+00,0.000000e+00,0.000000e+00,1.686859e-02,5.689361e-01,nan,nan,nan,nan,toroidal alone fails,5.000000e+09,0.0000,0.2000
-2.000000e+00,5.000000e-01,1.433449e+00,0.000000e+00,0.000000e+00,1.686859e-02,4.153109e-02,nan,nan,nan,nan,toroidal alone fails,5.000000e+09,0.0000,0.2000
-2.000000e+00,1.500000e+00,1.433449e+00,0.000000e+00,0.000000e+00,1.686859e-02,7.064187e-01,nan,nan,nan,nan,toroidal alone fails,5.000000e+09,0.0000,0.2000
-2.000000e+00,3.000000e+00,1.433449e+00,0.000000e+00,0.000000e+00,1.686859e-02,7.317403e-01,nan,nan,nan,nan,toroidal alone fails,5.000000e+09,0.0000,0.2000
0.000000e+00,5.000000e-01,1.563741e+00,0.000000e+00,0.000000e+00,6.772637e-02,8.596415e-03,nan,nan,nan,nan,toroidal alone fails,5.000000e+09,0.0000,0.4500
0.000000e+00,1.500000e+00,1.563741e+00,0.000000e+00,0.000000e+00,6.772637e-02,7.422231e-02,nan,nan,nan,nan,toroidal alone fails,5.000000e+09,0.0000,0.4500
0.000000e+00,3.000000e+00,1.563741e+00,0.000000e+00,0.000000e+00,6.772637e-02,5.990420e-02,nan,nan,nan,nan,toroidal alone fails,5.000000e+09,0.0000,0.4500
-1.000000e+00,5.000000e-01,1.563741e+00,0.000000e+00,0.000000e+00,6.772637e-02,1.041856e-02,nan,nan,nan,nan,toroidal alone fails,5.000000e+09,0.0000,0.4500
-1.000000e+00,1.500000e+00,1.563741e+00,0.000000e+00,0.000000e+00,6.772637e-02,9.793478e-02,nan,nan,nan,nan,toroidal alone fails,5.000000e+09,0.0000,0.4500
-1.000000e+00,3.000000e+00,1.563741e+00,0.000000e+00,0.000000e+00,6.772637e-02,8.527654e-02,nan,nan,nan,nan,toroidal alone fails,5.000000e+09,0.0000,0.4500
-2.000000e+00,5.000000e-01,1.563741e+00,0.000000e+00,0.000000e+00,6.772637e-02,1.258165e-02,nan,nan,nan,nan,toroidal alone fails,5.000000e+09,0.0000,0.4500
-2.000000e+00,1.500000e+00,1.563741e+00,0.000000e+00,0.000000e+00,6.772637e-02,1.171547e-01,nan,nan,nan,nan,toroidal alone fails,5.000000e+09,0.0000,0.4500
-2.000000e+00,3.000000e+00,1.563741e+00,0.000000e+00,0.000000e+00,6.772637e-02,1.045123e-01,nan,nan,nan,nan,toroidal alone fails,5.000000e+09,0.0000,0.4500
0.000000e+00,5.000000e-01,2.151272e+00,0.000000e+00,0.000000e+00,1.995919e-01,3.543528e-03,nan,nan,nan,nan,toroidal alone fails,5.000000e+09,0.0000,1.0000
0.000000e+00,1.500000e+00,2.151272e+00,0.000000e+00,0.000000e+00,1.995919e-01,6.028931e-03,nan,nan,nan,nan,toroidal alone fails,5.000000e+09,0.0000,1.0000
0.000000e+00,3.000000e+00,2.151272e+00,0.000000e+00,0.000000e+00,1.995919e-01,4.575657e-03,nan,nan,nan,nan,toroidal alone fails,5.000000e+09,0.0000,1.0000
-1.000000e+00,5.000000e-01,2.151272e+00,0.000000e+00,0.000000e+00,1.995919e-01,4.715313e-03,nan,nan,nan,nan,toroidal alone fails,5.000000e+09,0.0000,1.0000
-1.000000e+00,1.500000e+00,2.151272e+00,0.000000e+00,0.000000e+00,1.995919e-01,9.043561e-03,nan,nan,nan,nan,toroidal alone fails,5.000000e+09,0.0000,1.0000
-1.000000e+00,3.000000e+00,2.151272e+00,0.000000e+00,0.000000e+00,1.995919e-01,7.543527e-03,nan,nan,nan,nan,toroidal alone fails,5.000000e+09,0.0000,1.0000
-2.000000e+00,5.000000e-01,2.151272e+00,0.000000e+00,0.000000e+00,1.995919e-01,5.280533e-03,nan,nan,nan,nan,toroidal alone fails,5.000000e+09,0.0000,1.0000
-2.000000e+00,1.500000e+00,2.151272e+00,0.000000e+00,0.000000e+00,1.995919e-01,9.119794e-03,nan,nan,nan,nan,toroidal alone fails,5.000000e+09,0.0000,1.0000
-2.000000e+00,3.000000e+00,2.151272e+00,0.000000e+00,0.000000e+00,1.995919e-01,6.570022e-03,nan,nan,nan,nan,toroidal alone fails,5.000000e+09,0.0000,1.0000
0.000000e+00,5.000000e-01,1.433298e+00,7.566037e-03,6.321103e-02,1.151525e-03,4.314904e-01,nan,nan,nan,nan,toroidal alone fails,5.000000e+09,0.5000,0.0500
0.000000e+00,1.500000e+00,1.433298e+00,7.566037e-03,6.321103e-02,1.151525e-03,7.784965e+00,7.438672e-01,1.523592e+00,7.184292e+11,2.203578e-03,sub-Chandrasekhar,5.000000e+09,0.5000,0.0500
0.000000e+00,3.000000e+00,1.433298e+00,7.566037e-03,6.321103e-02,1.151525e-03,7.289519e+00,9.801579e-01,1.523592e+00,7.184292e+11,2.203578e-03,sub-Chandrasekhar,5.000000e+09,0.5000,0.0500
-1.000000e+00,5.000000e-01,1.433298e+00,7.566037e-03,6.321103e-02,1.151525e-03,4.978450e-01,nan,nan,nan,nan,toroidal alone fails,5.000000e+09,0.5000,0.0500
-1.000000e+00,1.500000e+00,1.433298e+00,7.566037e-03,6.321103e-02,1.151525e-03,9.412447e+00,1.883679e-01,2.521358e+00,6.729630e+11,2.511389e-03,sub-Chandrasekhar,5.000000e+09,0.5000,0.0500
-1.000000e+00,3.000000e+00,1.433298e+00,7.566037e-03,6.321103e-02,1.151525e-03,9.783976e+00,2.445139e-01,2.521358e+00,6.729630e+11,2.511389e-03,sub-Chandrasekhar,5.000000e+09,0.5000,0.0500
-2.000000e+00,5.000000e-01,1.433298e+00,7.566037e-03,6.321103e-02,1.151525e-03,5.707735e-01,nan,nan,nan,nan,toroidal alone fails,5.000000e+09,0.5000,0.0500
-2.000000e+00,1.500000e+00,1.433298e+00,7.566037e-03,6.321103e-02,1.151525e-03,1.149238e+01,3.105549e-02,1.559307e+01,3.948592e+11,7.294776e-03,sub-Chandrasekhar,5.000000e+09,0.5000,0.0500
-2.000000e+00,3.000000e+00,1.433298e+00,7.566037e-03,6.321103e-02,1.151525e-03,1.288466e+01,3.917333e-02,1.559307e+01,3.948592e+11,7.294776e-03,sub-Chandrasekhar,5.000000e+09,0.5000,0.0500
0.000000e+00,5.000000e-01,1.442523e+00,7.696838e-03,6.390735e-02,5.452182e-03,1.052135e-01,nan,nan,nan,nan,toroidal alone fails,5.000000e+09,0.5000,0.1100
0.000000e+00,1.500000e+00,1.442523e+00,7.696838e-03,6.390735e-02,5.452182e-03,1.585344e+00,1.604248e+00,7.355557e+00,6.992925e+11,2.325834e-03,ALL FOUR GATES,5.000000e+09,0.5000,0.1100
0.000000e+00,3.000000e+00,1.442523e+00,7.696838e-03,6.390735e-02,5.452182e-03,1.469274e+00,2.112573e+00,7.355557e+00,6.992925e+11,2.325834e-03,ALL FOUR GATES,5.000000e+09,0.5000,0.1100
-1.000000e+00,5.000000e-01,1.442523e+00,7.696838e-03,6.390735e-02,5.452182e-03,1.218652e-01,nan,nan,nan,nan,toroidal alone fails,5.000000e+09,0.5000,0.1100
-1.000000e+00,1.500000e+00,1.442523e+00,7.696838e-03,6.390735e-02,5.452182e-03,1.927783e+00,3.867933e-01,1.120219e+01,6.824207e+11,2.442261e-03,split not comparable,5.000000e+09,0.5000,0.1100
-1.000000e+00,3.000000e+00,1.442523e+00,7.696838e-03,6.390735e-02,5.452182e-03,1.979695e+00,5.017249e-01,1.120219e+01,6.824207e+11,2.442261e-03,split not comparable,5.000000e+09,0.5000,0.1100
-2.000000e+00,5.000000e-01,1.442523e+00,7.696838e-03,6.390735e-02,5.452182e-03,1.402767e-01,nan,nan,nan,nan,toroidal alone fails,5.000000e+09,0.5000,0.1100
-2.000000e+00,1.500000e+00,1.442523e+00,7.696838e-03,6.390735e-02,5.452182e-03,2.358516e+00,6.575281e-02,7.313562e+01,3.884882e+11,7.535999e-03,split not comparable,5.000000e+09,0.5000,0.1100
-2.000000e+00,3.000000e+00,1.442523e+00,7.696838e-03,6.390735e-02,5.452182e-03,2.605461e+00,8.299280e-02,7.313562e+01,3.884882e+11,7.535999e-03,split not comparable,5.000000e+09,0.5000,0.1100
0.000000e+00,5.000000e-01,1.468822e+00,8.056182e-03,6.498874e-02,1.701361e-02,3.408604e-02,nan,nan,nan,nan,toroidal alone fails,5.000000e+09,0.5000,0.2000
0.000000e+00,1.500000e+00,1.468822e+00,8.056182e-03,6.498874e-02,1.701361e-02,4.629692e-01,nan,nan,nan,nan,toroidal alone fails,5.000000e+09,0.5000,0.2000
0.000000e+00,3.000000e+00,1.468822e+00,8.056182e-03,6.498874e-02,1.701361e-02,4.120410e-01,nan,nan,nan,nan,toroidal alone fails,5.000000e+09,0.5000,0.2000
-1.000000e+00,5.000000e-01,1.468822e+00,8.056182e-03,6.498874e-02,1.701361e-02,3.981221e-02,nan,nan,nan,nan,toroidal alone fails,5.000000e+09,0.5000,0.2000
-1.000000e+00,1.500000e+00,1.468822e+00,8.056182e-03,6.498874e-02,1.701361e-02,5.743265e-01,nan,nan,nan,nan,toroidal alone fails,5.000000e+09,0.5000,0.2000
-1.000000e+00,3.000000e+00,1.468822e+00,8.056182e-03,6.498874e-02,1.701361e-02,5.619909e-01,nan,nan,nan,nan,toroidal alone fails,5.000000e+09,0.5000,0.2000
-2.000000e+00,5.000000e-01,1.468822e+00,8.056182e-03,6.498874e-02,1.701361e-02,4.614147e-02,nan,nan,nan,nan,toroidal alone fails,5.000000e+09,0.5000,0.2000
-2.000000e+00,1.500000e+00,1.468822e+00,8.056182e-03,6.498874e-02,1.701361e-02,7.060413e-01,nan,nan,nan,nan,toroidal alone fails,5.000000e+09,0.5000,0.2000
-2.000000e+00,3.000000e+00,1.468822e+00,8.056182e-03,6.498874e-02,1.701361e-02,7.373696e-01,nan,nan,nan,nan,toroidal alone fails,5.000000e+09,0.5000,0.2000
0.000000e+00,5.000000e-01,1.612545e+00,9.749495e-03,6.780756e-02,6.810394e-02,1.052078e-02,nan,nan,nan,nan,toroidal alone fails,5.000000e+09,0.5000,0.4500
0.000000e+00,1.500000e+00,1.612545e+00,9.749495e-03,6.780756e-02,6.810394e-02,7.184511e-02,nan,nan,nan,nan,toroidal alone fails,5.000000e+09,0.5000,0.4500
0.000000e+00,3.000000e+00,1.612545e+00,9.749495e-03,6.780756e-02,6.810394e-02,5.797368e-02,nan,nan,nan,nan,toroidal alone fails,5.000000e+09,0.5000,0.4500
-1.000000e+00,5.000000e-01,1.612545e+00,9.749495e-03,6.780756e-02,6.810394e-02,1.275739e-02,nan,nan,nan,nan,toroidal alone fails,5.000000e+09,0.5000,0.4500
-1.000000e+00,1.500000e+00,1.612545e+00,9.749495e-03,6.780756e-02,6.810394e-02,9.514088e-02,nan,nan,nan,nan,toroidal alone fails,5.000000e+09,0.5000,0.4500
-1.000000e+00,3.000000e+00,1.612545e+00,9.749495e-03,6.780756e-02,6.810394e-02,8.289839e-02,nan,nan,nan,nan,toroidal alone fails,5.000000e+09,0.5000,0.4500
-2.000000e+00,5.000000e-01,1.612545e+00,9.749495e-03,6.780756e-02,6.810394e-02,1.529181e-02,nan,nan,nan,nan,toroidal alone fails,5.000000e+09,0.5000,0.4500
-2.000000e+00,1.500000e+00,1.612545e+00,9.749495e-03,6.780756e-02,6.810394e-02,1.185620e-01,nan,nan,nan,nan,toroidal alone fails,5.000000e+09,0.5000,0.4500
-2.000000e+00,3.000000e+00,1.612545e+00,9.749495e-03,6.780756e-02,6.810394e-02,1.050900e-01,nan,nan,nan,nan,toroidal alone fails,5.000000e+09,0.5000,0.4500
0.000000e+00,5.000000e-01,2.261332e+00,1.405693e-02,4.870830e-02,2.001760e-01,3.927994e-03,nan,nan,nan,nan,toroidal alone fails,5.000000e+09,0.5000,1.0000
0.000000e+00,1.500000e+00,2.261332e+00,1.405693e-02,4.870830e-02,2.001760e-01,5.524311e-03,nan,nan,nan,nan,toroidal alone fails,5.000000e+09,0.5000,1.0000
0.000000e+00,3.000000e+00,2.261332e+00,1.405693e-02,4.870830e-02,2.001760e-01,4.230158e-03,nan,nan,nan,nan,toroidal alone fails,5.000000e+09,0.5000,1.0000
-1.000000e+00,5.000000e-01,2.261332e+00,1.405693e-02,4.870830e-02,2.001760e-01,5.206533e-03,nan,nan,nan,nan,toroidal alone fails,5.000000e+09,0.5000,1.0000
-1.000000e+00,1.500000e+00,2.261332e+00,1.405693e-02,4.870830e-02,2.001760e-01,8.202724e-03,nan,nan,nan,nan,toroidal alone fails,5.000000e+09,0.5000,1.0000
-1.000000e+00,3.000000e+00,2.261332e+00,1.405693e-02,4.870830e-02,2.001760e-01,6.922979e-03,nan,nan,nan,nan,toroidal alone fails,5.000000e+09,0.5000,1.0000
-2.000000e+00,5.000000e-01,2.261332e+00,1.405693e-02,4.870830e-02,2.001760e-01,6.355595e-03,nan,nan,nan,nan,toroidal alone fails,5.000000e+09,0.5000,1.0000
-2.000000e+00,1.500000e+00,2.261332e+00,1.405693e-02,4.870830e-02,2.001760e-01,9.637006e-03,nan,nan,nan,nan,toroidal alone fails,5.000000e+09,0.5000,1.0000
-2.000000e+00,3.000000e+00,2.261332e+00,1.405693e-02,4.870830e-02,2.001760e-01,7.044587e-03,nan,nan,nan,nan,toroidal alone fails,5.000000e+09,0.5000,1.0000
0.000000e+00,5.000000e-01,1.552410e+00,3.275785e-02,2.623417e-01,1.187625e-03,5.580022e-01,nan,nan,nan,nan,toroidal alone fails,5.000000e+09,1.0000,0.0500
0.000000e+00,1.500000e+00,1.552410e+00,3.275785e-02,2.623417e-01,1.187625e-03,7.030394e+00,9.172454e-01,2.917042e+00,7.095617e+11,2.258999e-03,ALL FOUR GATES,5.000000e+09,1.0000,0.0500
0.000000e+00,3.000000e+00,1.552410e+00,3.275785e-02,2.623417e-01,1.187625e-03,6.977026e+00,1.205203e+00,2.917042e+00,7.095617e+11,2.258999e-03,ALL FOUR GATES,5.000000e+09,1.0000,0.0500
-1.000000e+00,5.000000e-01,1.552410e+00,3.275785e-02,2.623417e-01,1.187625e-03,6.404737e-01,nan,nan,nan,nan,toroidal alone fails,5.000000e+09,1.0000,0.0500
-1.000000e+00,1.500000e+00,1.552410e+00,3.275785e-02,2.623417e-01,1.187625e-03,8.395135e+00,2.181758e-01,4.457498e+00,6.743783e+11,2.500859e-03,ALL FOUR GATES,5.000000e+09,1.0000,0.0500
-1.000000e+00,3.000000e+00,1.552410e+00,3.275785e-02,2.623417e-01,1.187625e-03,9.389910e+00,2.820323e-01,4.457498e+00,6.743783e+11,2.500859e-03,ALL FOUR GATES,5.000000e+09,1.0000,0.0500
-2.000000e+00,5.000000e-01,1.552410e+00,3.275785e-02,2.623417e-01,1.187625e-03,7.142287e-01,nan,nan,nan,nan,toroidal alone fails,5.000000e+09,1.0000,0.0500
-2.000000e+00,1.500000e+00,1.552410e+00,3.275785e-02,2.623417e-01,1.187625e-03,9.508315e+00,2.800170e-02,1.783186e+01,4.731887e+11,5.079579e-03,split not comparable,5.000000e+09,1.0000,0.0500
-2.000000e+00,3.000000e+00,1.552410e+00,3.275785e-02,2.623417e-01,1.187625e-03,1.273302e+01,3.496619e-02,1.783186e+01,4.731887e+11,5.079579e-03,split not comparable,5.000000e+09,1.0000,0.0500
0.000000e+00,5.000000e-01,1.565885e+00,3.346033e-02,2.627605e-01,5.615016e-03,1.179790e-01,nan,nan,nan,nan,toroidal alone fails,5.000000e+09,1.0000,0.1100
0.000000e+00,1.500000e+00,1.565885e+00,3.346033e-02,2.627605e-01,5.615016e-03,1.434466e+00,1.879719e+00,1.282268e+01,7.274234e+11,2.149423e-03,split not comparable,5.000000e+09,1.0000,0.1100
0.000000e+00,3.000000e+00,1.565885e+00,3.346033e-02,2.627605e-01,5.615016e-03,1.394312e+00,2.467377e+00,1.282268e+01,7.274234e+11,2.149423e-03,split not comparable,5.000000e+09,1.0000,0.1100
-1.000000e+00,5.000000e-01,1.565885e+00,3.346033e-02,2.627605e-01,5.615016e-03,1.359008e-01,nan,nan,nan,nan,toroidal alone fails,5.000000e+09,1.0000,0.1100
-1.000000e+00,1.500000e+00,1.565885e+00,3.346033e-02,2.627605e-01,5.615016e-03,1.729257e+00,4.273441e-01,1.821839e+01,7.160189e+11,2.218439e-03,split not comparable,5.000000e+09,1.0000,0.1100
-1.000000e+00,3.000000e+00,1.565885e+00,3.346033e-02,2.627605e-01,5.615016e-03,1.887136e+00,5.515911e-01,1.821839e+01,7.160189e+11,2.218439e-03,split not comparable,5.000000e+09,1.0000,0.1100
-2.000000e+00,5.000000e-01,1.565885e+00,3.346033e-02,2.627605e-01,5.615016e-03,1.518453e-01,nan,nan,nan,nan,toroidal alone fails,5.000000e+09,1.0000,0.1100
-2.000000e+00,1.500000e+00,1.565885e+00,3.346033e-02,2.627605e-01,5.615016e-03,1.972259e+00,5.886510e-02,8.360625e+01,4.673064e+11,5.208263e-03,split not comparable,5.000000e+09,1.0000,0.1100
-2.000000e+00,3.000000e+00,1.565885e+00,3.346033e-02,2.627605e-01,5.615016e-03,2.569437e+00,7.344719e-02,8.360625e+01,4.673064e+11,5.208263e-03,split not comparable,5.000000e+09,1.0000,0.1100
0.000000e+00,5.000000e-01,1.604450e+00,3.539848e-02,2.641446e-01,1.746179e-02,3.941039e-02,nan,nan,nan,nan,toroidal alone fails,5.000000e+09,1.0000,0.2000
0.000000e+00,1.500000e+00,1.604450e+00,3.539848e-02,2.641446e-01,1.746179e-02,4.143588e-01,nan,nan,nan,nan,toroidal alone fails,5.000000e+09,1.0000,0.2000
0.000000e+00,3.000000e+00,1.604450e+00,3.539848e-02,2.641446e-01,1.746179e-02,3.860486e-01,nan,nan,nan,nan,toroidal alone fails,5.000000e+09,1.0000,0.2000
-1.000000e+00,5.000000e-01,1.604450e+00,3.539848e-02,2.641446e-01,1.746179e-02,4.585465e-02,nan,nan,nan,nan,toroidal alone fails,5.000000e+09,1.0000,0.2000
-1.000000e+00,1.500000e+00,1.604450e+00,3.539848e-02,2.641446e-01,1.746179e-02,5.106536e-01,nan,nan,nan,nan,toroidal alone fails,5.000000e+09,1.0000,0.2000
-1.000000e+00,3.000000e+00,1.604450e+00,3.539848e-02,2.641446e-01,1.746179e-02,5.296502e-01,nan,nan,nan,nan,toroidal alone fails,5.000000e+09,1.0000,0.2000
-2.000000e+00,5.000000e-01,1.604450e+00,3.539848e-02,2.641446e-01,1.746179e-02,5.152358e-02,nan,nan,nan,nan,toroidal alone fails,5.000000e+09,1.0000,0.2000
-2.000000e+00,1.500000e+00,1.604450e+00,3.539848e-02,2.641446e-01,1.746179e-02,5.911363e-01,nan,nan,nan,nan,toroidal alone fails,5.000000e+09,1.0000,0.2000
-2.000000e+00,3.000000e+00,1.604450e+00,3.539848e-02,2.641446e-01,1.746179e-02,7.278478e-01,nan,nan,nan,nan,toroidal alone fails,5.000000e+09,1.0000,0.2000
0.000000e+00,5.000000e-01,1.818617e+00,4.452945e-02,2.473751e-01,6.921423e-02,1.347868e-02,nan,nan,nan,nan,toroidal alone fails,5.000000e+09,1.0000,0.4500
0.000000e+00,1.500000e+00,1.818617e+00,4.452945e-02,2.473751e-01,6.921423e-02,6.027532e-02,nan,nan,nan,nan,toroidal alone fails,5.000000e+09,1.0000,0.4500
0.000000e+00,3.000000e+00,1.818617e+00,4.452945e-02,2.473751e-01,6.921423e-02,4.949498e-02,nan,nan,nan,nan,toroidal alone fails,5.000000e+09,1.0000,0.4500
-1.000000e+00,5.000000e-01,1.818617e+00,4.452945e-02,2.473751e-01,6.921423e-02,1.646361e-02,nan,nan,nan,nan,toroidal alone fails,5.000000e+09,1.0000,0.4500
-1.000000e+00,1.500000e+00,1.818617e+00,4.452945e-02,2.473751e-01,6.921423e-02,8.070601e-02,nan,nan,nan,nan,toroidal alone fails,5.000000e+09,1.0000,0.4500
-1.000000e+00,3.000000e+00,1.818617e+00,4.452945e-02,2.473751e-01,6.921423e-02,7.187769e-02,nan,nan,nan,nan,toroidal alone fails,5.000000e+09,1.0000,0.4500
-2.000000e+00,5.000000e-01,1.818617e+00,4.452945e-02,2.473751e-01,6.921423e-02,1.904802e-02,nan,nan,nan,nan,toroidal alone fails,5.000000e+09,1.0000,0.4500
-2.000000e+00,1.500000e+00,1.818617e+00,4.452945e-02,2.473751e-01,6.921423e-02,9.875285e-02,nan,nan,nan,nan,toroidal alone fails,5.000000e+09,1.0000,0.4500
-2.000000e+00,3.000000e+00,1.818617e+00,4.452945e-02,2.473751e-01,6.921423e-02,1.031368e-01,nan,nan,nan,nan,toroidal alone fails,5.000000e+09,1.0000,0.4500
0.000000e+00,5.000000e-01,2.783885e+00,6.355136e-02,1.159846e-01,2.031079e-01,5.343056e-03,nan,nan,nan,nan,toroidal alone fails,5.000000e+09,1.0000,1.0000
0.000000e+00,1.500000e+00,2.783885e+00,6.355136e-02,1.159846e-01,2.031079e-01,3.745700e-03,nan,nan,nan,nan,toroidal alone fails,5.000000e+09,1.0000,1.0000
0.000000e+00,3.000000e+00,2.783885e+00,6.355136e-02,1.159846e-01,2.031079e-01,2.907630e-03,nan,nan,nan,nan,toroidal alone fails,5.000000e+09,1.0000,1.0000
-1.000000e+00,5.000000e-01,2.783885e+00,6.355136e-02,1.159846e-01,2.031079e-01,7.106000e-03,nan,nan,nan,nan,toroidal alone fails,5.000000e+09,1.0000,1.0000
-1.000000e+00,1.500000e+00,2.783885e+00,6.355136e-02,1.159846e-01,2.031079e-01,5.536143e-03,nan,nan,nan,nan,toroidal alone fails,5.000000e+09,1.0000,1.0000
-1.000000e+00,3.000000e+00,2.783885e+00,6.355136e-02,1.159846e-01,2.031079e-01,4.569874e-03,nan,nan,nan,nan,toroidal alone fails,5.000000e+09,1.0000,1.0000
-2.000000e+00,5.000000e-01,2.783885e+00,6.355136e-02,1.159846e-01,2.031079e-01,8.791805e-03,nan,nan,nan,nan,toroidal alone fails,5.000000e+09,1.0000,1.0000
-2.000000e+00,1.500000e+00,2.783885e+00,6.355136e-02,1.159846e-01,2.031079e-01,7.321542e-03,nan,nan,nan,nan,toroidal alone fails,5.000000e+09,1.0000,1.0000
-2.000000e+00,3.000000e+00,2.783885e+00,6.355136e-02,1.159846e-01,2.031079e-01,6.444589e-03,nan,nan,nan,nan,toroidal alone fails,5.000000e+09,1.0000,1.0000
0.000000e+00,5.000000e-01,1.915066e+00,8.914911e-02,5.007833e-01,1.250554e-03,9.174356e-01,nan,nan,nan,nan,toroidal alone fails,5.000000e+09,1.5000,0.0500
0.000000e+00,1.500000e+00,1.915066e+00,8.914911e-02,5.007833e-01,1.250554e-03,4.831660e+00,9.939831e-01,6.810891e+00,7.821997e+11,1.858922e-03,ALL FOUR GATES,5.000000e+09,1.5000,0.0500
0.000000e+00,3.000000e+00,1.915066e+00,8.914911e-02,5.007833e-01,1.250554e-03,4.852003e+00,1.282344e+00,6.810891e+00,7.821997e+11,1.858922e-03,ALL FOUR GATES,5.000000e+09,1.5000,0.0500
-1.000000e+00,5.000000e-01,1.915066e+00,8.914911e-02,5.007833e-01,1.250554e-03,1.026888e+00,1.791881e-01,9.107417e+00,7.666621e+11,1.935033e-03,ALL FOUR GATES,5.000000e+09,1.5000,0.0500
-1.000000e+00,1.500000e+00,1.915066e+00,8.914911e-02,5.007833e-01,1.250554e-03,5.763598e+00,2.119859e-01,9.107417e+00,7.666621e+11,1.935033e-03,ALL FOUR GATES,5.000000e+09,1.5000,0.0500
-1.000000e+00,3.000000e+00,1.915066e+00,8.914911e-02,5.007833e-01,1.250554e-03,6.656960e+00,2.675465e-01,9.107417e+00,7.666621e+11,1.935033e-03,ALL FOUR GATES,5.000000e+09,1.5000,0.0500
-2.000000e+00,5.000000e-01,1.915066e+00,8.914911e-02,5.007833e-01,1.250554e-03,1.108545e+00,1.884801e-02,2.350529e+01,6.364825e+11,2.807524e-03,split not comparable,5.000000e+09,1.5000,0.0500
-2.000000e+00,1.500000e+00,1.915066e+00,8.914911e-02,5.007833e-01,1.250554e-03,6.315559e+00,2.082076e-02,2.350529e+01,6.364825e+11,2.807524e-03,split not comparable,5.000000e+09,1.5000,0.0500
-2.000000e+00,3.000000e+00,1.915066e+00,8.914911e-02,5.007833e-01,1.250554e-03,8.235132e+00,2.523086e-02,2.350529e+01,6.364825e+11,2.807524e-03,split not comparable,5.000000e+09,1.5000,0.0500
0.000000e+00,5.000000e-01,1.952327e+00,9.197805e-02,4.891729e-01,5.895803e-03,2.033349e-01,nan,nan,nan,nan,toroidal alone fails,5.000000e+09,1.5000,0.1100
0.000000e+00,1.500000e+00,1.952327e+00,9.197805e-02,4.891729e-01,5.895803e-03,9.674866e-01,nan,nan,nan,nan,toroidal alone fails,5.000000e+09,1.5000,0.1100
0.000000e+00,3.000000e+00,1.952327e+00,9.197805e-02,4.891729e-01,5.895803e-03,9.320135e-01,nan,nan,nan,nan,toroidal alone fails,5.000000e+09,1.5000,0.1100
-1.000000e+00,5.000000e-01,1.952327e+00,9.197805e-02,4.891729e-01,5.895803e-03,2.295882e-01,nan,nan,nan,nan,toroidal alone fails,5.000000e+09,1.5000,0.1100
-1.000000e+00,1.500000e+00,1.952327e+00,9.197805e-02,4.891729e-01,5.895803e-03,1.177132e+00,4.652265e-01,4.926453e+01,7.123731e+11,2.241204e-03,split not comparable,5.000000e+09,1.5000,0.1100
-1.000000e+00,3.000000e+00,1.952327e+00,9.197805e-02,4.891729e-01,5.895803e-03,1.297388e+00,5.846451e-01,4.926453e+01,7.123731e+11,2.241204e-03,split not comparable,5.000000e+09,1.5000,0.1100
-2.000000e+00,5.000000e-01,1.952327e+00,9.197805e-02,4.891729e-01,5.895803e-03,2.490039e-01,nan,nan,nan,nan,toroidal alone fails,5.000000e+09,1.5000,0.1100
-2.000000e+00,1.500000e+00,1.952327e+00,9.197805e-02,4.891729e-01,5.895803e-03,1.307294e+00,4.261344e-02,1.105052e+02,6.312872e+11,2.853924e-03,split not comparable,5.000000e+09,1.5000,0.1100
-2.000000e+00,3.000000e+00,1.952327e+00,9.197805e-02,4.891729e-01,5.895803e-03,1.620722e+00,5.145403e-02,1.105052e+02,6.312872e+11,2.853924e-03,split not comparable,5.000000e+09,1.5000,0.1100
0.000000e+00,5.000000e-01,2.059798e+00,9.952111e-02,4.514823e-01,1.823340e-02,6.787980e-02,nan,nan,nan,nan,toroidal alone fails,5.000000e+09,1.5000,0.2000
0.000000e+00,1.500000e+00,2.059798e+00,9.952111e-02,4.514823e-01,1.823340e-02,2.655691e-01,nan,nan,nan,nan,toroidal alone fails,5.000000e+09,1.5000,0.2000
0.000000e+00,3.000000e+00,2.059798e+00,9.952111e-02,4.514823e-01,1.823340e-02,2.335830e-01,nan,nan,nan,nan,toroidal alone fails,5.000000e+09,1.5000,0.2000
-1.000000e+00,5.000000e-01,2.059798e+00,9.952111e-02,4.514823e-01,1.823340e-02,7.894151e-02,nan,nan,nan,nan,toroidal alone fails,5.000000e+09,1.5000,0.2000
-1.000000e+00,1.500000e+00,2.059798e+00,9.952111e-02,4.514823e-01,1.823340e-02,3.387627e-01,nan,nan,nan,nan,toroidal alone fails,5.000000e+09,1.5000,0.2000
-1.000000e+00,3.000000e+00,2.059798e+00,9.952111e-02,4.514823e-01,1.823340e-02,3.358363e-01,nan,nan,nan,nan,toroidal alone fails,5.000000e+09,1.5000,0.2000
-2.000000e+00,5.000000e-01,2.059798e+00,9.952111e-02,4.514823e-01,1.823340e-02,8.716929e-02,nan,nan,nan,nan,toroidal alone fails,5.000000e+09,1.5000,0.2000
-2.000000e+00,1.500000e+00,2.059798e+00,9.952111e-02,4.514823e-01,1.823340e-02,3.888608e-01,nan,nan,nan,nan,toroidal alone fails,5.000000e+09,1.5000,0.2000
-2.000000e+00,3.000000e+00,2.059798e+00,9.952111e-02,4.514823e-01,1.823340e-02,4.293213e-01,nan,nan,nan,nan,toroidal alone fails,5.000000e+09,1.5000,0.2000
0.000000e+00,5.000000e-01,2.627122e+00,1.272094e-01,3.011515e-01,7.247929e-02,1.874651e-02,nan,nan,nan,nan,toroidal alone fails,5.000000e+09,1.5000,0.4500
0.000000e+00,1.500000e+00,2.627122e+00,1.272094e-01,3.011515e-01,7.247929e-02,3.488225e-02,nan,nan,nan,nan,toroidal alone fails,5.000000e+09,1.5000,0.4500
0.000000e+00,3.000000e+00,2.627122e+00,1.272094e-01,3.011515e-01,7.247929e-02,2.621321e-02,nan,nan,nan,nan,toroidal alone fails,5.000000e+09,1.5000,0.4500
-1.000000e+00,5.000000e-01,2.627122e+00,1.272094e-01,3.011515e-01,7.247929e-02,2.355275e-02,nan,nan,nan,nan,toroidal alone fails,5.000000e+09,1.5000,0.4500
-1.000000e+00,1.500000e+00,2.627122e+00,1.272094e-01,3.011515e-01,7.247929e-02,4.864142e-02,nan,nan,nan,nan,toroidal alone fails,5.000000e+09,1.5000,0.4500
-1.000000e+00,3.000000e+00,2.627122e+00,1.272094e-01,3.011515e-01,7.247929e-02,3.909038e-02,nan,nan,nan,nan,toroidal alone fails,5.000000e+09,1.5000,0.4500
-2.000000e+00,5.000000e-01,2.627122e+00,1.272094e-01,3.011515e-01,7.247929e-02,2.746944e-02,nan,nan,nan,nan,toroidal alone fails,5.000000e+09,1.5000,0.4500
-2.000000e+00,1.500000e+00,2.627122e+00,1.272094e-01,3.011515e-01,7.247929e-02,6.020750e-02,nan,nan,nan,nan,toroidal alone fails,5.000000e+09,1.5000,0.4500
-2.000000e+00,3.000000e+00,2.627122e+00,1.272094e-01,3.011515e-01,7.247929e-02,5.156010e-02,nan,nan,nan,nan,toroidal alone fails,5.000000e+09,1.5000,0.4500
0.000000e+00,5.000000e-01,4.617864e+00,1.496090e-01,9.471562e-02,2.196817e-01,8.401161e-03,nan,nan,nan,nan,toroidal alone fails,5.000000e+09,1.5000,1.0000
0.000000e+00,1.500000e+00,4.617864e+00,1.496090e-01,9.471562e-02,2.196817e-01,4.006087e-03,nan,nan,nan,nan,toroidal alone fails,5.000000e+09,1.5000,1.0000
0.000000e+00,3.000000e+00,4.617864e+00,1.496090e-01,9.471562e-02,2.196817e-01,2.236698e-03,nan,nan,nan,nan,toroidal alone fails,5.000000e+09,1.5000,1.0000
-1.000000e+00,5.000000e-01,4.617864e+00,1.496090e-01,9.471562e-02,2.196817e-01,1.050035e-02,nan,nan,nan,nan,toroidal alone fails,5.000000e+09,1.5000,1.0000
-1.000000e+00,1.500000e+00,4.617864e+00,1.496090e-01,9.471562e-02,2.196817e-01,5.121396e-03,nan,nan,nan,nan,toroidal alone fails,5.000000e+09,1.5000,1.0000
-1.000000e+00,3.000000e+00,4.617864e+00,1.496090e-01,9.471562e-02,2.196817e-01,2.926622e-03,nan,nan,nan,nan,toroidal alone fails,5.000000e+09,1.5000,1.0000
-2.000000e+00,5.000000e-01,4.617864e+00,1.496090e-01,9.471562e-02,2.196817e-01,1.251150e-02,nan,nan,nan,nan,toroidal alone fails,5.000000e+09,1.5000,1.0000
-2.000000e+00,1.500000e+00,4.617864e+00,1.496090e-01,9.471562e-02,2.196817e-01,6.301213e-03,nan,nan,nan,nan,toroidal alone fails,5.000000e+09,1.5000,1.0000
-2.000000e+00,3.000000e+00,4.617864e+00,1.496090e-01,9.471562e-02,2.196817e-01,3.745359e-03,nan,nan,nan,nan,toroidal alone fails,5.000000e+09,1.5000,1.0000
