m,zeta,closed_vol_frac,M_msun,Etor_over_W,beta_min_tor_only,Bt_over_Bp,Etor_over_Epol,B_pole_G,beta_ambient,Btot_over_Bc,verdict,rho_c,k_frac
0.000000e+00,5.000000e-01,3.984941e-01,1.415753e+00,1.135074e-03,2.166725e-01,nan,nan,nan,nan,3.322069e-01,toroidal alone fails,1.200000e+10,0.05
0.000000e+00,1.000000e+00,3.984941e-01,1.415753e+00,1.135074e-03,1.635012e+00,8.834547e-01,2.857995e+00,7.619718e+11,1.958929e-03,4.403271e-01,TWISTED TORUS,1.200000e+10,0.05
0.000000e+00,1.500000e+00,3.984941e-01,1.415753e+00,1.135074e-03,7.682811e+00,1.009999e+00,2.857995e+00,7.619718e+11,1.958929e-03,4.450050e-01,TWISTED TORUS,1.200000e+10,0.05
0.000000e+00,2.000000e+00,3.984941e-01,1.415753e+00,1.135074e-03,8.654501e+00,1.126080e+00,2.857995e+00,7.619718e+11,1.958929e-03,4.959968e-01,TWISTED TORUS,1.200000e+10,0.05
0.000000e+00,3.000000e+00,3.984941e-01,1.415753e+00,1.135074e-03,7.609622e+00,1.331037e+00,2.857995e+00,7.619718e+11,1.958929e-03,5.861275e-01,TWISTED TORUS,1.200000e+10,0.05
-5.000000e-01,5.000000e-01,4.140966e-01,1.415753e+00,1.135074e-03,2.324962e-01,nan,nan,nan,nan,3.293628e-01,toroidal alone fails,1.200000e+10,0.05
-5.000000e-01,1.000000e+00,4.140966e-01,1.415753e+00,1.135074e-03,1.734755e+00,6.153062e-01,3.398938e+00,7.488529e+11,2.028165e-03,6.192861e-01,TWISTED TORUS,1.200000e+10,0.05
-5.000000e-01,1.500000e+00,4.140966e-01,1.415753e+00,1.135074e-03,8.395749e+00,6.997040e-01,3.398938e+00,7.488529e+11,2.028165e-03,6.192861e-01,TWISTED TORUS,1.200000e+10,0.05
-5.000000e-01,2.000000e+00,4.140966e-01,1.415753e+00,1.135074e-03,9.795669e+00,7.779530e-01,3.398938e+00,7.488529e+11,2.028165e-03,6.192861e-01,TWISTED TORUS,1.200000e+10,0.05
-5.000000e-01,3.000000e+00,4.140966e-01,1.415753e+00,1.135074e-03,8.807530e+00,9.163179e-01,3.398938e+00,7.488529e+11,2.028165e-03,6.192861e-01,TWISTED TORUS,1.200000e+10,0.05
-1.000000e+00,5.000000e-01,4.315497e-01,1.415753e+00,1.135074e-03,2.482339e-01,nan,nan,nan,nan,3.264276e-01,toroidal alone fails,1.200000e+10,0.05
-1.000000e+00,1.000000e+00,4.315497e-01,1.415753e+00,1.135074e-03,1.830901e+00,2.236676e-01,4.526239e+00,7.234865e+11,2.172879e-03,1.667824e+00,TWISTED TORUS,1.200000e+10,0.05
-1.000000e+00,1.500000e+00,4.315497e-01,1.415753e+00,1.135074e-03,9.092209e+00,2.528548e-01,4.526239e+00,7.234865e+11,2.172879e-03,1.667824e+00,TWISTED TORUS,1.200000e+10,0.05
-1.000000e+00,2.000000e+00,4.315497e-01,1.415753e+00,1.135074e-03,1.097862e+01,2.799703e-01,4.526239e+00,7.234865e+11,2.172879e-03,1.667824e+00,TWISTED TORUS,1.200000e+10,0.05
-1.000000e+00,3.000000e+00,4.315497e-01,1.415753e+00,1.135074e-03,1.013317e+01,3.281525e-01,4.526239e+00,7.234865e+11,2.172879e-03,1.667824e+00,TWISTED TORUS,1.200000e+10,0.05
-1.500000e+00,5.000000e-01,4.486141e-01,1.415753e+00,1.135074e-03,2.654392e-01,nan,nan,nan,nan,3.224776e-01,toroidal alone fails,1.200000e+10,0.05
-1.500000e+00,1.000000e+00,4.486141e-01,1.415753e+00,1.135074e-03,1.948244e+00,6.197581e-02,7.097815e+00,6.808364e+11,2.453640e-03,5.857426e+00,TWISTED TORUS,1.200000e+10,0.05
-1.500000e+00,1.500000e+00,4.486141e-01,1.415753e+00,1.135074e-03,9.960003e+00,6.946447e-02,7.097815e+00,6.808364e+11,2.453640e-03,5.857426e+00,TWISTED TORUS,1.200000e+10,0.05
-1.500000e+00,2.000000e+00,4.486141e-01,1.415753e+00,1.135074e-03,1.245500e+01,7.640282e-02,7.097815e+00,6.808364e+11,2.453640e-03,5.857426e+00,TWISTED TORUS,1.200000e+10,0.05
-1.500000e+00,3.000000e+00,4.486141e-01,1.415753e+00,1.135074e-03,1.192442e+01,8.852329e-02,7.097815e+00,6.808364e+11,2.453640e-03,5.857426e+00,TWISTED TORUS,1.200000e+10,0.05
-2.000000e+00,5.000000e-01,4.648263e-01,1.415753e+00,1.135074e-03,2.907352e-01,nan,nan,nan,nan,3.232713e-01,toroidal alone fails,1.200000e+10,0.05
-2.000000e+00,1.000000e+00,4.648263e-01,1.415753e+00,1.135074e-03,2.186570e+00,2.743981e-02,1.347503e+01,6.090061e+11,3.066572e-03,1.314106e+01,TWISTED TORUS,1.200000e+10,0.05
-2.000000e+00,1.500000e+00,4.648263e-01,1.415753e+00,1.135074e-03,1.082429e+01,3.064948e-02,1.347503e+01,6.090061e+11,3.066572e-03,1.314106e+01,TWISTED TORUS,1.200000e+10,0.05
-2.000000e+00,2.000000e+00,4.648263e-01,1.415753e+00,1.135074e-03,1.347700e+01,3.363670e-02,1.347503e+01,6.090061e+11,3.066572e-03,1.314106e+01,TWISTED TORUS,1.200000e+10,0.05
-2.000000e+00,3.000000e+00,4.648263e-01,1.415753e+00,1.135074e-03,1.307138e+01,3.882107e-02,1.347503e+01,6.090061e+11,3.066572e-03,1.314106e+01,TWISTED TORUS,1.200000e+10,0.05
0.000000e+00,5.000000e-01,3.974309e-01,1.419308e+00,2.879981e-03,1.133913e-01,nan,nan,nan,nan,5.264543e-01,toroidal alone fails,1.200000e+10,0.08
0.000000e+00,1.000000e+00,3.974309e-01,1.419308e+00,2.879981e-03,8.394738e-01,nan,nan,nan,nan,6.161831e-01,toroidal alone fails,1.200000e+10,0.08
0.000000e+00,1.500000e+00,3.974309e-01,1.419308e+00,2.879981e-03,3.034651e+00,1.365279e+00,5.237843e+00,8.894414e+11,1.437678e-03,7.046209e-01,TWISTED TORUS,1.200000e+10,0.08
0.000000e+00,2.000000e+00,3.974309e-01,1.419308e+00,2.879981e-03,3.347022e+00,1.521502e+00,5.237843e+00,8.894414e+11,1.437678e-03,7.850383e-01,TWISTED TORUS,1.200000e+10,0.08
0.000000e+00,3.000000e+00,3.974309e-01,1.419308e+00,2.879981e-03,2.921070e+00,1.799575e+00,5.237843e+00,8.894414e+11,1.437678e-03,9.284462e-01,TWISTED TORUS,1.200000e+10,0.08
-5.000000e-01,5.000000e-01,4.131457e-01,1.419308e+00,2.879981e-03,1.218180e-01,nan,nan,nan,nan,5.218415e-01,toroidal alone fails,1.200000e+10,0.08
-5.000000e-01,1.000000e+00,4.131457e-01,1.419308e+00,2.879981e-03,8.922883e-01,nan,nan,nan,nan,6.036847e-01,toroidal alone fails,1.200000e+10,0.08
-5.000000e-01,1.500000e+00,4.131457e-01,1.419308e+00,2.879981e-03,3.333244e+00,9.469485e-01,6.262793e+00,8.717247e+11,1.496710e-03,7.247886e-01,TWISTED TORUS,1.200000e+10,0.08
-5.000000e-01,2.000000e+00,4.131457e-01,1.419308e+00,2.879981e-03,3.796644e+00,1.052486e+00,6.262793e+00,8.717247e+11,1.496710e-03,7.629263e-01,TWISTED TORUS,1.200000e+10,0.08
-5.000000e-01,3.000000e+00,4.131457e-01,1.419308e+00,2.879981e-03,3.387487e+00,1.240296e+00,6.262793e+00,8.717247e+11,1.496710e-03,8.989786e-01,TWISTED TORUS,1.200000e+10,0.08
-1.000000e+00,5.000000e-01,4.299380e-01,1.419308e+00,2.879981e-03,1.301994e-01,nan,nan,nan,nan,5.169730e-01,toroidal alone fails,1.200000e+10,0.08
-1.000000e+00,1.000000e+00,4.299380e-01,1.419308e+00,2.879981e-03,9.434037e-01,nan,nan,nan,nan,5.905955e-01,toroidal alone fails,1.200000e+10,0.08
-1.000000e+00,1.500000e+00,4.299380e-01,1.419308e+00,2.879981e-03,3.628181e+00,3.433594e-01,8.427506e+00,8.377113e+11,1.620719e-03,1.944261e+00,TWISTED TORUS,1.200000e+10,0.08
-1.000000e+00,2.000000e+00,4.299380e-01,1.419308e+00,2.879981e-03,4.264399e+00,3.803310e-01,8.427506e+00,8.377113e+11,1.620719e-03,1.944261e+00,TWISTED TORUS,1.200000e+10,0.08
-1.000000e+00,3.000000e+00,4.299380e-01,1.419308e+00,2.879981e-03,3.901905e+00,4.458118e-01,8.427506e+00,8.377113e+11,1.620719e-03,1.944261e+00,TWISTED TORUS,1.200000e+10,0.08
-1.500000e+00,5.000000e-01,4.471575e-01,1.419308e+00,2.879981e-03,1.394342e-01,nan,nan,nan,nan,5.104489e-01,toroidal alone fails,1.200000e+10,0.08
-1.500000e+00,1.000000e+00,4.471575e-01,1.419308e+00,2.879981e-03,1.006558e+00,2.224423e-01,9.225907e+01,2.982799e+11,1.278346e-02,2.583929e+00,TWISTED TORUS,1.200000e+10,0.08
-1.500000e+00,1.500000e+00,4.471575e-01,1.419308e+00,2.879981e-03,3.993613e+00,9.510826e-02,1.343585e+01,7.816204e+11,1.861678e-03,6.770996e+00,TWISTED TORUS,1.200000e+10,0.08
-1.500000e+00,2.000000e+00,4.471575e-01,1.419308e+00,2.879981e-03,4.851245e+00,1.046226e-01,1.343585e+01,7.816204e+11,1.861678e-03,6.770996e+00,TWISTED TORUS,1.200000e+10,0.08
-1.500000e+00,3.000000e+00,4.471575e-01,1.419308e+00,2.879981e-03,4.600923e+00,1.212170e-01,1.343585e+01,7.816204e+11,1.861678e-03,6.770996e+00,TWISTED TORUS,1.200000e+10,0.08
-2.000000e+00,5.000000e-01,4.639396e-01,1.419308e+00,2.879981e-03,1.532211e-01,nan,nan,nan,nan,5.117696e-01,toroidal alone fails,1.200000e+10,0.08
-2.000000e+00,1.000000e+00,4.639396e-01,1.419308e+00,2.879981e-03,1.136011e+00,4.347004e-02,3.405567e+01,6.047874e+11,3.109502e-03,1.314120e+01,TWISTED TORUS,1.200000e+10,0.08
-2.000000e+00,1.500000e+00,4.639396e-01,1.419308e+00,2.879981e-03,4.322025e+00,4.854754e-02,3.405567e+01,6.047874e+11,3.109502e-03,1.314120e+01,TWISTED TORUS,1.200000e+10,0.08
-2.000000e+00,2.000000e+00,4.639396e-01,1.419308e+00,2.879981e-03,5.248147e+00,5.329281e-02,3.405567e+01,6.047874e+11,3.109502e-03,1.314120e+01,TWISTED TORUS,1.200000e+10,0.08
-2.000000e+00,3.000000e+00,4.639396e-01,1.419308e+00,2.879981e-03,5.033878e+00,6.151739e-02,3.405567e+01,6.047874e+11,3.109502e-03,1.314120e+01,TWISTED TORUS,1.200000e+10,0.08
0.000000e+00,5.000000e-01,3.978432e-01,1.424474e+00,5.376369e-03,5.885077e-02,nan,nan,nan,nan,7.082407e-01,toroidal alone fails,1.200000e+10,0.11
0.000000e+00,1.000000e+00,3.978432e-01,1.424474e+00,5.376369e-03,4.377892e-01,nan,nan,nan,nan,8.286118e-01,toroidal alone fails,1.200000e+10,0.11
0.000000e+00,1.500000e+00,3.978432e-01,1.424474e+00,5.376369e-03,1.593844e+00,1.830978e+00,9.616623e+00,8.866892e+11,1.446617e-03,9.468545e-01,TWISTED TORUS,1.200000e+10,0.11
0.000000e+00,2.000000e+00,3.978432e-01,1.424474e+00,5.376369e-03,1.750371e+00,2.041063e+00,9.616623e+00,8.866892e+11,1.446617e-03,1.055409e+00,TWISTED TORUS,1.200000e+10,0.11
0.000000e+00,3.000000e+00,3.978432e-01,1.424474e+00,5.376369e-03,1.523769e+00,2.411187e+00,9.616623e+00,8.866892e+11,1.446617e-03,1.246712e+00,TWISTED TORUS,1.200000e+10,0.11
-5.000000e-01,5.000000e-01,4.125193e-01,1.424474e+00,5.376369e-03,6.328001e-02,nan,nan,nan,nan,7.021306e-01,toroidal alone fails,1.200000e+10,0.11
-5.000000e-01,1.000000e+00,4.125193e-01,1.424474e+00,5.376369e-03,4.659110e-01,nan,nan,nan,nan,8.115219e-01,toroidal alone fails,1.200000e+10,0.11
-5.000000e-01,1.500000e+00,4.125193e-01,1.424474e+00,5.376369e-03,1.753619e+00,1.267317e+00,1.150126e+01,8.688332e+11,1.506689e-03,9.227305e-01,TWISTED TORUS,1.200000e+10,0.11
-5.000000e-01,2.000000e+00,4.125193e-01,1.424474e+00,5.376369e-03,1.987689e+00,1.408266e+00,1.150126e+01,8.688332e+11,1.506689e-03,1.025249e+00,TWISTED TORUS,1.200000e+10,0.11
-5.000000e-01,3.000000e+00,4.125193e-01,1.424474e+00,5.376369e-03,1.767831e+00,1.658692e+00,1.150126e+01,8.688332e+11,1.506689e-03,1.207527e+00,TWISTED TORUS,1.200000e+10,0.11
-1.000000e+00,5.000000e-01,4.313027e-01,1.424474e+00,5.376369e-03,6.768084e-02,nan,nan,nan,nan,6.955394e-01,toroidal alone fails,1.200000e+10,0.11
-1.000000e+00,1.000000e+00,4.313027e-01,1.424474e+00,5.376369e-03,4.931266e-01,nan,nan,nan,nan,7.944002e-01,toroidal alone fails,1.200000e+10,0.11
-1.000000e+00,1.500000e+00,4.313027e-01,1.424474e+00,5.376369e-03,1.911946e+00,4.588509e-01,1.547968e+01,8.346851e+11,1.632492e-03,1.956238e+00,TWISTED TORUS,1.200000e+10,0.11
-1.000000e+00,2.000000e+00,4.313027e-01,1.424474e+00,5.376369e-03,2.236469e+00,5.077736e-01,1.547968e+01,8.346851e+11,1.632492e-03,1.956238e+00,TWISTED TORUS,1.200000e+10,0.11
-1.000000e+00,3.000000e+00,4.313027e-01,1.424474e+00,5.376369e-03,2.038935e+00,5.951699e-01,1.547968e+01,8.346851e+11,1.632492e-03,1.956238e+00,TWISTED TORUS,1.200000e+10,0.11
-1.500000e+00,5.000000e-01,4.479985e-01,1.424474e+00,5.376369e-03,7.253276e-02,nan,nan,nan,nan,6.871765e-01,toroidal alone fails,1.200000e+10,0.11
-1.500000e+00,1.000000e+00,4.479985e-01,1.424474e+00,5.376369e-03,5.267482e-01,nan,nan,nan,nan,7.727364e-01,toroidal alone fails,1.200000e+10,0.11
-1.500000e+00,1.500000e+00,4.479985e-01,1.424474e+00,5.376369e-03,2.107891e+00,1.270428e-01,2.466559e+01,7.786175e+11,1.876066e-03,6.813054e+00,TWISTED TORUS,1.200000e+10,0.11
-1.500000e+00,2.000000e+00,4.479985e-01,1.424474e+00,5.376369e-03,2.547406e+00,1.396331e-01,2.466559e+01,7.786175e+11,1.876066e-03,6.813054e+00,TWISTED TORUS,1.200000e+10,0.11
-1.500000e+00,3.000000e+00,4.479985e-01,1.424474e+00,5.376369e-03,2.408107e+00,1.617023e-01,2.466559e+01,7.786175e+11,1.876066e-03,6.813054e+00,TWISTED TORUS,1.200000e+10,0.11
-2.000000e+00,5.000000e-01,4.647211e-01,1.424474e+00,5.376369e-03,7.978234e-02,nan,nan,nan,nan,6.890282e-01,toroidal alone fails,1.200000e+10,0.11
-2.000000e+00,1.000000e+00,4.647211e-01,1.424474e+00,5.376369e-03,5.955772e-01,nan,nan,nan,nan,7.686885e-01,toroidal alone fails,1.200000e+10,0.11
-2.000000e+00,1.500000e+00,4.647211e-01,1.424474e+00,5.376369e-03,2.278982e+00,6.532844e-02,6.322105e+01,5.985295e+11,3.174865e-03,1.314139e+01,TWISTED TORUS,1.200000e+10,0.11
-2.000000e+00,2.000000e+00,4.647211e-01,1.424474e+00,5.376369e-03,2.753708e+00,7.169801e-02,6.322105e+01,5.985295e+11,3.174865e-03,1.314139e+01,TWISTED TORUS,1.200000e+10,0.11
-2.000000e+00,3.000000e+00,4.647211e-01,1.424474e+00,5.376369e-03,2.627787e+00,8.277462e-02,6.322105e+01,5.985295e+11,3.174865e-03,1.314139e+01,TWISTED TORUS,1.200000e+10,0.11
0.000000e+00,5.000000e-01,3.986695e-01,1.433820e+00,9.778684e-03,2.797836e-02,nan,nan,nan,nan,9.281787e-01,toroidal alone fails,1.200000e+10,0.15
0.000000e+00,1.000000e+00,3.986695e-01,1.433820e+00,9.778684e-03,2.112918e-01,nan,nan,nan,nan,1.084638e+00,toroidal alone fails,1.200000e+10,0.15
0.000000e+00,1.500000e+00,3.986695e-01,1.433820e+00,9.778684e-03,8.430579e-01,nan,nan,nan,nan,1.238350e+00,toroidal alone fails,1.200000e+10,0.15
0.000000e+00,2.000000e+00,3.986695e-01,1.433820e+00,9.778684e-03,9.227537e-01,nan,nan,nan,nan,1.380255e+00,toroidal alone fails,1.200000e+10,0.15
0.000000e+00,3.000000e+00,3.986695e-01,1.433820e+00,9.778684e-03,8.016643e-01,nan,nan,nan,nan,1.629800e+00,toroidal alone fails,1.200000e+10,0.15
-5.000000e-01,5.000000e-01,4.146903e-01,1.433820e+00,9.778684e-03,3.012348e-02,nan,nan,nan,nan,9.203941e-01,toroidal alone fails,1.200000e+10,0.15
-5.000000e-01,1.000000e+00,4.146903e-01,1.433820e+00,9.778684e-03,2.252903e-01,nan,nan,nan,nan,1.062583e+00,toroidal alone fails,1.200000e+10,0.15
-5.000000e-01,1.500000e+00,4.146903e-01,1.433820e+00,9.778684e-03,9.294410e-01,nan,nan,nan,nan,1.207118e+00,toroidal alone fails,1.200000e+10,0.15
-5.000000e-01,2.000000e+00,4.146903e-01,1.433820e+00,9.778684e-03,1.050563e+00,1.905095e+00,2.208921e+01,8.285446e+11,1.656779e-03,1.340606e+00,TWISTED TORUS,1.200000e+10,0.15
-5.000000e-01,3.000000e+00,4.146903e-01,1.433820e+00,9.778684e-03,9.316151e-01,nan,nan,nan,nan,1.578899e+00,toroidal alone fails,1.200000e+10,0.15
-1.000000e+00,5.000000e-01,4.339428e-01,1.433820e+00,9.778684e-03,3.225475e-02,nan,nan,nan,nan,9.121529e-01,toroidal alone fails,1.200000e+10,0.15
-1.000000e+00,1.000000e+00,4.339428e-01,1.433820e+00,9.778684e-03,2.388220e-01,nan,nan,nan,nan,1.039779e+00,toroidal alone fails,1.200000e+10,0.15
-1.000000e+00,1.500000e+00,4.339428e-01,1.433820e+00,9.778684e-03,1.015074e+00,6.180664e-01,2.965226e+01,7.968011e+11,1.791416e-03,1.899674e+00,TWISTED TORUS,1.200000e+10,0.15
-1.000000e+00,2.000000e+00,4.339428e-01,1.433820e+00,9.778684e-03,1.184086e+00,6.838722e-01,2.965226e+01,7.968011e+11,1.791416e-03,1.899674e+00,TWISTED TORUS,1.200000e+10,0.15
-1.000000e+00,3.000000e+00,4.339428e-01,1.433820e+00,9.778684e-03,1.076397e+00,8.012099e-01,2.965226e+01,7.968011e+11,1.791416e-03,1.899674e+00,TWISTED TORUS,1.200000e+10,0.15
-1.500000e+00,5.000000e-01,4.494541e-01,1.433820e+00,9.778684e-03,3.460008e-02,nan,nan,nan,nan,9.012232e-01,toroidal alone fails,1.200000e+10,0.15
-1.500000e+00,1.000000e+00,4.494541e-01,1.433820e+00,9.778684e-03,2.554860e-01,nan,nan,nan,nan,1.011894e+00,toroidal alone fails,1.200000e+10,0.15
-1.500000e+00,1.500000e+00,4.494541e-01,1.433820e+00,9.778684e-03,1.121307e+00,1.706489e-01,4.697754e+01,7.448542e+11,2.050000e-03,6.632635e+00,TWISTED TORUS,1.200000e+10,0.15
-1.500000e+00,2.000000e+00,4.494541e-01,1.433820e+00,9.778684e-03,1.352194e+00,1.875345e-01,4.697754e+01,7.448542e+11,2.050000e-03,6.632635e+00,TWISTED TORUS,1.200000e+10,0.15
-1.500000e+00,3.000000e+00,4.494541e-01,1.433820e+00,9.778684e-03,1.274369e+00,2.170132e-01,4.697754e+01,7.448542e+11,2.050000e-03,6.632635e+00,TWISTED TORUS,1.200000e+10,0.15
-2.000000e+00,5.000000e-01,4.660940e-01,1.433820e+00,9.778684e-03,3.809506e-02,nan,nan,nan,nan,9.050101e-01,toroidal alone fails,1.200000e+10,0.15
-2.000000e+00,1.000000e+00,4.660940e-01,1.433820e+00,9.778684e-03,2.894506e-01,nan,nan,nan,nan,1.008160e+00,toroidal alone fails,1.200000e+10,0.15
-2.000000e+00,1.500000e+00,4.660940e-01,1.433820e+00,9.778684e-03,1.210923e+00,8.563487e-02,1.138706e+02,5.879096e+11,3.290601e-03,1.314174e+01,TWISTED TORUS,1.200000e+10,0.15
-2.000000e+00,2.000000e+00,4.660940e-01,1.433820e+00,9.778684e-03,1.457133e+00,9.401643e-02,1.138706e+02,5.879096e+11,3.290601e-03,1.314174e+01,TWISTED TORUS,1.200000e+10,0.15
-2.000000e+00,3.000000e+00,4.660940e-01,1.433820e+00,9.778684e-03,1.382546e+00,1.086039e-01,1.138706e+02,5.879096e+11,3.290601e-03,1.314174e+01,TWISTED TORUS,1.200000e+10,0.15
0.000000e+00,5.000000e-01,3.997528e-01,1.449330e+00,1.679240e-02,1.907559e-02,nan,nan,nan,nan,1.164401e+00,toroidal alone fails,1.200000e+10,0.20
0.000000e+00,1.000000e+00,3.997528e-01,1.449330e+00,1.679240e-02,1.209297e-01,nan,nan,nan,nan,1.358372e+00,toroidal alone fails,1.200000e+10,0.20
0.000000e+00,1.500000e+00,3.997528e-01,1.449330e+00,1.679240e-02,4.637078e-01,nan,nan,nan,nan,1.550359e+00,toroidal alone fails,1.200000e+10,0.20
0.000000e+00,2.000000e+00,3.997528e-01,1.449330e+00,1.679240e-02,5.020502e-01,nan,nan,nan,nan,1.725978e+00,toroidal alone fails,1.200000e+10,0.20
0.000000e+00,3.000000e+00,3.997528e-01,1.449330e+00,1.679240e-02,4.334741e-01,nan,nan,nan,nan,2.039311e+00,toroidal alone fails,1.200000e+10,0.20
-5.000000e-01,5.000000e-01,4.155445e-01,1.449330e+00,1.679240e-02,2.059752e-02,nan,nan,nan,nan,1.154997e+00,toroidal alone fails,1.200000e+10,0.20
-5.000000e-01,1.000000e+00,4.155445e-01,1.449330e+00,1.679240e-02,1.295074e-01,nan,nan,nan,nan,1.330760e+00,toroidal alone fails,1.200000e+10,0.20
-5.000000e-01,1.500000e+00,4.155445e-01,1.449330e+00,1.679240e-02,5.136484e-01,nan,nan,nan,nan,1.510378e+00,toroidal alone fails,1.200000e+10,0.20
-5.000000e-01,2.000000e+00,4.155445e-01,1.449330e+00,1.679240e-02,5.736968e-01,nan,nan,nan,nan,1.677496e+00,toroidal alone fails,1.200000e+10,0.20
-5.000000e-01,3.000000e+00,4.155445e-01,1.449330e+00,1.679240e-02,5.054327e-01,nan,nan,nan,nan,1.974093e+00,toroidal alone fails,1.200000e+10,0.20
-1.000000e+00,5.000000e-01,4.351204e-01,1.449330e+00,1.679240e-02,2.210998e-02,nan,nan,nan,nan,1.144921e+00,toroidal alone fails,1.200000e+10,0.20
-1.000000e+00,1.000000e+00,4.351204e-01,1.449330e+00,1.679240e-02,1.378324e-01,nan,nan,nan,nan,1.302686e+00,toroidal alone fails,1.200000e+10,0.20
-1.000000e+00,1.500000e+00,4.351204e-01,1.449330e+00,1.679240e-02,5.633475e-01,nan,nan,nan,nan,1.469556e+00,toroidal alone fails,1.200000e+10,0.20
-1.000000e+00,2.000000e+00,4.351204e-01,1.449330e+00,1.679240e-02,6.491189e-01,nan,nan,nan,nan,1.625019e+00,toroidal alone fails,1.200000e+10,0.20
-1.000000e+00,3.000000e+00,4.351204e-01,1.449330e+00,1.679240e-02,5.859032e-01,nan,nan,nan,nan,1.901531e+00,toroidal alone fails,1.200000e+10,0.20
-1.500000e+00,5.000000e-01,4.518987e-01,1.449330e+00,1.679240e-02,2.378097e-02,nan,nan,nan,nan,1.132122e+00,toroidal alone fails,1.200000e+10,0.20
-1.500000e+00,1.000000e+00,4.518987e-01,1.449330e+00,1.679240e-02,1.481262e-01,nan,nan,nan,nan,1.267824e+00,toroidal alone fails,1.200000e+10,0.20
-1.500000e+00,1.500000e+00,4.518987e-01,1.449330e+00,1.679240e-02,6.250283e-01,nan,nan,nan,nan,1.416587e+00,toroidal alone fails,1.200000e+10,0.20
-1.500000e+00,2.000000e+00,4.518987e-01,1.449330e+00,1.679240e-02,7.442083e-01,nan,nan,nan,nan,1.554825e+00,toroidal alone fails,1.200000e+10,0.20
-1.500000e+00,3.000000e+00,4.518987e-01,1.449330e+00,1.679240e-02,6.967345e-01,nan,nan,nan,nan,1.796395e+00,toroidal alone fails,1.200000e+10,0.20
-2.000000e+00,5.000000e-01,4.694372e-01,1.449330e+00,1.679240e-02,2.627612e-02,nan,nan,nan,nan,1.138483e+00,toroidal alone fails,1.200000e+10,0.20
-2.000000e+00,1.000000e+00,4.694372e-01,1.449330e+00,1.679240e-02,1.689339e-01,nan,nan,nan,nan,1.265952e+00,toroidal alone fails,1.200000e+10,0.20
-2.000000e+00,1.500000e+00,4.694372e-01,1.449330e+00,1.679240e-02,6.730580e-01,nan,nan,nan,nan,1.412732e+00,toroidal alone fails,1.200000e+10,0.20
-2.000000e+00,2.000000e+00,4.694372e-01,1.449330e+00,1.679240e-02,7.978945e-01,nan,nan,nan,nan,1.551241e+00,toroidal alone fails,1.200000e+10,0.20
-2.000000e+00,3.000000e+00,4.694372e-01,1.449330e+00,1.679240e-02,7.491891e-01,nan,nan,nan,nan,1.793969e+00,toroidal alone fails,1.200000e+10,0.20
0.000000e+00,5.000000e-01,3.932591e-01,1.492435e+00,3.469017e-02,1.058679e-02,nan,nan,nan,nan,1.509486e+00,toroidal alone fails,1.200000e+10,0.30
0.000000e+00,1.000000e+00,3.932591e-01,1.492435e+00,3.469017e-02,6.767386e-02,nan,nan,nan,nan,1.756660e+00,toroidal alone fails,1.200000e+10,0.30
0.000000e+00,1.500000e+00,3.932591e-01,1.492435e+00,3.469017e-02,1.959404e-01,nan,nan,nan,nan,2.001674e+00,toroidal alone fails,1.200000e+10,0.30
0.000000e+00,2.000000e+00,3.932591e-01,1.492435e+00,3.469017e-02,2.028550e-01,nan,nan,nan,nan,2.227236e+00,toroidal alone fails,1.200000e+10,0.30
0.000000e+00,3.000000e+00,3.932591e-01,1.492435e+00,3.469017e-02,1.716841e-01,nan,nan,nan,nan,2.626294e+00,toroidal alone fails,1.200000e+10,0.30
-5.000000e-01,5.000000e-01,4.103552e-01,1.492435e+00,3.469017e-02,1.151084e-02,nan,nan,nan,nan,1.497794e+00,toroidal alone fails,1.200000e+10,0.30
-5.000000e-01,1.000000e+00,4.103552e-01,1.492435e+00,3.469017e-02,7.319570e-02,nan,nan,nan,nan,1.720959e+00,toroidal alone fails,1.200000e+10,0.30
-5.000000e-01,1.500000e+00,4.103552e-01,1.492435e+00,3.469017e-02,2.205746e-01,nan,nan,nan,nan,1.949879e+00,toroidal alone fails,1.200000e+10,0.30
-5.000000e-01,2.000000e+00,4.103552e-01,1.492435e+00,3.469017e-02,2.342043e-01,nan,nan,nan,nan,2.163137e+00,toroidal alone fails,1.200000e+10,0.30
-5.000000e-01,3.000000e+00,4.103552e-01,1.492435e+00,3.469017e-02,2.019034e-01,nan,nan,nan,nan,2.542886e+00,toroidal alone fails,1.200000e+10,0.30
-1.000000e+00,5.000000e-01,4.276902e-01,1.492435e+00,3.469017e-02,1.242965e-02,nan,nan,nan,nan,1.484553e+00,toroidal alone fails,1.200000e+10,0.30
-1.000000e+00,1.000000e+00,4.276902e-01,1.492435e+00,3.469017e-02,7.859995e-02,nan,nan,nan,nan,1.683564e+00,toroidal alone fails,1.200000e+10,0.30
-1.000000e+00,1.500000e+00,4.276902e-01,1.492435e+00,3.469017e-02,2.456186e-01,nan,nan,nan,nan,1.895405e+00,toroidal alone fails,1.200000e+10,0.30
-1.000000e+00,2.000000e+00,4.276902e-01,1.492435e+00,3.469017e-02,2.677385e-01,nan,nan,nan,nan,2.093279e+00,toroidal alone fails,1.200000e+10,0.30
-1.000000e+00,3.000000e+00,4.276902e-01,1.492435e+00,3.469017e-02,2.362051e-01,nan,nan,nan,nan,2.445730e+00,toroidal alone fails,1.200000e+10,0.30
-1.500000e+00,5.000000e-01,4.457648e-01,1.492435e+00,3.469017e-02,1.345895e-02,nan,nan,nan,nan,1.469490e+00,toroidal alone fails,1.200000e+10,0.30
-1.500000e+00,1.000000e+00,4.457648e-01,1.492435e+00,3.469017e-02,8.540790e-02,nan,nan,nan,nan,1.639360e+00,toroidal alone fails,1.200000e+10,0.30
-1.500000e+00,1.500000e+00,4.457648e-01,1.492435e+00,3.469017e-02,2.768422e-01,nan,nan,nan,nan,1.827108e+00,toroidal alone fails,1.200000e+10,0.30
-1.500000e+00,2.000000e+00,4.457648e-01,1.492435e+00,3.469017e-02,3.109631e-01,nan,nan,nan,nan,2.001859e+00,toroidal alone fails,1.200000e+10,0.30
-1.500000e+00,3.000000e+00,4.457648e-01,1.492435e+00,3.469017e-02,2.843951e-01,nan,nan,nan,nan,2.305480e+00,toroidal alone fails,1.200000e+10,0.30
-2.000000e+00,5.000000e-01,4.637532e-01,1.492435e+00,3.469017e-02,1.501927e-02,nan,nan,nan,nan,1.483003e+00,toroidal alone fails,1.200000e+10,0.30
-2.000000e+00,1.000000e+00,4.637532e-01,1.492435e+00,3.469017e-02,9.912994e-02,nan,nan,nan,nan,1.644675e+00,toroidal alone fails,1.200000e+10,0.30
-2.000000e+00,1.500000e+00,4.637532e-01,1.492435e+00,3.469017e-02,2.949938e-01,nan,nan,nan,nan,1.836202e+00,toroidal alone fails,1.200000e+10,0.30
-2.000000e+00,2.000000e+00,4.637532e-01,1.492435e+00,3.469017e-02,3.284571e-01,nan,nan,nan,nan,2.018048e+00,toroidal alone fails,1.200000e+10,0.30
-2.000000e+00,3.000000e+00,4.637532e-01,1.492435e+00,3.469017e-02,2.980910e-01,nan,nan,nan,nan,2.338105e+00,toroidal alone fails,1.200000e+10,0.30
0.000000e+00,5.000000e-01,3.981672e-01,1.419134e+00,1.133872e-03,1.906500e-01,nan,nan,nan,nan,3.999809e-01,toroidal alone fails,1.600000e+10,0.05
0.000000e+00,1.000000e+00,3.981672e-01,1.419134e+00,1.133872e-03,1.796849e+00,1.023770e+00,3.882040e+00,7.675507e+11,1.930555e-03,4.690653e-01,TWISTED TORUS,1.600000e+10,0.05
0.000000e+00,1.500000e+00,3.981672e-01,1.419134e+00,1.133872e-03,7.688860e+00,1.169972e+00,3.882040e+00,7.675507e+11,1.930555e-03,5.353393e-01,TWISTED TORUS,1.600000e+10,0.05
0.000000e+00,2.000000e+00,3.981672e-01,1.419134e+00,1.133872e-03,8.669936e+00,1.304793e+00,3.882040e+00,7.675507e+11,1.930555e-03,5.968987e-01,TWISTED TORUS,1.600000e+10,0.05
0.000000e+00,3.000000e+00,3.981672e-01,1.419134e+00,1.133872e-03,7.632725e+00,1.542108e+00,3.882040e+00,7.675507e+11,1.930555e-03,7.053722e-01,TWISTED TORUS,1.600000e+10,0.05
-5.000000e-01,5.000000e-01,4.146828e-01,1.419134e+00,1.133872e-03,2.043368e-01,nan,nan,nan,nan,3.966515e-01,toroidal alone fails,1.600000e+10,0.05
-5.000000e-01,1.000000e+00,4.146828e-01,1.419134e+00,1.133872e-03,1.902582e+00,7.095320e-01,4.580016e+00,7.557985e+11,1.991060e-03,6.464129e-01,TWISTED TORUS,1.600000e+10,0.05
-5.000000e-01,1.500000e+00,4.146828e-01,1.419134e+00,1.133872e-03,8.397676e+00,8.070102e-01,4.580016e+00,7.557985e+11,1.991060e-03,6.464129e-01,TWISTED TORUS,1.600000e+10,0.05
-5.000000e-01,2.000000e+00,4.146828e-01,1.419134e+00,1.133872e-03,9.798954e+00,8.969081e-01,4.580016e+00,7.557985e+11,1.991060e-03,6.464129e-01,TWISTED TORUS,1.600000e+10,0.05
-5.000000e-01,3.000000e+00,4.146828e-01,1.419134e+00,1.133872e-03,8.833361e+00,1.057063e+00,4.580016e+00,7.557985e+11,1.991060e-03,6.833376e-01,TWISTED TORUS,1.600000e+10,0.05
-1.000000e+00,5.000000e-01,4.325010e-01,1.419134e+00,1.133872e-03,2.179058e-01,nan,nan,nan,nan,3.932407e-01,toroidal alone fails,1.600000e+10,0.05
-1.000000e+00,1.000000e+00,4.325010e-01,1.419134e+00,1.133872e-03,2.003858e+00,2.567220e-01,6.017643e+00,7.329838e+11,2.116936e-03,1.749612e+00,TWISTED TORUS,1.600000e+10,0.05
-1.000000e+00,1.500000e+00,4.325010e-01,1.419134e+00,1.133872e-03,9.090408e+00,2.901750e-01,6.017643e+00,7.329838e+11,2.116936e-03,1.749612e+00,TWISTED TORUS,1.600000e+10,0.05
-1.000000e+00,2.000000e+00,4.325010e-01,1.419134e+00,1.133872e-03,1.097512e+01,3.211899e-01,6.017643e+00,7.329838e+11,2.116936e-03,1.749612e+00,TWISTED TORUS,1.600000e+10,0.05
-1.000000e+00,3.000000e+00,4.325010e-01,1.419134e+00,1.133872e-03,1.015699e+01,3.766846e-01,6.017643e+00,7.329838e+11,2.116936e-03,1.749612e+00,TWISTED TORUS,1.600000e+10,0.05
-1.500000e+00,5.000000e-01,4.475987e-01,1.419134e+00,1.133872e-03,2.327093e-01,nan,nan,nan,nan,3.885432e-01,toroidal alone fails,1.600000e+10,0.05
-1.500000e+00,1.000000e+00,4.475987e-01,1.419134e+00,1.133872e-03,2.127305e+00,7.110145e-02,9.262517e+00,6.938979e+11,2.362138e-03,6.148406e+00,TWISTED TORUS,1.600000e+10,0.05
-1.500000e+00,1.500000e+00,4.475987e-01,1.419134e+00,1.133872e-03,9.951040e+00,7.967958e-02,9.262517e+00,6.938979e+11,2.362138e-03,6.148406e+00,TWISTED TORUS,1.600000e+10,0.05
-1.500000e+00,2.000000e+00,4.475987e-01,1.419134e+00,1.133872e-03,1.243418e+01,8.761925e-02,9.262517e+00,6.938979e+11,2.362138e-03,6.148406e+00,TWISTED TORUS,1.600000e+10,0.05
-1.500000e+00,3.000000e+00,4.475987e-01,1.419134e+00,1.133872e-03,1.193996e+01,1.015501e-01,9.262517e+00,6.938979e+11,2.362138e-03,6.148406e+00,TWISTED TORUS,1.600000e+10,0.05
-2.000000e+00,5.000000e-01,4.648146e-01,1.419134e+00,1.133872e-03,2.545049e-01,nan,nan,nan,nan,3.896065e-01,toroidal alone fails,1.600000e+10,0.05
-2.000000e+00,1.000000e+00,4.648146e-01,1.419134e+00,1.133872e-03,2.380945e+00,3.046885e-02,1.624813e+01,6.440878e+11,2.741614e-03,1.425252e+01,TWISTED TORUS,1.600000e+10,0.05
-2.000000e+00,1.500000e+00,4.648146e-01,1.419134e+00,1.133872e-03,1.079455e+01,3.402567e-02,1.624813e+01,6.440878e+11,2.741614e-03,1.425252e+01,TWISTED TORUS,1.600000e+10,0.05
-2.000000e+00,2.000000e+00,4.648146e-01,1.419134e+00,1.133872e-03,1.344922e+01,3.733569e-02,1.624813e+01,6.440878e+11,2.741614e-03,1.425252e+01,TWISTED TORUS,1.600000e+10,0.05
-2.000000e+00,3.000000e+00,4.648146e-01,1.419134e+00,1.133872e-03,1.309048e+01,4.308446e-02,1.624813e+01,6.440878e+11,2.741614e-03,1.425252e+01,TWISTED TORUS,1.600000e+10,0.05
0.000000e+00,5.000000e-01,3.989576e-01,1.422724e+00,2.876921e-03,8.608033e-02,nan,nan,nan,nan,6.288186e-01,toroidal alone fails,1.600000e+10,0.08
0.000000e+00,1.000000e+00,3.989576e-01,1.422724e+00,2.876921e-03,6.518672e-01,nan,nan,nan,nan,7.354565e-01,toroidal alone fails,1.600000e+10,0.08
0.000000e+00,1.500000e+00,3.989576e-01,1.422724e+00,2.876921e-03,2.967396e+00,1.544811e+00,6.898033e+00,9.098518e+11,1.373900e-03,8.409375e-01,TWISTED TORUS,1.600000e+10,0.08
0.000000e+00,2.000000e+00,3.989576e-01,1.422724e+00,2.876921e-03,3.362449e+00,1.721759e+00,6.898033e+00,9.098518e+11,1.373900e-03,9.371321e-01,TWISTED TORUS,1.600000e+10,0.08
0.000000e+00,3.000000e+00,3.989576e-01,1.422724e+00,2.876921e-03,2.965486e+00,2.035638e+00,6.898033e+00,9.098518e+11,1.373900e-03,1.107849e+00,TWISTED TORUS,1.600000e+10,0.08
-5.000000e-01,5.000000e-01,4.154810e-01,1.422724e+00,2.876921e-03,9.234064e-02,nan,nan,nan,nan,6.237953e-01,toroidal alone fails,1.600000e+10,0.08
-5.000000e-01,1.000000e+00,4.154810e-01,1.422724e+00,2.876921e-03,6.912760e-01,nan,nan,nan,nan,7.208110e-01,toroidal alone fails,1.600000e+10,0.08
-5.000000e-01,1.500000e+00,4.154810e-01,1.422724e+00,2.876921e-03,3.238517e+00,1.065953e+00,8.180400e+00,8.935342e+11,1.424538e-03,8.192972e-01,TWISTED TORUS,1.600000e+10,0.08
-5.000000e-01,2.000000e+00,4.154810e-01,1.422724e+00,2.876921e-03,3.803695e+00,1.185209e+00,8.180400e+00,8.935342e+11,1.424538e-03,9.107972e-01,TWISTED TORUS,1.600000e+10,0.08
-5.000000e-01,3.000000e+00,4.154810e-01,1.422724e+00,2.876921e-03,3.432883e+00,1.395761e+00,8.180400e+00,8.935342e+11,1.424538e-03,1.072522e+00,TWISTED TORUS,1.600000e+10,0.08
-1.000000e+00,5.000000e-01,4.334730e-01,1.422724e+00,2.876921e-03,9.855710e-02,nan,nan,nan,nan,6.184813e-01,toroidal alone fails,1.600000e+10,0.08
-1.000000e+00,1.000000e+00,4.334730e-01,1.422724e+00,2.876921e-03,7.291167e-01,nan,nan,nan,nan,7.057087e-01,toroidal alone fails,1.600000e+10,0.08
-1.000000e+00,1.500000e+00,4.334730e-01,1.422724e+00,2.876921e-03,3.503311e+00,3.848643e-01,1.085782e+01,8.620510e+11,1.530490e-03,2.071897e+00,TWISTED TORUS,1.600000e+10,0.08
-1.000000e+00,2.000000e+00,4.334730e-01,1.422724e+00,2.876921e-03,4.261783e+00,4.261085e-01,1.085782e+01,8.620510e+11,1.530490e-03,2.071897e+00,TWISTED TORUS,1.600000e+10,0.08
-1.000000e+00,3.000000e+00,4.334730e-01,1.422724e+00,2.876921e-03,3.949097e+00,4.992285e-01,1.085782e+01,8.620510e+11,1.530490e-03,2.071897e+00,TWISTED TORUS,1.600000e+10,0.08
-1.500000e+00,5.000000e-01,4.489965e-01,1.422724e+00,2.876921e-03,1.053356e-01,nan,nan,nan,nan,6.111459e-01,toroidal alone fails,1.600000e+10,0.08
-1.500000e+00,1.000000e+00,4.489965e-01,1.422724e+00,2.876921e-03,7.752125e-01,nan,nan,nan,nan,6.870503e-01,toroidal alone fails,1.600000e+10,0.08
-1.500000e+00,1.500000e+00,4.489965e-01,1.422724e+00,2.876921e-03,3.832308e+00,1.065830e-01,1.699186e+01,8.090827e+11,1.737443e-03,7.219773e+00,TWISTED TORUS,1.600000e+10,0.08
-1.500000e+00,2.000000e+00,4.489965e-01,1.422724e+00,2.876921e-03,4.829554e+00,1.172105e-01,1.699186e+01,8.090827e+11,1.737443e-03,7.219773e+00,TWISTED TORUS,1.600000e+10,0.08
-1.500000e+00,3.000000e+00,4.489965e-01,1.422724e+00,2.876921e-03,4.645381e+00,1.357878e-01,1.699186e+01,8.090827e+11,1.737443e-03,7.219773e+00,TWISTED TORUS,1.600000e+10,0.08
-2.000000e+00,5.000000e-01,4.660488e-01,1.422724e+00,2.876921e-03,1.152754e-01,nan,nan,nan,nan,6.132692e-01,toroidal alone fails,1.600000e+10,0.08
-2.000000e+00,1.000000e+00,4.660488e-01,1.422724e+00,2.876921e-03,8.689731e-01,nan,nan,nan,nan,6.830305e-01,toroidal alone fails,1.600000e+10,0.08
-2.000000e+00,1.500000e+00,4.660488e-01,1.422724e+00,2.876921e-03,4.161457e+00,4.788435e-02,3.289894e+01,7.143994e+11,2.228508e-03,1.592352e+01,TWISTED TORUS,1.600000e+10,0.08
-2.000000e+00,2.000000e+00,4.660488e-01,1.422724e+00,2.876921e-03,5.219161e+00,5.255254e-02,3.289894e+01,7.143994e+11,2.228508e-03,1.592352e+01,TWISTED TORUS,1.600000e+10,0.08
-2.000000e+00,3.000000e+00,4.660488e-01,1.422724e+00,2.876921e-03,5.078799e+00,6.067136e-02,3.289894e+01,7.143994e+11,2.228508e-03,1.592352e+01,TWISTED TORUS,1.600000e+10,0.08
0.000000e+00,5.000000e-01,3.998652e-01,1.427942e+00,5.370628e-03,4.448029e-02,nan,nan,nan,nan,8.460814e-01,toroidal alone fails,1.600000e+10,0.11
0.000000e+00,1.000000e+00,3.998652e-01,1.427942e+00,5.370628e-03,3.385170e-01,nan,nan,nan,nan,9.889691e-01,toroidal alone fails,1.600000e+10,0.11
0.000000e+00,1.500000e+00,3.998652e-01,1.427942e+00,5.370628e-03,1.559399e+00,2.073216e+00,1.269131e+01,9.060221e+11,1.385539e-03,1.129764e+00,TWISTED TORUS,1.600000e+10,0.11
0.000000e+00,2.000000e+00,3.998652e-01,1.427942e+00,5.370628e-03,1.758871e+00,2.311262e+00,1.269131e+01,9.060221e+11,1.385539e-03,1.259325e+00,TWISTED TORUS,1.600000e+10,0.11
0.000000e+00,3.000000e+00,3.998652e-01,1.427942e+00,5.370628e-03,1.546076e+00,2.731739e+00,1.269131e+01,9.060221e+11,1.385539e-03,1.488376e+00,TWISTED TORUS,1.600000e+10,0.11
-5.000000e-01,5.000000e-01,4.156446e-01,1.427942e+00,5.370628e-03,4.775334e-02,nan,nan,nan,nan,8.394378e-01,toroidal alone fails,1.600000e+10,0.11
-5.000000e-01,1.000000e+00,4.156446e-01,1.427942e+00,5.370628e-03,3.594189e-01,nan,nan,nan,nan,9.691892e-01,toroidal alone fails,1.600000e+10,0.11
-5.000000e-01,1.500000e+00,4.156446e-01,1.427942e+00,5.370628e-03,1.705619e+00,1.428421e+00,1.505256e+01,8.896176e+11,1.437109e-03,1.101467e+00,TWISTED TORUS,1.600000e+10,0.11
-5.000000e-01,2.000000e+00,4.156446e-01,1.427942e+00,5.370628e-03,1.992765e+00,1.586450e+00,1.505256e+01,8.896176e+11,1.437109e-03,1.223256e+00,TWISTED TORUS,1.600000e+10,0.11
-5.000000e-01,3.000000e+00,4.156446e-01,1.427942e+00,5.370628e-03,1.792398e+00,1.869785e+00,1.505256e+01,8.896176e+11,1.437109e-03,1.441659e+00,TWISTED TORUS,1.600000e+10,0.11
-1.000000e+00,5.000000e-01,4.336227e-01,1.427942e+00,5.370628e-03,5.100724e-02,nan,nan,nan,nan,8.321842e-01,toroidal alone fails,1.600000e+10,0.11
-1.000000e+00,1.000000e+00,4.336227e-01,1.427942e+00,5.370628e-03,3.794872e-01,nan,nan,nan,nan,9.487487e-01,toroidal alone fails,1.600000e+10,0.11
-1.000000e+00,1.500000e+00,4.336227e-01,1.427942e+00,5.370628e-03,1.847792e+00,5.144820e-01,1.998033e+01,8.580874e+11,1.544661e-03,2.082743e+00,TWISTED TORUS,1.600000e+10,0.11
-1.000000e+00,2.000000e+00,4.336227e-01,1.427942e+00,5.370628e-03,2.235363e+00,5.695023e-01,1.998033e+01,8.580874e+11,1.544661e-03,2.082743e+00,TWISTED TORUS,1.600000e+10,0.11
-1.000000e+00,3.000000e+00,4.336227e-01,1.427942e+00,5.370628e-03,2.064535e+00,6.674911e-01,1.998033e+01,8.580874e+11,1.544661e-03,2.082743e+00,TWISTED TORUS,1.600000e+10,0.11
-1.500000e+00,5.000000e-01,4.502707e-01,1.427942e+00,5.370628e-03,5.454827e-02,nan,nan,nan,nan,8.226439e-01,toroidal alone fails,1.600000e+10,0.11
-1.500000e+00,1.000000e+00,4.502707e-01,1.427942e+00,5.370628e-03,4.039255e-01,nan,nan,nan,nan,9.236374e-01,toroidal alone fails,1.600000e+10,0.11
-1.500000e+00,1.500000e+00,4.502707e-01,1.427942e+00,5.370628e-03,2.024617e+00,1.424143e-01,3.124790e+01,8.052672e+11,1.753947e-03,7.258338e+00,TWISTED TORUS,1.600000e+10,0.11
-1.500000e+00,2.000000e+00,4.502707e-01,1.427942e+00,5.370628e-03,2.538356e+00,1.565978e-01,3.124790e+01,8.052672e+11,1.753947e-03,7.258338e+00,TWISTED TORUS,1.600000e+10,0.11
-1.500000e+00,3.000000e+00,4.502707e-01,1.427942e+00,5.370628e-03,2.432176e+00,1.813906e-01,3.124790e+01,8.052672e+11,1.753947e-03,7.258338e+00,TWISTED TORUS,1.600000e+10,0.11
-2.000000e+00,5.000000e-01,4.665651e-01,1.427942e+00,5.370628e-03,5.975103e-02,nan,nan,nan,nan,8.257457e-01,toroidal alone fails,1.600000e+10,0.11
-2.000000e+00,1.000000e+00,4.665651e-01,1.427942e+00,5.370628e-03,4.535548e-01,nan,nan,nan,nan,9.192140e-01,toroidal alone fails,1.600000e+10,0.11
-2.000000e+00,1.500000e+00,4.665651e-01,1.427942e+00,5.370628e-03,2.196330e+00,6.440640e-02,6.107443e+01,7.070913e+11,2.274811e-03,1.592377e+01,TWISTED TORUS,1.600000e+10,0.11
-2.000000e+00,2.000000e+00,4.665651e-01,1.427942e+00,5.370628e-03,2.740543e+00,7.069756e-02,6.107443e+01,7.070913e+11,2.274811e-03,1.592377e+01,TWISTED TORUS,1.600000e+10,0.11
-2.000000e+00,3.000000e+00,4.665651e-01,1.427942e+00,5.370628e-03,2.652340e+00,8.163977e-02,6.107443e+01,7.070913e+11,2.274811e-03,1.592377e+01,TWISTED TORUS,1.600000e+10,0.11
0.000000e+00,5.000000e-01,3.948312e-01,1.437380e+00,9.768148e-03,2.482510e-02,nan,nan,nan,nan,1.116896e+00,toroidal alone fails,1.600000e+10,0.15
0.000000e+00,1.000000e+00,3.948312e-01,1.437380e+00,9.768148e-03,2.343731e-01,nan,nan,nan,nan,1.304621e+00,toroidal alone fails,1.600000e+10,0.15
0.000000e+00,1.500000e+00,3.948312e-01,1.437380e+00,9.768148e-03,8.432651e-01,nan,nan,nan,nan,1.489599e+00,toroidal alone fails,1.600000e+10,0.15
0.000000e+00,2.000000e+00,3.948312e-01,1.437380e+00,9.768148e-03,9.250587e-01,nan,nan,nan,nan,1.659931e+00,toroidal alone fails,1.600000e+10,0.15
0.000000e+00,3.000000e+00,3.948312e-01,1.437380e+00,9.768148e-03,8.045068e-01,nan,nan,nan,nan,1.961316e+00,toroidal alone fails,1.600000e+10,0.15
-5.000000e-01,5.000000e-01,4.102497e-01,1.437380e+00,9.768148e-03,2.669596e-02,nan,nan,nan,nan,1.107912e+00,toroidal alone fails,1.600000e+10,0.15
-5.000000e-01,1.000000e+00,4.102497e-01,1.437380e+00,9.768148e-03,2.493804e-01,nan,nan,nan,nan,1.278542e+00,toroidal alone fails,1.600000e+10,0.15
-5.000000e-01,1.500000e+00,4.102497e-01,1.437380e+00,9.768148e-03,9.289706e-01,nan,nan,nan,nan,1.452139e+00,toroidal alone fails,1.600000e+10,0.15
-5.000000e-01,2.000000e+00,4.102497e-01,1.437380e+00,9.768148e-03,1.051590e+00,2.176960e+00,2.926178e+01,8.430569e+11,1.600231e-03,1.612671e+00,TWISTED TORUS,1.600000e+10,0.15
-5.000000e-01,3.000000e+00,4.102497e-01,1.437380e+00,9.768148e-03,9.350025e-01,nan,nan,nan,nan,1.899655e+00,toroidal alone fails,1.600000e+10,0.15
-1.000000e+00,5.000000e-01,4.276376e-01,1.437380e+00,9.768148e-03,2.855030e-02,nan,nan,nan,nan,1.098339e+00,toroidal alone fails,1.600000e+10,0.15
-1.000000e+00,1.000000e+00,4.276376e-01,1.437380e+00,9.768148e-03,2.637941e-01,nan,nan,nan,nan,1.251239e+00,toroidal alone fails,1.600000e+10,0.15
-1.000000e+00,1.500000e+00,4.276376e-01,1.437380e+00,9.768148e-03,1.013763e+00,7.025056e-01,3.873073e+01,8.140530e+11,1.716291e-03,2.010537e+00,TWISTED TORUS,1.600000e+10,0.15
-1.000000e+00,2.000000e+00,4.276376e-01,1.437380e+00,9.768148e-03,1.184680e+00,7.775942e-01,3.873073e+01,8.140530e+11,1.716291e-03,2.010537e+00,TWISTED TORUS,1.600000e+10,0.15
-1.000000e+00,3.000000e+00,4.276376e-01,1.437380e+00,9.768148e-03,1.079792e+00,9.108475e-01,3.873073e+01,8.140530e+11,1.716291e-03,2.010537e+00,TWISTED TORUS,1.600000e+10,0.15
-1.500000e+00,5.000000e-01,4.446828e-01,1.437380e+00,9.768148e-03,3.058490e-02,nan,nan,nan,nan,1.085425e+00,toroidal alone fails,1.600000e+10,0.15
-1.500000e+00,1.000000e+00,4.446828e-01,1.437380e+00,9.768148e-03,2.815099e-01,nan,nan,nan,nan,1.218073e+00,toroidal alone fails,1.600000e+10,0.15
-1.500000e+00,1.500000e+00,4.446828e-01,1.437380e+00,9.768148e-03,1.118583e+00,1.939252e-01,6.020703e+01,7.656019e+11,1.940396e-03,7.025378e+00,TWISTED TORUS,1.600000e+10,0.15
-1.500000e+00,2.000000e+00,4.446828e-01,1.437380e+00,9.768148e-03,1.350380e+00,2.130970e-01,6.020703e+01,7.656019e+11,1.940396e-03,7.025378e+00,TWISTED TORUS,1.600000e+10,0.15
-1.500000e+00,3.000000e+00,4.446828e-01,1.437380e+00,9.768148e-03,1.277049e+00,2.465975e-01,6.020703e+01,7.656019e+11,1.940396e-03,7.025378e+00,TWISTED TORUS,1.600000e+10,0.15
-2.000000e+00,5.000000e-01,4.609640e-01,1.437380e+00,9.768148e-03,3.362007e-02,nan,nan,nan,nan,1.090262e+00,toroidal alone fails,1.600000e+10,0.15
-2.000000e+00,1.000000e+00,4.609640e-01,1.437380e+00,9.768148e-03,3.179829e-01,nan,nan,nan,nan,1.213586e+00,toroidal alone fails,1.600000e+10,0.15
-2.000000e+00,1.500000e+00,4.609640e-01,1.437380e+00,9.768148e-03,1.206712e+00,8.506087e-02,1.100065e+02,6.941346e+11,2.360527e-03,1.592421e+01,TWISTED TORUS,1.600000e+10,0.15
-2.000000e+00,2.000000e+00,4.609640e-01,1.437380e+00,9.768148e-03,1.455132e+00,9.337914e-02,1.100065e+02,6.941346e+11,2.360527e-03,1.592421e+01,TWISTED TORUS,1.600000e+10,0.15
-2.000000e+00,3.000000e+00,4.609640e-01,1.437380e+00,9.768148e-03,1.385970e+00,1.078780e-01,1.100065e+02,6.941346e+11,2.360527e-03,1.592421e+01,TWISTED TORUS,1.600000e+10,0.15
0.000000e+00,5.000000e-01,3.969468e-01,1.453045e+00,1.677404e-02,1.674545e-02,nan,nan,nan,nan,1.400572e+00,toroidal alone fails,1.600000e+10,0.20
0.000000e+00,1.000000e+00,3.969468e-01,1.453045e+00,1.677404e-02,1.274987e-01,nan,nan,nan,nan,1.633410e+00,toroidal alone fails,1.600000e+10,0.20
0.000000e+00,1.500000e+00,3.969468e-01,1.453045e+00,1.677404e-02,4.638154e-01,nan,nan,nan,nan,1.863729e+00,toroidal alone fails,1.600000e+10,0.20
0.000000e+00,2.000000e+00,3.969468e-01,1.453045e+00,1.677404e-02,5.034535e-01,nan,nan,nan,nan,2.075523e+00,toroidal alone fails,1.600000e+10,0.20
0.000000e+00,3.000000e+00,3.969468e-01,1.453045e+00,1.677404e-02,4.354476e-01,nan,nan,nan,nan,2.451314e+00,toroidal alone fails,1.600000e+10,0.20
-5.000000e-01,5.000000e-01,4.127506e-01,1.453045e+00,1.677404e-02,1.805821e-02,nan,nan,nan,nan,1.389760e+00,toroidal alone fails,1.600000e+10,0.20
-5.000000e-01,1.000000e+00,4.127506e-01,1.453045e+00,1.677404e-02,1.362528e-01,nan,nan,nan,nan,1.600683e+00,toroidal alone fails,1.600000e+10,0.20
-5.000000e-01,1.500000e+00,4.127506e-01,1.453045e+00,1.677404e-02,5.133144e-01,nan,nan,nan,nan,1.816556e+00,toroidal alone fails,1.600000e+10,0.20
-5.000000e-01,2.000000e+00,4.127506e-01,1.453045e+00,1.677404e-02,5.746602e-01,nan,nan,nan,nan,2.016841e+00,toroidal alone fails,1.600000e+10,0.20
-5.000000e-01,3.000000e+00,4.127506e-01,1.453045e+00,1.677404e-02,5.078080e-01,nan,nan,nan,nan,2.372216e+00,toroidal alone fails,1.600000e+10,0.20
-1.000000e+00,5.000000e-01,4.326333e-01,1.453045e+00,1.677404e-02,1.936181e-02,nan,nan,nan,nan,1.378057e+00,toroidal alone fails,1.600000e+10,0.20
-1.000000e+00,1.000000e+00,4.326333e-01,1.453045e+00,1.677404e-02,1.446951e-01,nan,nan,nan,nan,1.566832e+00,toroidal alone fails,1.600000e+10,0.20
-1.000000e+00,1.500000e+00,4.326333e-01,1.453045e+00,1.677404e-02,5.624436e-01,nan,nan,nan,nan,1.767271e+00,toroidal alone fails,1.600000e+10,0.20
-1.000000e+00,2.000000e+00,4.326333e-01,1.453045e+00,1.677404e-02,6.495398e-01,nan,nan,nan,nan,1.953627e+00,toroidal alone fails,1.600000e+10,0.20
-1.000000e+00,3.000000e+00,4.326333e-01,1.453045e+00,1.677404e-02,5.883724e-01,nan,nan,nan,nan,2.286674e+00,toroidal alone fails,1.600000e+10,0.20
-1.500000e+00,5.000000e-01,4.473150e-01,1.453045e+00,1.677404e-02,2.079411e-02,nan,nan,nan,nan,1.363137e+00,toroidal alone fails,1.600000e+10,0.20
-1.500000e+00,1.000000e+00,4.473150e-01,1.453045e+00,1.677404e-02,1.551082e-01,nan,nan,nan,nan,1.525586e+00,toroidal alone fails,1.600000e+10,0.20
-1.500000e+00,1.500000e+00,4.473150e-01,1.453045e+00,1.677404e-02,6.231941e-01,nan,nan,nan,nan,1.703779e+00,toroidal alone fails,1.600000e+10,0.20
-1.500000e+00,2.000000e+00,4.473150e-01,1.453045e+00,1.677404e-02,7.436753e-01,nan,nan,nan,nan,1.870019e+00,toroidal alone fails,1.600000e+10,0.20
-1.500000e+00,3.000000e+00,4.473150e-01,1.453045e+00,1.677404e-02,6.987968e-01,nan,nan,nan,nan,2.160578e+00,toroidal alone fails,1.600000e+10,0.20
-2.000000e+00,5.000000e-01,4.644143e-01,1.453045e+00,1.677404e-02,2.293565e-02,nan,nan,nan,nan,1.371164e+00,toroidal alone fails,1.600000e+10,0.20
-2.000000e+00,1.000000e+00,4.644143e-01,1.453045e+00,1.677404e-02,1.763425e-01,nan,nan,nan,nan,1.523276e+00,toroidal alone fails,1.600000e+10,0.20
-2.000000e+00,1.500000e+00,4.644143e-01,1.453045e+00,1.677404e-02,6.705660e-01,nan,nan,nan,nan,1.699411e+00,toroidal alone fails,1.600000e+10,0.20
-2.000000e+00,2.000000e+00,4.644143e-01,1.453045e+00,1.677404e-02,7.973830e-01,nan,nan,nan,nan,1.865819e+00,toroidal alone fails,1.600000e+10,0.20
-2.000000e+00,3.000000e+00,4.644143e-01,1.453045e+00,1.677404e-02,7.509134e-01,nan,nan,nan,nan,2.156838e+00,toroidal alone fails,1.600000e+10,0.20
0.000000e+00,5.000000e-01,4.010505e-01,1.496574e+00,3.465088e-02,8.173147e-03,nan,nan,nan,nan,1.801327e+00,toroidal alone fails,1.600000e+10,0.30
0.000000e+00,1.000000e+00,4.010505e-01,1.496574e+00,3.465088e-02,5.355327e-02,nan,nan,nan,nan,2.093423e+00,toroidal alone fails,1.600000e+10,0.30
0.000000e+00,1.500000e+00,4.010505e-01,1.496574e+00,3.465088e-02,1.938786e-01,nan,nan,nan,nan,2.384633e+00,toroidal alone fails,1.600000e+10,0.30
0.000000e+00,2.000000e+00,4.010505e-01,1.496574e+00,3.465088e-02,2.047686e-01,nan,nan,nan,nan,2.652783e+00,toroidal alone fails,1.600000e+10,0.30
0.000000e+00,3.000000e+00,4.010505e-01,1.496574e+00,3.465088e-02,1.747282e-01,nan,nan,nan,nan,3.130211e+00,toroidal alone fails,1.600000e+10,0.30
-5.000000e-01,5.000000e-01,4.187691e-01,1.496574e+00,3.465088e-02,8.870991e-03,nan,nan,nan,nan,1.788317e+00,toroidal alone fails,1.600000e+10,0.30
-5.000000e-01,1.000000e+00,4.187691e-01,1.496574e+00,3.465088e-02,5.776714e-02,nan,nan,nan,nan,2.051768e+00,toroidal alone fails,1.600000e+10,0.30
-5.000000e-01,1.500000e+00,4.187691e-01,1.496574e+00,3.465088e-02,2.171766e-01,nan,nan,nan,nan,2.324237e+00,toroidal alone fails,1.600000e+10,0.30
-5.000000e-01,2.000000e+00,4.187691e-01,1.496574e+00,3.465088e-02,2.359189e-01,nan,nan,nan,nan,2.577250e+00,toroidal alone fails,1.600000e+10,0.30
-5.000000e-01,3.000000e+00,4.187691e-01,1.496574e+00,3.465088e-02,2.053938e-01,nan,nan,nan,nan,3.028349e+00,toroidal alone fails,1.600000e+10,0.30
-1.000000e+00,5.000000e-01,4.345643e-01,1.496574e+00,3.465088e-02,9.563615e-03,nan,nan,nan,nan,1.774024e+00,toroidal alone fails,1.600000e+10,0.30
-1.000000e+00,1.000000e+00,4.345643e-01,1.496574e+00,3.465088e-02,6.185753e-02,nan,nan,nan,nan,2.008506e+00,toroidal alone fails,1.600000e+10,0.30
-1.000000e+00,1.500000e+00,4.345643e-01,1.496574e+00,3.465088e-02,2.405891e-01,nan,nan,nan,nan,2.259859e+00,toroidal alone fails,1.600000e+10,0.30
-1.000000e+00,2.000000e+00,4.345643e-01,1.496574e+00,3.465088e-02,2.690400e-01,nan,nan,nan,nan,2.495583e+00,toroidal alone fails,1.600000e+10,0.30
-1.000000e+00,3.000000e+00,4.345643e-01,1.496574e+00,3.465088e-02,2.397249e-01,nan,nan,nan,nan,2.915355e+00,toroidal alone fails,1.600000e+10,0.30
-1.500000e+00,5.000000e-01,4.533813e-01,1.496574e+00,3.465088e-02,1.032941e-02,nan,nan,nan,nan,1.758012e+00,toroidal alone fails,1.600000e+10,0.30
-1.500000e+00,1.000000e+00,4.533813e-01,1.496574e+00,3.465088e-02,6.694209e-02,nan,nan,nan,nan,1.957360e+00,toroidal alone fails,1.600000e+10,0.30
-1.500000e+00,1.500000e+00,4.533813e-01,1.496574e+00,3.465088e-02,2.696609e-01,nan,nan,nan,nan,2.180297e+00,toroidal alone fails,1.600000e+10,0.30
-1.500000e+00,2.000000e+00,4.533813e-01,1.496574e+00,3.465088e-02,3.114300e-01,nan,nan,nan,nan,2.388708e+00,toroidal alone fails,1.600000e+10,0.30
-1.500000e+00,3.000000e+00,4.533813e-01,1.496574e+00,3.465088e-02,2.878617e-01,nan,nan,nan,nan,2.751660e+00,toroidal alone fails,1.600000e+10,0.30
-2.000000e+00,5.000000e-01,4.713633e-01,1.496574e+00,3.465088e-02,1.148223e-02,nan,nan,nan,nan,1.775910e+00,toroidal alone fails,1.600000e+10,0.30
-2.000000e+00,1.000000e+00,4.713633e-01,1.496574e+00,3.465088e-02,7.721636e-02,nan,nan,nan,nan,1.964015e+00,toroidal alone fails,1.600000e+10,0.30
-2.000000e+00,1.500000e+00,4.713633e-01,1.496574e+00,3.465088e-02,2.878728e-01,nan,nan,nan,nan,2.190459e+00,toroidal alone fails,1.600000e+10,0.30
-2.000000e+00,2.000000e+00,4.713633e-01,1.496574e+00,3.465088e-02,3.291556e-01,nan,nan,nan,nan,2.407009e+00,toroidal alone fails,1.600000e+10,0.30
-2.000000e+00,3.000000e+00,4.713633e-01,1.496574e+00,3.465088e-02,3.020010e-01,nan,nan,nan,nan,2.789895e+00,toroidal alone fails,1.600000e+10,0.30
0.000000e+00,5.000000e-01,3.954743e-01,1.420360e+00,1.133432e-03,2.241058e-01,nan,nan,nan,nan,4.323165e-01,toroidal alone fails,1.800000e+10,0.05
0.000000e+00,1.000000e+00,3.954743e-01,1.420360e+00,1.133432e-03,2.091215e+00,9.403156e-01,3.281251e+00,8.919143e+11,1.429717e-03,5.379847e-01,TWISTED TORUS,1.800000e+10,0.05
0.000000e+00,1.500000e+00,3.954743e-01,1.420360e+00,1.133432e-03,7.720005e+00,1.075001e+00,3.281251e+00,8.919143e+11,1.429717e-03,5.787043e-01,TWISTED TORUS,1.800000e+10,0.05
0.000000e+00,2.000000e+00,3.954743e-01,1.420360e+00,1.133432e-03,8.668272e+00,1.197850e+00,3.281251e+00,8.919143e+11,1.429717e-03,6.446341e-01,TWISTED TORUS,1.800000e+10,0.05
0.000000e+00,3.000000e+00,3.954743e-01,1.420360e+00,1.133432e-03,7.634734e+00,1.417237e+00,3.281251e+00,8.919143e+11,1.429717e-03,7.625035e-01,TWISTED TORUS,1.800000e+10,0.05
-5.000000e-01,5.000000e-01,4.130492e-01,1.420360e+00,1.133432e-03,2.401499e-01,nan,nan,nan,nan,4.287790e-01,toroidal alone fails,1.800000e+10,0.05
-5.000000e-01,1.000000e+00,4.130492e-01,1.420360e+00,1.133432e-03,2.213910e+00,6.521354e-01,3.874941e+00,8.770833e+11,1.478478e-03,7.602534e-01,TWISTED TORUS,1.800000e+10,0.05
-5.000000e-01,1.500000e+00,4.130492e-01,1.420360e+00,1.133432e-03,8.438526e+00,7.414117e-01,3.874941e+00,8.770833e+11,1.478478e-03,7.602534e-01,TWISTED TORUS,1.800000e+10,0.05
-5.000000e-01,2.000000e+00,4.130492e-01,1.420360e+00,1.133432e-03,9.801926e+00,8.241316e-01,3.874941e+00,8.770833e+11,1.478478e-03,7.602534e-01,TWISTED TORUS,1.800000e+10,0.05
-5.000000e-01,3.000000e+00,4.130492e-01,1.420360e+00,1.133432e-03,8.830881e+00,9.711734e-01,3.874941e+00,8.770833e+11,1.478478e-03,7.602534e-01,TWISTED TORUS,1.800000e+10,0.05
-1.000000e+00,5.000000e-01,4.305685e-01,1.420360e+00,1.133432e-03,2.560879e-01,nan,nan,nan,nan,4.248837e-01,toroidal alone fails,1.800000e+10,0.05
-1.000000e+00,1.000000e+00,4.305685e-01,1.420360e+00,1.133432e-03,2.331467e+00,2.363323e-01,5.105817e+00,8.483142e+11,1.580458e-03,2.053319e+00,TWISTED TORUS,1.800000e+10,0.05
-1.000000e+00,1.500000e+00,4.305685e-01,1.420360e+00,1.133432e-03,9.141824e+00,2.670649e-01,5.105817e+00,8.483142e+11,1.580458e-03,2.053319e+00,TWISTED TORUS,1.800000e+10,0.05
-1.000000e+00,2.000000e+00,4.305685e-01,1.420360e+00,1.133432e-03,1.097345e+01,2.958652e-01,5.105817e+00,8.483142e+11,1.580458e-03,2.053319e+00,TWISTED TORUS,1.800000e+10,0.05
-1.000000e+00,3.000000e+00,4.305685e-01,1.420360e+00,1.133432e-03,1.015169e+01,3.468381e-01,5.105817e+00,8.483142e+11,1.580458e-03,2.053319e+00,TWISTED TORUS,1.800000e+10,0.05
-1.500000e+00,5.000000e-01,4.448087e-01,1.420360e+00,1.133432e-03,2.734969e-01,nan,nan,nan,nan,4.199307e-01,toroidal alone fails,1.800000e+10,0.05
-1.500000e+00,1.000000e+00,4.448087e-01,1.420360e+00,1.133432e-03,2.475503e+00,6.590563e-02,7.909154e+00,7.992299e+11,1.780545e-03,7.167108e+00,TWISTED TORUS,1.800000e+10,0.05
-1.500000e+00,1.500000e+00,4.448087e-01,1.420360e+00,1.133432e-03,1.001213e+01,7.384386e-02,7.909154e+00,7.992299e+11,1.780545e-03,7.167108e+00,TWISTED TORUS,1.800000e+10,0.05
-1.500000e+00,2.000000e+00,4.448087e-01,1.420360e+00,1.133432e-03,1.243533e+01,8.125141e-02,7.909154e+00,7.992299e+11,1.780545e-03,7.167108e+00,TWISTED TORUS,1.800000e+10,0.05
-1.500000e+00,3.000000e+00,4.448087e-01,1.420360e+00,1.133432e-03,1.193253e+01,9.417751e-02,7.909154e+00,7.992299e+11,1.780545e-03,7.167108e+00,TWISTED TORUS,1.800000e+10,0.05
-2.000000e+00,5.000000e-01,4.620642e-01,1.420360e+00,1.133432e-03,2.992666e-01,nan,nan,nan,nan,4.208976e-01,toroidal alone fails,1.800000e+10,0.05
-2.000000e+00,1.000000e+00,4.620642e-01,1.420360e+00,1.133432e-03,2.773314e+00,2.845763e-02,1.400049e+01,7.373515e+11,2.091931e-03,1.649256e+01,TWISTED TORUS,1.800000e+10,0.05
-2.000000e+00,1.500000e+00,4.620642e-01,1.420360e+00,1.133432e-03,1.084559e+01,3.176464e-02,1.400049e+01,7.373515e+11,2.091931e-03,1.649256e+01,TWISTED TORUS,1.800000e+10,0.05
-2.000000e+00,2.000000e+00,4.620642e-01,1.420360e+00,1.133432e-03,1.344625e+01,3.486740e-02,1.400049e+01,7.373515e+11,2.091931e-03,1.649256e+01,TWISTED TORUS,1.800000e+10,0.05
-2.000000e+00,3.000000e+00,4.620642e-01,1.420360e+00,1.133432e-03,1.307732e+01,4.024591e-02,1.400049e+01,7.373515e+11,2.091931e-03,1.649256e+01,TWISTED TORUS,1.800000e+10,0.05
0.000000e+00,5.000000e-01,3.985846e-01,1.423963e+00,2.875801e-03,7.354008e-02,nan,nan,nan,nan,6.794896e-01,toroidal alone fails,1.800000e+10,0.08
0.000000e+00,1.000000e+00,3.985846e-01,1.423963e+00,2.875801e-03,6.956997e-01,nan,nan,nan,nan,7.948057e-01,toroidal alone fails,1.800000e+10,0.08
0.000000e+00,1.500000e+00,3.985846e-01,1.423963e+00,2.875801e-03,2.979946e+00,1.824969e+00,9.652243e+00,8.217387e+11,1.684337e-03,9.081738e-01,TWISTED TORUS,1.800000e+10,0.08
0.000000e+00,2.000000e+00,3.985846e-01,1.423963e+00,2.875801e-03,3.364120e+00,2.035069e+00,9.652243e+00,8.217387e+11,1.684337e-03,1.012554e+00,TWISTED TORUS,1.800000e+10,0.08
0.000000e+00,3.000000e+00,3.985846e-01,1.423963e+00,2.875801e-03,2.962191e+00,2.405825e+00,9.652243e+00,8.217387e+11,1.684337e-03,1.196967e+00,TWISTED TORUS,1.800000e+10,0.08
-5.000000e-01,5.000000e-01,4.150244e-01,1.423963e+00,2.875801e-03,7.883409e-02,nan,nan,nan,nan,6.740682e-01,toroidal alone fails,1.800000e+10,0.08
-5.000000e-01,1.000000e+00,4.150244e-01,1.423963e+00,2.875801e-03,7.368548e-01,nan,nan,nan,nan,7.787987e-01,toroidal alone fails,1.800000e+10,0.08
-5.000000e-01,1.500000e+00,4.150244e-01,1.423963e+00,2.875801e-03,3.255345e+00,1.255900e+00,1.137349e+01,8.089169e+11,1.738156e-03,8.855211e-01,TWISTED TORUS,1.800000e+10,0.08
-5.000000e-01,2.000000e+00,4.150244e-01,1.423963e+00,2.875801e-03,3.803603e+00,1.395057e+00,1.137349e+01,8.089169e+11,1.738156e-03,9.835313e-01,TWISTED TORUS,1.800000e+10,0.08
-5.000000e-01,3.000000e+00,4.150244e-01,1.423963e+00,2.875801e-03,3.430392e+00,1.644623e+00,1.137349e+01,8.089169e+11,1.738156e-03,1.159442e+00,TWISTED TORUS,1.800000e+10,0.08
-1.000000e+00,5.000000e-01,4.329903e-01,1.423963e+00,2.875801e-03,8.408830e-02,nan,nan,nan,nan,6.681030e-01,toroidal alone fails,1.800000e+10,0.08
-1.000000e+00,1.000000e+00,4.329903e-01,1.423963e+00,2.875801e-03,7.762033e-01,nan,nan,nan,nan,7.625764e-01,toroidal alone fails,1.800000e+10,0.08
-1.000000e+00,1.500000e+00,4.329903e-01,1.423963e+00,2.875801e-03,3.524083e+00,4.509133e-01,1.491921e+01,7.840808e+11,1.850013e-03,1.910734e+00,TWISTED TORUS,1.800000e+10,0.08
-1.000000e+00,2.000000e+00,4.329903e-01,1.423963e+00,2.875801e-03,4.261950e+00,4.991230e-01,1.491921e+01,7.840808e+11,1.850013e-03,1.910734e+00,TWISTED TORUS,1.800000e+10,0.08
-1.000000e+00,3.000000e+00,4.329903e-01,1.423963e+00,2.875801e-03,3.946198e+00,5.852391e-01,1.491921e+01,7.840808e+11,1.850013e-03,1.910734e+00,TWISTED TORUS,1.800000e+10,0.08
-1.500000e+00,5.000000e-01,4.480908e-01,1.423963e+00,2.875801e-03,8.980419e-02,nan,nan,nan,nan,6.605596e-01,toroidal alone fails,1.800000e+10,0.08
-1.500000e+00,1.000000e+00,4.480908e-01,1.423963e+00,2.875801e-03,8.240973e-01,nan,nan,nan,nan,7.421935e-01,toroidal alone fails,1.800000e+10,0.08
-1.500000e+00,1.500000e+00,4.480908e-01,1.423963e+00,2.875801e-03,3.857664e+00,1.241682e-01,2.292553e+01,7.415657e+11,2.068222e-03,6.695244e+00,TWISTED TORUS,1.800000e+10,0.08
-1.500000e+00,2.000000e+00,4.480908e-01,1.423963e+00,2.875801e-03,4.829168e+00,1.365319e-01,2.292553e+01,7.415657e+11,2.068222e-03,6.695244e+00,TWISTED TORUS,1.800000e+10,0.08
-1.500000e+00,3.000000e+00,4.480908e-01,1.423963e+00,2.875801e-03,4.640911e+00,1.582321e-01,2.292553e+01,7.415657e+11,2.068222e-03,6.695244e+00,TWISTED TORUS,1.800000e+10,0.08
-2.000000e+00,5.000000e-01,4.654312e-01,1.423963e+00,2.875801e-03,9.821176e-02,nan,nan,nan,nan,6.625503e-01,toroidal alone fails,1.800000e+10,0.08
-2.000000e+00,1.000000e+00,4.654312e-01,1.423963e+00,2.875801e-03,9.224415e-01,nan,nan,nan,nan,7.379291e-01,toroidal alone fails,1.800000e+10,0.08
-2.000000e+00,1.500000e+00,4.654312e-01,1.423963e+00,2.875801e-03,4.182431e+00,5.321604e-02,4.017235e+01,6.874153e+11,2.406900e-03,1.547866e+01,TWISTED TORUS,1.800000e+10,0.08
-2.000000e+00,2.000000e+00,4.654312e-01,1.423963e+00,2.875801e-03,5.218613e+00,5.838637e-02,4.017235e+01,6.874153e+11,2.406900e-03,1.547866e+01,TWISTED TORUS,1.800000e+10,0.08
-2.000000e+00,3.000000e+00,4.654312e-01,1.423963e+00,2.875801e-03,5.077227e+00,6.740457e-02,4.017235e+01,6.874153e+11,2.406900e-03,1.547866e+01,TWISTED TORUS,1.800000e+10,0.08
0.000000e+00,5.000000e-01,3.992654e-01,1.429201e+00,5.368526e-03,3.783189e-02,nan,nan,nan,nan,9.139363e-01,toroidal alone fails,1.800000e+10,0.11
0.000000e+00,1.000000e+00,3.992654e-01,1.429201e+00,5.368526e-03,3.597388e-01,nan,nan,nan,nan,1.068216e+00,toroidal alone fails,1.800000e+10,0.11
0.000000e+00,1.500000e+00,3.992654e-01,1.429201e+00,5.368526e-03,1.565809e+00,2.449274e+00,1.773681e+01,8.187458e+11,1.696673e-03,1.220813e+00,TWISTED TORUS,1.800000e+10,0.11
0.000000e+00,2.000000e+00,3.992654e-01,1.429201e+00,5.368526e-03,1.759100e+00,2.729221e+00,1.773681e+01,8.187458e+11,1.696673e-03,1.360277e+00,TWISTED TORUS,1.800000e+10,0.11
0.000000e+00,3.000000e+00,3.992654e-01,1.429201e+00,5.368526e-03,1.546821e+00,3.226301e+00,1.773681e+01,8.187458e+11,1.696673e-03,1.607958e+00,TWISTED TORUS,1.800000e+10,0.11
-5.000000e-01,5.000000e-01,4.161263e-01,1.429201e+00,5.368526e-03,4.059103e-02,nan,nan,nan,nan,9.067876e-01,toroidal alone fails,1.800000e+10,0.11
-5.000000e-01,1.000000e+00,4.161263e-01,1.429201e+00,5.368526e-03,3.814839e-01,nan,nan,nan,nan,1.047036e+00,toroidal alone fails,1.800000e+10,0.11
-5.000000e-01,1.500000e+00,4.161263e-01,1.429201e+00,5.368526e-03,1.713675e+00,1.680312e+00,2.090136e+01,8.058378e+11,1.751463e-03,1.189495e+00,TWISTED TORUS,1.800000e+10,0.11
-5.000000e-01,2.000000e+00,4.161263e-01,1.429201e+00,5.368526e-03,1.993058e+00,1.867887e+00,2.090136e+01,8.058378e+11,1.751463e-03,1.322190e+00,TWISTED TORUS,1.800000e+10,0.11
-5.000000e-01,3.000000e+00,4.161263e-01,1.429201e+00,5.368526e-03,1.792539e+00,2.199269e+00,2.090136e+01,8.058378e+11,1.751463e-03,1.556716e+00,TWISTED TORUS,1.800000e+10,0.11
-1.000000e+00,5.000000e-01,4.339947e-01,1.429201e+00,5.368526e-03,4.332540e-02,nan,nan,nan,nan,8.992088e-01,toroidal alone fails,1.800000e+10,0.11
-1.000000e+00,1.000000e+00,4.339947e-01,1.429201e+00,5.368526e-03,4.022729e-01,nan,nan,nan,nan,1.025204e+00,toroidal alone fails,1.800000e+10,0.11
-1.000000e+00,1.500000e+00,4.339947e-01,1.429201e+00,5.368526e-03,1.858438e+00,6.024557e-01,2.741815e+01,7.809248e+11,1.864996e-03,1.921990e+00,TWISTED TORUS,1.800000e+10,0.11
-1.000000e+00,2.000000e+00,4.339947e-01,1.429201e+00,5.368526e-03,2.235534e+00,6.668407e-01,2.741815e+01,7.809248e+11,1.864996e-03,1.921990e+00,TWISTED TORUS,1.800000e+10,0.11
-1.000000e+00,3.000000e+00,4.339947e-01,1.429201e+00,5.368526e-03,2.064087e+00,7.810445e-01,2.741815e+01,7.809248e+11,1.864996e-03,1.921990e+00,TWISTED TORUS,1.800000e+10,0.11
-1.500000e+00,5.000000e-01,4.495065e-01,1.429201e+00,5.368526e-03,4.630196e-02,nan,nan,nan,nan,8.887944e-01,toroidal alone fails,1.800000e+10,0.11
-1.500000e+00,1.000000e+00,4.495065e-01,1.429201e+00,5.368526e-03,4.275656e-01,nan,nan,nan,nan,9.981105e-01,toroidal alone fails,1.800000e+10,0.11
-1.500000e+00,1.500000e+00,4.495065e-01,1.429201e+00,5.368526e-03,2.037346e+00,1.658850e-01,4.210727e+01,7.384516e+11,2.085703e-03,6.735219e+00,TWISTED TORUS,1.800000e+10,0.11
-1.500000e+00,2.000000e+00,4.495065e-01,1.429201e+00,5.368526e-03,2.537384e+00,1.823552e-01,4.210727e+01,7.384516e+11,2.085703e-03,6.735219e+00,TWISTED TORUS,1.800000e+10,0.11
-1.500000e+00,3.000000e+00,4.495065e-01,1.429201e+00,5.368526e-03,2.431263e+00,2.111604e-01,4.210727e+01,7.384516e+11,2.085703e-03,6.735219e+00,TWISTED TORUS,1.800000e+10,0.11
-2.000000e+00,5.000000e-01,4.669772e-01,1.429201e+00,5.368526e-03,5.068306e-02,nan,nan,nan,nan,8.922827e-01,toroidal alone fails,1.800000e+10,0.11
-2.000000e+00,1.000000e+00,4.669772e-01,1.429201e+00,5.368526e-03,4.794091e-01,nan,nan,nan,nan,9.930644e-01,toroidal alone fails,1.800000e+10,0.11
-2.000000e+00,1.500000e+00,4.669772e-01,1.429201e+00,5.368526e-03,2.206374e+00,7.116698e-02,7.365643e+01,6.845123e+11,2.427358e-03,1.557537e+01,TWISTED TORUS,1.800000e+10,0.11
-2.000000e+00,2.000000e+00,4.669772e-01,1.429201e+00,5.368526e-03,2.739310e+00,7.810614e-02,7.365643e+01,6.845123e+11,2.427358e-03,1.557537e+01,TWISTED TORUS,1.800000e+10,0.11
-2.000000e+00,3.000000e+00,4.669772e-01,1.429201e+00,5.368526e-03,2.650301e+00,9.019595e-02,7.365643e+01,6.845123e+11,2.427358e-03,1.557537e+01,TWISTED TORUS,1.800000e+10,0.11
0.000000e+00,5.000000e-01,4.014111e-01,1.438673e+00,9.764286e-03,2.402541e-02,nan,nan,nan,nan,1.197485e+00,toroidal alone fails,1.800000e+10,0.15
0.000000e+00,1.000000e+00,4.014111e-01,1.438673e+00,9.764286e-03,1.840107e-01,nan,nan,nan,nan,1.398077e+00,toroidal alone fails,1.800000e+10,0.15
0.000000e+00,1.500000e+00,4.014111e-01,1.438673e+00,9.764286e-03,8.282094e-01,nan,nan,nan,nan,1.596313e+00,toroidal alone fails,1.800000e+10,0.15
0.000000e+00,2.000000e+00,4.014111e-01,1.438673e+00,9.764286e-03,9.280984e-01,nan,nan,nan,nan,1.778614e+00,toroidal alone fails,1.800000e+10,0.15
0.000000e+00,3.000000e+00,4.014111e-01,1.438673e+00,9.764286e-03,8.134708e-01,nan,nan,nan,nan,2.101273e+00,toroidal alone fails,1.800000e+10,0.15
-5.000000e-01,5.000000e-01,4.173571e-01,1.438673e+00,9.764286e-03,2.582408e-02,nan,nan,nan,nan,1.188564e+00,toroidal alone fails,1.800000e+10,0.15
-5.000000e-01,1.000000e+00,4.173571e-01,1.438673e+00,9.764286e-03,1.957003e-01,nan,nan,nan,nan,1.370047e+00,toroidal alone fails,1.800000e+10,0.15
-5.000000e-01,1.500000e+00,4.173571e-01,1.438673e+00,9.764286e-03,9.080332e-01,nan,nan,nan,nan,1.556022e+00,toroidal alone fails,1.800000e+10,0.15
-5.000000e-01,2.000000e+00,4.173571e-01,1.438673e+00,9.764286e-03,1.053536e+00,2.555272e+00,4.106711e+01,7.595670e+11,1.971352e-03,1.728518e+00,TWISTED TORUS,1.800000e+10,0.15
-5.000000e-01,3.000000e+00,4.173571e-01,1.438673e+00,9.764286e-03,9.451813e-01,nan,nan,nan,nan,2.034209e+00,toroidal alone fails,1.800000e+10,0.15
-1.000000e+00,5.000000e-01,4.350655e-01,1.438673e+00,9.764286e-03,2.761092e-02,nan,nan,nan,nan,1.178572e+00,toroidal alone fails,1.800000e+10,0.15
-1.000000e+00,1.000000e+00,4.350655e-01,1.438673e+00,9.764286e-03,2.069110e-01,nan,nan,nan,nan,1.341855e+00,toroidal alone fails,1.800000e+10,0.15
-1.000000e+00,1.500000e+00,4.350655e-01,1.438673e+00,9.764286e-03,9.861926e-01,nan,nan,nan,nan,1.514457e+00,toroidal alone fails,1.800000e+10,0.15
-1.000000e+00,2.000000e+00,4.350655e-01,1.438673e+00,9.764286e-03,1.184563e+00,9.076857e-01,5.371807e+01,7.368915e+11,2.094543e-03,1.845491e+00,TWISTED TORUS,1.800000e+10,0.15
-1.000000e+00,3.000000e+00,4.350655e-01,1.438673e+00,9.764286e-03,1.090281e+00,1.062951e+00,5.371807e+01,7.368915e+11,2.094543e-03,1.961676e+00,TWISTED TORUS,1.800000e+10,0.15
-1.500000e+00,5.000000e-01,4.519062e-01,1.438673e+00,9.764286e-03,2.955366e-02,nan,nan,nan,nan,1.165962e+00,toroidal alone fails,1.800000e+10,0.15
-1.500000e+00,1.000000e+00,4.519062e-01,1.438673e+00,9.764286e-03,2.205672e-01,nan,nan,nan,nan,1.306139e+00,toroidal alone fails,1.800000e+10,0.15
-1.500000e+00,1.500000e+00,4.519062e-01,1.438673e+00,9.764286e-03,1.082970e+00,2.253143e-01,8.200596e+01,6.983587e+11,2.332058e-03,6.484163e+00,TWISTED TORUS,1.800000e+10,0.15
-1.500000e+00,2.000000e+00,4.519062e-01,1.438673e+00,9.764286e-03,1.347157e+00,2.474708e-01,8.200596e+01,6.983587e+11,2.332058e-03,6.484163e+00,TWISTED TORUS,1.800000e+10,0.15
-1.500000e+00,3.000000e+00,4.519062e-01,1.438673e+00,9.764286e-03,1.287239e+00,2.862953e-01,8.200596e+01,6.983587e+11,2.332058e-03,6.484163e+00,TWISTED TORUS,1.800000e+10,0.15
-2.000000e+00,5.000000e-01,4.683138e-01,1.438673e+00,9.764286e-03,3.241445e-02,nan,nan,nan,nan,1.171292e+00,toroidal alone fails,1.800000e+10,0.15
-2.000000e+00,1.000000e+00,4.683138e-01,1.438673e+00,9.764286e-03,2.482935e-01,nan,nan,nan,nan,1.301936e+00,toroidal alone fails,1.800000e+10,0.15
-2.000000e+00,1.500000e+00,4.683138e-01,1.438673e+00,9.764286e-03,1.172024e+00,9.653896e-02,1.421756e+02,6.492838e+11,2.697909e-03,1.504611e+01,TWISTED TORUS,1.800000e+10,0.15
-2.000000e+00,2.000000e+00,4.683138e-01,1.438673e+00,9.764286e-03,1.451397e+00,1.059483e-01,1.421756e+02,6.492838e+11,2.697909e-03,1.504611e+01,TWISTED TORUS,1.800000e+10,0.15
-2.000000e+00,3.000000e+00,4.683138e-01,1.438673e+00,9.764286e-03,1.395398e+00,1.224114e-01,1.421756e+02,6.492838e+11,2.697909e-03,1.504611e+01,TWISTED TORUS,1.800000e+10,0.15
0.000000e+00,5.000000e-01,4.028856e-01,1.454394e+00,1.676732e-02,1.223036e-02,nan,nan,nan,nan,1.501489e+00,toroidal alone fails,1.800000e+10,0.20
0.000000e+00,1.000000e+00,4.028856e-01,1.454394e+00,1.676732e-02,9.526281e-02,nan,nan,nan,nan,1.749676e+00,toroidal alone fails,1.800000e+10,0.20
0.000000e+00,1.500000e+00,4.028856e-01,1.454394e+00,1.676732e-02,4.561769e-01,nan,nan,nan,nan,1.996793e+00,toroidal alone fails,1.800000e+10,0.20
0.000000e+00,2.000000e+00,4.028856e-01,1.454394e+00,1.676732e-02,5.054135e-01,nan,nan,nan,nan,2.223487e+00,toroidal alone fails,1.800000e+10,0.20
0.000000e+00,3.000000e+00,4.028856e-01,1.454394e+00,1.676732e-02,4.405708e-01,nan,nan,nan,nan,2.626221e+00,toroidal alone fails,1.800000e+10,0.20
-5.000000e-01,5.000000e-01,4.194505e-01,1.454394e+00,1.676732e-02,1.317724e-02,nan,nan,nan,nan,1.490888e+00,toroidal alone fails,1.800000e+10,0.20
-5.000000e-01,1.000000e+00,4.194505e-01,1.454394e+00,1.676732e-02,1.016440e-01,nan,nan,nan,nan,1.715506e+00,toroidal alone fails,1.800000e+10,0.20
-5.000000e-01,1.500000e+00,4.194505e-01,1.454394e+00,1.676732e-02,5.025015e-01,nan,nan,nan,nan,1.946200e+00,toroidal alone fails,1.800000e+10,0.20
-5.000000e-01,2.000000e+00,4.194505e-01,1.454394e+00,1.676732e-02,5.761041e-01,nan,nan,nan,nan,2.160945e+00,toroidal alone fails,1.800000e+10,0.20
-5.000000e-01,3.000000e+00,4.194505e-01,1.454394e+00,1.676732e-02,5.130280e-01,nan,nan,nan,nan,2.543377e+00,toroidal alone fails,1.800000e+10,0.20
-1.000000e+00,5.000000e-01,4.379442e-01,1.454394e+00,1.676732e-02,1.411489e-02,nan,nan,nan,nan,1.478971e+00,toroidal alone fails,1.800000e+10,0.20
-1.000000e+00,1.000000e+00,4.379442e-01,1.454394e+00,1.676732e-02,1.077632e-01,nan,nan,nan,nan,1.680131e+00,toroidal alone fails,1.800000e+10,0.20
-1.000000e+00,1.500000e+00,4.379442e-01,1.454394e+00,1.676732e-02,5.480105e-01,nan,nan,nan,nan,1.894141e+00,toroidal alone fails,1.800000e+10,0.20
-1.000000e+00,2.000000e+00,4.379442e-01,1.454394e+00,1.676732e-02,6.499219e-01,nan,nan,nan,nan,2.094474e+00,toroidal alone fails,1.800000e+10,0.20
-1.000000e+00,3.000000e+00,4.379442e-01,1.454394e+00,1.676732e-02,5.936846e-01,nan,nan,nan,nan,2.451013e+00,toroidal alone fails,1.800000e+10,0.20
-1.500000e+00,5.000000e-01,4.528851e-01,1.454394e+00,1.676732e-02,1.513556e-02,nan,nan,nan,nan,1.463870e+00,toroidal alone fails,1.800000e+10,0.20
-1.500000e+00,1.000000e+00,4.528851e-01,1.454394e+00,1.676732e-02,1.152114e-01,nan,nan,nan,nan,1.636107e+00,toroidal alone fails,1.800000e+10,0.20
-1.500000e+00,1.500000e+00,4.528851e-01,1.454394e+00,1.676732e-02,6.043343e-01,nan,nan,nan,nan,1.827264e+00,toroidal alone fails,1.800000e+10,0.20
-1.500000e+00,2.000000e+00,4.528851e-01,1.454394e+00,1.676732e-02,7.424152e-01,nan,nan,nan,nan,2.005512e+00,toroidal alone fails,1.800000e+10,0.20
-1.500000e+00,3.000000e+00,4.528851e-01,1.454394e+00,1.676732e-02,7.039036e-01,nan,nan,nan,nan,2.317451e+00,toroidal alone fails,1.800000e+10,0.20
-2.000000e+00,5.000000e-01,4.702056e-01,1.454394e+00,1.676732e-02,1.664042e-02,nan,nan,nan,nan,1.473544e+00,toroidal alone fails,1.800000e+10,0.20
-2.000000e+00,1.000000e+00,4.702056e-01,1.454394e+00,1.676732e-02,1.302752e-01,nan,nan,nan,nan,1.634162e+00,toroidal alone fails,1.800000e+10,0.20
-2.000000e+00,1.500000e+00,4.702056e-01,1.454394e+00,1.676732e-02,6.522197e-01,nan,nan,nan,nan,1.822690e+00,toroidal alone fails,1.800000e+10,0.20
-2.000000e+00,2.000000e+00,4.702056e-01,1.454394e+00,1.676732e-02,7.960242e-01,nan,nan,nan,nan,2.000932e+00,toroidal alone fails,1.800000e+10,0.20
-2.000000e+00,3.000000e+00,4.702056e-01,1.454394e+00,1.676732e-02,7.565889e-01,nan,nan,nan,nan,2.313984e+00,toroidal alone fails,1.800000e+10,0.20
0.000000e+00,5.000000e-01,3.990223e-01,1.498079e+00,3.463646e-02,7.043312e-03,nan,nan,nan,nan,1.944249e+00,toroidal alone fails,1.800000e+10,0.30
0.000000e+00,1.000000e+00,3.990223e-01,1.498079e+00,3.463646e-02,5.541740e-02,nan,nan,nan,nan,2.259552e+00,toroidal alone fails,1.800000e+10,0.30
0.000000e+00,1.500000e+00,3.990223e-01,1.498079e+00,3.463646e-02,1.943156e-01,nan,nan,nan,nan,2.573929e+00,toroidal alone fails,1.800000e+10,0.30
0.000000e+00,2.000000e+00,3.990223e-01,1.498079e+00,3.463646e-02,2.048839e-01,nan,nan,nan,nan,2.863761e+00,toroidal alone fails,1.800000e+10,0.30
0.000000e+00,3.000000e+00,3.990223e-01,1.498079e+00,3.463646e-02,1.748790e-01,nan,nan,nan,nan,3.376481e+00,toroidal alone fails,1.800000e+10,0.30
-5.000000e-01,5.000000e-01,4.164901e-01,1.498079e+00,3.463646e-02,7.639606e-03,nan,nan,nan,nan,1.930955e+00,toroidal alone fails,1.800000e+10,0.30
-5.000000e-01,1.000000e+00,4.164901e-01,1.498079e+00,3.463646e-02,5.970384e-02,nan,nan,nan,nan,2.215010e+00,toroidal alone fails,1.800000e+10,0.30
-5.000000e-01,1.500000e+00,4.164901e-01,1.498079e+00,3.463646e-02,2.176930e-01,nan,nan,nan,nan,2.508319e+00,toroidal alone fails,1.800000e+10,0.30
-5.000000e-01,2.000000e+00,4.164901e-01,1.498079e+00,3.463646e-02,2.360372e-01,nan,nan,nan,nan,2.782243e+00,toroidal alone fails,1.800000e+10,0.30
-5.000000e-01,3.000000e+00,4.164901e-01,1.498079e+00,3.463646e-02,2.053979e-01,nan,nan,nan,nan,3.270317e+00,toroidal alone fails,1.800000e+10,0.30
-1.000000e+00,5.000000e-01,4.327520e-01,1.498079e+00,3.463646e-02,8.230358e-03,nan,nan,nan,nan,1.915799e+00,toroidal alone fails,1.800000e+10,0.30
-1.000000e+00,1.000000e+00,4.327520e-01,1.498079e+00,3.463646e-02,6.384848e-02,nan,nan,nan,nan,2.168097e+00,toroidal alone fails,1.800000e+10,0.30
-1.000000e+00,1.500000e+00,4.327520e-01,1.498079e+00,3.463646e-02,2.411828e-01,nan,nan,nan,nan,2.439712e+00,toroidal alone fails,1.800000e+10,0.30
-1.000000e+00,2.000000e+00,4.327520e-01,1.498079e+00,3.463646e-02,2.691918e-01,nan,nan,nan,nan,2.693836e+00,toroidal alone fails,1.800000e+10,0.30
-1.000000e+00,3.000000e+00,4.327520e-01,1.498079e+00,3.463646e-02,2.398389e-01,nan,nan,nan,nan,3.147020e+00,toroidal alone fails,1.800000e+10,0.30
-1.500000e+00,5.000000e-01,4.514787e-01,1.498079e+00,3.463646e-02,8.882193e-03,nan,nan,nan,nan,1.898228e+00,toroidal alone fails,1.800000e+10,0.30
-1.500000e+00,1.000000e+00,4.514787e-01,1.498079e+00,3.463646e-02,6.899410e-02,nan,nan,nan,nan,2.113236e+00,toroidal alone fails,1.800000e+10,0.30
-1.500000e+00,1.500000e+00,4.514787e-01,1.498079e+00,3.463646e-02,2.703112e-01,nan,nan,nan,nan,2.353142e+00,toroidal alone fails,1.800000e+10,0.30
-1.500000e+00,2.000000e+00,4.514787e-01,1.498079e+00,3.463646e-02,3.113756e-01,nan,nan,nan,nan,2.577697e+00,toroidal alone fails,1.800000e+10,0.30
-1.500000e+00,3.000000e+00,4.514787e-01,1.498079e+00,3.463646e-02,2.880308e-01,nan,nan,nan,nan,2.969898e+00,toroidal alone fails,1.800000e+10,0.30
-2.000000e+00,5.000000e-01,4.685187e-01,1.498079e+00,3.463646e-02,9.866075e-03,nan,nan,nan,nan,1.917090e+00,toroidal alone fails,1.800000e+10,0.30
-2.000000e+00,1.000000e+00,4.685187e-01,1.498079e+00,3.463646e-02,7.946864e-02,nan,nan,nan,nan,2.120472e+00,toroidal alone fails,1.800000e+10,0.30
-2.000000e+00,1.500000e+00,4.685187e-01,1.498079e+00,3.463646e-02,2.884463e-01,nan,nan,nan,nan,2.365067e+00,toroidal alone fails,1.800000e+10,0.30
-2.000000e+00,2.000000e+00,4.685187e-01,1.498079e+00,3.463646e-02,3.291541e-01,nan,nan,nan,nan,2.598122e+00,toroidal alone fails,1.800000e+10,0.30
-2.000000e+00,3.000000e+00,4.685187e-01,1.498079e+00,3.463646e-02,3.021028e-01,nan,nan,nan,nan,3.010634e+00,toroidal alone fails,1.800000e+10,0.30
0.000000e+00,5.000000e-01,3.955254e-01,1.409918e+00,1.137115e-03,3.111322e-01,nan,nan,nan,nan,2.575438e-01,toroidal alone fails,8.000000e+09,0.05
0.000000e+00,1.000000e+00,3.955254e-01,1.409918e+00,1.137115e-03,1.917358e+00,6.963302e-01,1.722239e+00,7.852217e+11,1.844641e-03,4.333822e-01,TWISTED TORUS,8.000000e+09,0.05
0.000000e+00,1.500000e+00,3.955254e-01,1.409918e+00,1.137115e-03,7.796052e+00,7.959068e-01,1.722239e+00,7.852217e+11,1.844641e-03,4.333822e-01,TWISTED TORUS,8.000000e+09,0.05
0.000000e+00,2.000000e+00,3.955254e-01,1.409918e+00,1.137115e-03,8.614741e+00,8.877065e-01,1.722239e+00,7.852217e+11,1.844641e-03,4.333822e-01,TWISTED TORUS,8.000000e+09,0.05
0.000000e+00,3.000000e+00,3.955254e-01,1.409918e+00,1.137115e-03,7.505062e+00,1.049142e+00,1.722239e+00,7.852217e+11,1.844641e-03,4.547559e-01,TWISTED TORUS,8.000000e+09,0.05
-5.000000e-01,5.000000e-01,4.117964e-01,1.409918e+00,1.137115e-03,3.345530e-01,nan,nan,nan,nan,2.551494e-01,toroidal alone fails,8.000000e+09,0.05
-5.000000e-01,1.000000e+00,4.117964e-01,1.409918e+00,1.137115e-03,2.041539e+00,4.887983e-01,2.077150e+00,7.686859e+11,1.924857e-03,6.044640e-01,TWISTED TORUS,8.000000e+09,0.05
-5.000000e-01,1.500000e+00,4.117964e-01,1.409918e+00,1.137115e-03,8.559023e+00,5.560865e-01,2.077150e+00,7.686859e+11,1.924857e-03,6.044640e-01,TWISTED TORUS,8.000000e+09,0.05
-5.000000e-01,2.000000e+00,4.117964e-01,1.409918e+00,1.137115e-03,9.770617e+00,6.180317e-01,2.077150e+00,7.686859e+11,1.924857e-03,6.044640e-01,TWISTED TORUS,8.000000e+09,0.05
-5.000000e-01,3.000000e+00,4.117964e-01,1.409918e+00,1.137115e-03,8.698249e+00,7.285537e-01,2.077150e+00,7.686859e+11,1.924857e-03,6.044640e-01,TWISTED TORUS,8.000000e+09,0.05
-1.000000e+00,5.000000e-01,4.303105e-01,1.409918e+00,1.137115e-03,3.579745e-01,nan,nan,nan,nan,2.526061e-01,toroidal alone fails,8.000000e+09,0.05
-1.000000e+00,1.000000e+00,4.303105e-01,1.409918e+00,1.137115e-03,2.162580e+00,1.792907e-01,2.832612e+00,7.370318e+11,2.093746e-03,1.612354e+00,TWISTED TORUS,8.000000e+09,0.05
-1.000000e+00,1.500000e+00,4.303105e-01,1.409918e+00,1.137115e-03,9.314102e+00,2.027663e-01,2.832612e+00,7.370318e+11,2.093746e-03,1.612354e+00,TWISTED TORUS,8.000000e+09,0.05
-1.000000e+00,2.000000e+00,4.303105e-01,1.409918e+00,1.137115e-03,1.098471e+01,2.245186e-01,2.832612e+00,7.370318e+11,2.093746e-03,1.612354e+00,TWISTED TORUS,8.000000e+09,0.05
-1.000000e+00,3.000000e+00,4.303105e-01,1.409918e+00,1.137115e-03,1.002378e+01,2.633437e-01,2.832612e+00,7.370318e+11,2.093746e-03,1.612354e+00,TWISTED TORUS,8.000000e+09,0.05
-1.500000e+00,5.000000e-01,4.452410e-01,1.409918e+00,1.137115e-03,3.837787e-01,nan,nan,nan,nan,2.493542e-01,toroidal alone fails,8.000000e+09,0.05
-1.500000e+00,1.000000e+00,4.452410e-01,1.409918e+00,1.137115e-03,2.311978e+00,4.984789e-02,4.589296e+00,6.856835e+11,2.419073e-03,5.639232e+00,TWISTED TORUS,8.000000e+09,0.05
-1.500000e+00,1.500000e+00,4.452410e-01,1.409918e+00,1.137115e-03,1.025525e+01,5.590014e-02,4.589296e+00,6.856835e+11,2.419073e-03,5.639232e+00,TWISTED TORUS,8.000000e+09,0.05
-1.500000e+00,2.000000e+00,4.452410e-01,1.409918e+00,1.137115e-03,1.250298e+01,6.149209e-02,4.589296e+00,6.856835e+11,2.419073e-03,5.639232e+00,TWISTED TORUS,8.000000e+09,0.05
-1.500000e+00,3.000000e+00,4.452410e-01,1.409918e+00,1.137115e-03,1.182683e+01,7.127594e-02,4.589296e+00,6.856835e+11,2.419073e-03,5.639232e+00,TWISTED TORUS,8.000000e+09,0.05
-2.000000e+00,5.000000e-01,4.626361e-01,1.409918e+00,1.137115e-03,4.221839e-01,nan,nan,nan,nan,2.497693e-01,toroidal alone fails,8.000000e+09,0.05
-2.000000e+00,1.000000e+00,4.626361e-01,1.409918e+00,1.137115e-03,2.613925e+00,2.785592e-02,1.414655e+01,4.831454e+11,4.872376e-03,1.002395e+01,TWISTED TORUS,8.000000e+09,0.05
-2.000000e+00,1.500000e+00,4.626361e-01,1.409918e+00,1.137115e-03,1.113063e+01,3.112260e-02,1.414655e+01,4.831454e+11,4.872376e-03,1.002395e+01,TWISTED TORUS,8.000000e+09,0.05
-2.000000e+00,2.000000e+00,4.626361e-01,1.409918e+00,1.137115e-03,1.354718e+01,3.415849e-02,1.414655e+01,4.831454e+11,4.872376e-03,1.002395e+01,TWISTED TORUS,8.000000e+09,0.05
-2.000000e+00,3.000000e+00,4.626361e-01,1.409918e+00,1.137115e-03,1.297901e+01,3.941793e-02,1.414655e+01,4.831454e+11,4.872376e-03,1.002395e+01,TWISTED TORUS,8.000000e+09,0.05
0.000000e+00,5.000000e-01,3.936961e-01,1.413412e+00,2.885178e-03,1.216926e-01,nan,nan,nan,nan,4.079695e-01,toroidal alone fails,8.000000e+09,0.08
0.000000e+00,1.000000e+00,3.936961e-01,1.413412e+00,2.885178e-03,8.904770e-01,nan,nan,nan,nan,4.780071e-01,toroidal alone fails,8.000000e+09,0.08
0.000000e+00,1.500000e+00,3.936961e-01,1.413412e+00,2.885178e-03,3.072011e+00,1.340028e+00,4.891187e+00,7.363705e+11,2.097508e-03,5.467926e-01,TWISTED TORUS,8.000000e+09,0.08
0.000000e+00,2.000000e+00,3.936961e-01,1.413412e+00,2.885178e-03,3.328870e+00,1.493438e+00,4.891187e+00,7.363705e+11,2.097508e-03,6.092877e-01,TWISTED TORUS,8.000000e+09,0.08
0.000000e+00,3.000000e+00,3.936961e-01,1.413412e+00,2.885178e-03,2.882363e+00,1.766008e+00,4.891187e+00,7.363705e+11,2.097508e-03,7.203895e-01,TWISTED TORUS,8.000000e+09,0.08
-5.000000e-01,5.000000e-01,4.109787e-01,1.413412e+00,2.885178e-03,1.309302e-01,nan,nan,nan,nan,4.040776e-01,toroidal alone fails,8.000000e+09,0.08
-5.000000e-01,1.000000e+00,4.109787e-01,1.413412e+00,2.885178e-03,9.488729e-01,nan,nan,nan,nan,4.680856e-01,toroidal alone fails,8.000000e+09,0.08
-5.000000e-01,1.500000e+00,4.109787e-01,1.413412e+00,2.885178e-03,3.388403e+00,9.330334e-01,5.886723e+00,7.215985e+11,2.184264e-03,5.704320e-01,TWISTED TORUS,8.000000e+09,0.08
-5.000000e-01,2.000000e+00,4.109787e-01,1.413412e+00,2.885178e-03,3.783644e+00,1.037614e+00,5.886723e+00,7.215985e+11,2.184264e-03,5.919543e-01,TWISTED TORUS,8.000000e+09,0.08
-5.000000e-01,3.000000e+00,4.109787e-01,1.413412e+00,2.885178e-03,3.342803e+00,1.222217e+00,5.886723e+00,7.215985e+11,2.184264e-03,6.972088e-01,TWISTED TORUS,8.000000e+09,0.08
-1.000000e+00,5.000000e-01,4.290039e-01,1.413412e+00,2.885178e-03,1.401637e-01,nan,nan,nan,nan,4.000638e-01,toroidal alone fails,8.000000e+09,0.08
-1.000000e+00,1.000000e+00,4.290039e-01,1.413412e+00,2.885178e-03,1.005796e+00,1.241714e+00,1.370086e+02,1.674641e+11,4.055581e-02,4.579343e-01,TWISTED TORUS,8.000000e+09,0.08
-1.000000e+00,1.500000e+00,4.290039e-01,1.413412e+00,2.885178e-03,3.704744e+00,3.391518e-01,7.992678e+00,6.933450e+11,2.365907e-03,1.526843e+00,TWISTED TORUS,8.000000e+09,0.08
-1.000000e+00,2.000000e+00,4.290039e-01,1.413412e+00,2.885178e-03,4.263092e+00,3.755918e-01,7.992678e+00,6.933450e+11,2.365907e-03,1.526843e+00,TWISTED TORUS,8.000000e+09,0.08
-1.000000e+00,3.000000e+00,4.290039e-01,1.413412e+00,2.885178e-03,3.856457e+00,4.401156e-01,7.992678e+00,6.933450e+11,2.365907e-03,1.526843e+00,TWISTED TORUS,8.000000e+09,0.08
-1.500000e+00,5.000000e-01,4.450943e-01,1.413412e+00,2.885178e-03,1.504011e-01,nan,nan,nan,nan,3.948422e-01,toroidal alone fails,8.000000e+09,0.08
-1.500000e+00,1.000000e+00,4.450943e-01,1.413412e+00,2.885178e-03,1.076586e+00,8.308092e-02,1.285177e+01,6.473361e+11,2.714168e-03,5.359522e+00,TWISTED TORUS,8.000000e+09,0.08
-1.500000e+00,1.500000e+00,4.450943e-01,1.413412e+00,2.885178e-03,4.098086e+00,9.314300e-02,1.285177e+01,6.473361e+11,2.714168e-03,5.359522e+00,TWISTED TORUS,8.000000e+09,0.08
-1.500000e+00,2.000000e+00,4.450943e-01,1.413412e+00,2.885178e-03,4.864328e+00,1.024447e-01,1.285177e+01,6.473361e+11,2.714168e-03,5.359522e+00,TWISTED TORUS,8.000000e+09,0.08
-1.500000e+00,3.000000e+00,4.450943e-01,1.413412e+00,2.885178e-03,4.559571e+00,1.186543e-01,1.285177e+01,6.473361e+11,2.714168e-03,5.359522e+00,TWISTED TORUS,8.000000e+09,0.08
-2.000000e+00,5.000000e-01,4.620456e-01,1.413412e+00,2.885178e-03,1.658256e-01,nan,nan,nan,nan,3.954315e-01,toroidal alone fails,8.000000e+09,0.08
-2.000000e+00,1.000000e+00,4.620456e-01,1.413412e+00,2.885178e-03,1.221637e+00,4.412326e-02,3.575226e+01,4.799277e+11,4.937928e-03,1.002405e+01,TWISTED TORUS,8.000000e+09,0.08
-2.000000e+00,1.500000e+00,4.620456e-01,1.413412e+00,2.885178e-03,4.431892e+00,4.932482e-02,3.575226e+01,4.799277e+11,4.937928e-03,1.002405e+01,TWISTED TORUS,8.000000e+09,0.08
-2.000000e+00,2.000000e+00,4.620456e-01,1.413412e+00,2.885178e-03,5.269283e+00,5.414609e-02,3.575226e+01,4.799277e+11,4.937928e-03,1.002405e+01,TWISTED TORUS,8.000000e+09,0.08
-2.000000e+00,3.000000e+00,4.620456e-01,1.413412e+00,2.885178e-03,4.993928e+00,6.249082e-02,3.575226e+01,4.799277e+11,4.937928e-03,1.002405e+01,TWISTED TORUS,8.000000e+09,0.08
0.000000e+00,5.000000e-01,3.944644e-01,1.418492e+00,5.386117e-03,8.097324e-02,nan,nan,nan,nan,5.491128e-01,toroidal alone fails,8.000000e+09,0.11
0.000000e+00,1.000000e+00,3.944644e-01,1.418492e+00,5.386117e-03,4.917217e-01,nan,nan,nan,nan,6.430017e-01,toroidal alone fails,8.000000e+09,0.11
0.000000e+00,1.500000e+00,3.944644e-01,1.418492e+00,5.386117e-03,1.612397e+00,1.791772e+00,8.930232e+00,7.362247e+11,2.098339e-03,7.347288e-01,TWISTED TORUS,8.000000e+09,0.11
0.000000e+00,2.000000e+00,3.944644e-01,1.418492e+00,5.386117e-03,1.740260e+00,1.998011e+00,8.930232e+00,7.362247e+11,2.098339e-03,8.191712e-01,TWISTED TORUS,8.000000e+09,0.11
0.000000e+00,3.000000e+00,3.944644e-01,1.418492e+00,5.386117e-03,1.501966e+00,2.360784e+00,8.930232e+00,7.362247e+11,2.098339e-03,9.678623e-01,TWISTED TORUS,8.000000e+09,0.11
-5.000000e-01,5.000000e-01,4.115572e-01,1.418492e+00,5.386117e-03,8.724126e-02,nan,nan,nan,nan,5.439521e-01,toroidal alone fails,8.000000e+09,0.11
-5.000000e-01,1.000000e+00,4.115572e-01,1.418492e+00,5.386117e-03,5.252074e-01,nan,nan,nan,nan,6.295684e-01,toroidal alone fails,8.000000e+09,0.11
-5.000000e-01,1.500000e+00,4.115572e-01,1.418492e+00,5.386117e-03,1.781961e+00,1.246057e+00,1.075234e+01,7.212552e+11,2.186344e-03,7.159666e-01,TWISTED TORUS,8.000000e+09,0.11
-5.000000e-01,2.000000e+00,4.115572e-01,1.418492e+00,5.386117e-03,1.980640e+00,1.384225e+00,1.075234e+01,7.212552e+11,2.186344e-03,7.952808e-01,TWISTED TORUS,8.000000e+09,0.11
-5.000000e-01,3.000000e+00,4.115572e-01,1.418492e+00,5.386117e-03,1.744939e+00,1.631543e+00,1.075234e+01,7.212552e+11,2.186344e-03,9.373468e-01,TWISTED TORUS,8.000000e+09,0.11
-1.000000e+00,5.000000e-01,4.298055e-01,1.418492e+00,5.386117e-03,9.352178e-02,nan,nan,nan,nan,5.385107e-01,toroidal alone fails,8.000000e+09,0.11
-1.000000e+00,1.000000e+00,4.298055e-01,1.418492e+00,5.386117e-03,5.579711e-01,nan,nan,nan,nan,6.157364e-01,toroidal alone fails,8.000000e+09,0.11
-1.000000e+00,1.500000e+00,4.298055e-01,1.418492e+00,5.386117e-03,1.951648e+00,4.519117e-01,1.460529e+01,6.927406e+11,2.370037e-03,1.540231e+00,TWISTED TORUS,8.000000e+09,0.11
-1.000000e+00,2.000000e+00,4.298055e-01,1.418492e+00,5.386117e-03,2.234403e+00,5.003859e-01,1.460529e+01,6.927406e+11,2.370037e-03,1.540231e+00,TWISTED TORUS,8.000000e+09,0.11
-1.000000e+00,3.000000e+00,4.298055e-01,1.418492e+00,5.386117e-03,2.015962e+00,5.865654e-01,1.460529e+01,6.927406e+11,2.370037e-03,1.540231e+00,TWISTED TORUS,8.000000e+09,0.11
-1.500000e+00,5.000000e-01,4.452667e-01,1.418492e+00,5.386117e-03,1.004950e-01,nan,nan,nan,nan,5.313696e-01,toroidal alone fails,8.000000e+09,0.11
-1.500000e+00,1.000000e+00,4.452667e-01,1.418492e+00,5.386117e-03,5.988571e-01,nan,nan,nan,nan,5.988084e-01,toroidal alone fails,8.000000e+09,0.11
-1.500000e+00,1.500000e+00,4.452667e-01,1.418492e+00,5.386117e-03,2.161993e+00,1.240808e-01,2.347830e+01,6.465253e+11,2.720980e-03,5.405978e+00,TWISTED TORUS,8.000000e+09,0.11
-1.500000e+00,2.000000e+00,4.452667e-01,1.418492e+00,5.386117e-03,2.554103e+00,1.364658e-01,2.347830e+01,6.465253e+11,2.720980e-03,5.405978e+00,TWISTED TORUS,8.000000e+09,0.11
-1.500000e+00,3.000000e+00,4.452667e-01,1.418492e+00,5.386117e-03,2.387618e+00,1.580352e-01,2.347830e+01,6.465253e+11,2.720980e-03,5.405978e+00,TWISTED TORUS,8.000000e+09,0.11
-2.000000e+00,5.000000e-01,4.632752e-01,1.418492e+00,5.386117e-03,1.110091e-01,nan,nan,nan,nan,5.326671e-01,toroidal alone fails,8.000000e+09,0.11
-2.000000e+00,1.000000e+00,4.632752e-01,1.418492e+00,5.386117e-03,6.819712e-01,nan,nan,nan,nan,5.954590e-01,toroidal alone fails,8.000000e+09,0.11
-2.000000e+00,1.500000e+00,4.632752e-01,1.418492e+00,5.386117e-03,2.336564e+00,6.637221e-02,6.636921e+01,4.750250e+11,5.040382e-03,1.002419e+01,TWISTED TORUS,8.000000e+09,0.11
-2.000000e+00,2.000000e+00,4.632752e-01,1.418492e+00,5.386117e-03,2.763365e+00,7.287513e-02,6.636921e+01,4.750250e+11,5.040382e-03,1.002419e+01,TWISTED TORUS,8.000000e+09,0.11
-2.000000e+00,3.000000e+00,4.632752e-01,1.418492e+00,5.386117e-03,2.607286e+00,8.413264e-02,6.636921e+01,4.750250e+11,5.040382e-03,1.002419e+01,TWISTED TORUS,8.000000e+09,0.11
0.000000e+00,5.000000e-01,3.948376e-01,1.427681e+00,9.796559e-03,3.937153e-02,nan,nan,nan,nan,7.197014e-01,toroidal alone fails,8.000000e+09,0.15
0.000000e+00,1.000000e+00,3.948376e-01,1.427681e+00,9.796559e-03,2.426302e-01,nan,nan,nan,nan,8.418656e-01,toroidal alone fails,8.000000e+09,0.15
0.000000e+00,1.500000e+00,3.948376e-01,1.427681e+00,9.796559e-03,8.524708e-01,nan,nan,nan,nan,9.614937e-01,toroidal alone fails,8.000000e+09,0.15
0.000000e+00,2.000000e+00,3.948376e-01,1.427681e+00,9.796559e-03,9.170113e-01,nan,nan,nan,nan,1.071639e+00,toroidal alone fails,8.000000e+09,0.15
0.000000e+00,3.000000e+00,3.948376e-01,1.427681e+00,9.796559e-03,7.897233e-01,nan,nan,nan,nan,1.265922e+00,toroidal alone fails,8.000000e+09,0.15
-5.000000e-01,5.000000e-01,4.118359e-01,1.427681e+00,9.796559e-03,4.248276e-02,nan,nan,nan,nan,7.130096e-01,toroidal alone fails,8.000000e+09,0.15
-5.000000e-01,1.000000e+00,4.118359e-01,1.427681e+00,9.796559e-03,2.596480e-01,nan,nan,nan,nan,8.244279e-01,toroidal alone fails,8.000000e+09,0.15
-5.000000e-01,1.500000e+00,4.118359e-01,1.427681e+00,9.796559e-03,9.441232e-01,nan,nan,nan,nan,9.368284e-01,toroidal alone fails,8.000000e+09,0.15
-5.000000e-01,2.000000e+00,4.118359e-01,1.427681e+00,9.796559e-03,1.045989e+00,1.864483e+00,2.044728e+01,6.913950e+11,2.379271e-03,1.040594e+00,TWISTED TORUS,8.000000e+09,0.15
-5.000000e-01,3.000000e+00,4.118359e-01,1.427681e+00,9.796559e-03,9.189795e-01,nan,nan,nan,nan,1.225892e+00,toroidal alone fails,8.000000e+09,0.15
-1.000000e+00,5.000000e-01,4.306855e-01,1.427681e+00,9.796559e-03,4.559014e-02,nan,nan,nan,nan,7.060411e-01,toroidal alone fails,8.000000e+09,0.15
-1.000000e+00,1.000000e+00,4.306855e-01,1.427681e+00,9.796559e-03,2.762829e-01,nan,nan,nan,nan,8.064046e-01,toroidal alone fails,8.000000e+09,0.15
-1.000000e+00,1.500000e+00,4.306855e-01,1.427681e+00,9.796559e-03,1.035949e+00,6.060640e-01,2.771215e+01,6.646343e+11,2.574725e-03,1.502845e+00,TWISTED TORUS,8.000000e+09,0.15
-1.000000e+00,2.000000e+00,4.306855e-01,1.427681e+00,9.796559e-03,1.182783e+00,6.709358e-01,2.771215e+01,6.646343e+11,2.574725e-03,1.502845e+00,TWISTED TORUS,8.000000e+09,0.15
-1.000000e+00,3.000000e+00,4.306855e-01,1.427681e+00,9.796559e-03,1.063621e+00,7.859961e-01,2.771215e+01,6.646343e+11,2.574725e-03,1.502845e+00,TWISTED TORUS,8.000000e+09,0.15
-1.500000e+00,5.000000e-01,4.470196e-01,1.427681e+00,9.796559e-03,4.903799e-02,nan,nan,nan,nan,6.973358e-01,toroidal alone fails,8.000000e+09,0.15
-1.500000e+00,1.000000e+00,4.470196e-01,1.427681e+00,9.796559e-03,2.969972e-01,nan,nan,nan,nan,7.842521e-01,toroidal alone fails,8.000000e+09,0.15
-1.500000e+00,1.500000e+00,4.470196e-01,1.427681e+00,9.796559e-03,1.150095e+00,1.660570e-01,4.431461e+01,6.214301e+11,2.945180e-03,5.286568e+00,TWISTED TORUS,8.000000e+09,0.15
-1.500000e+00,2.000000e+00,4.470196e-01,1.427681e+00,9.796559e-03,1.354668e+00,1.824904e-01,4.431461e+01,6.214301e+11,2.945180e-03,5.286568e+00,TWISTED TORUS,8.000000e+09,0.15
-1.500000e+00,3.000000e+00,4.470196e-01,1.427681e+00,9.796559e-03,1.262845e+00,2.111509e-01,4.431461e+01,6.214301e+11,2.945180e-03,5.286568e+00,TWISTED TORUS,8.000000e+09,0.15
-2.000000e+00,5.000000e-01,4.646961e-01,1.427681e+00,9.796559e-03,5.423238e-02,nan,nan,nan,nan,6.994482e-01,toroidal alone fails,8.000000e+09,0.15
-2.000000e+00,1.000000e+00,4.646961e-01,1.427681e+00,9.796559e-03,3.389945e-01,nan,nan,nan,nan,7.809087e-01,toroidal alone fails,8.000000e+09,0.15
-2.000000e+00,1.500000e+00,4.646961e-01,1.427681e+00,9.796559e-03,1.241069e+00,8.705645e-02,1.195364e+02,4.666718e+11,5.222439e-03,1.002444e+01,TWISTED TORUS,8.000000e+09,0.15
-2.000000e+00,2.000000e+00,4.646961e-01,1.427681e+00,9.796559e-03,1.460643e+00,9.559318e-02,1.195364e+02,4.666718e+11,5.222439e-03,1.002444e+01,TWISTED TORUS,8.000000e+09,0.15
-2.000000e+00,3.000000e+00,4.646961e-01,1.427681e+00,9.796559e-03,1.370984e+00,1.104307e-01,1.195364e+02,4.666718e+11,5.222439e-03,1.002444e+01,TWISTED TORUS,8.000000e+09,0.15
0.000000e+00,5.000000e-01,3.972553e-01,1.442932e+00,1.682350e-02,2.071393e-02,nan,nan,nan,nan,9.034102e-01,toroidal alone fails,8.000000e+09,0.20
0.000000e+00,1.000000e+00,3.972553e-01,1.442932e+00,1.682350e-02,1.295774e-01,nan,nan,nan,nan,1.055110e+00,toroidal alone fails,8.000000e+09,0.20
0.000000e+00,1.500000e+00,3.972553e-01,1.442932e+00,1.682350e-02,4.682157e-01,nan,nan,nan,nan,1.204400e+00,toroidal alone fails,8.000000e+09,0.20
0.000000e+00,2.000000e+00,3.972553e-01,1.442932e+00,1.682350e-02,4.984301e-01,nan,nan,nan,nan,1.341075e+00,toroidal alone fails,8.000000e+09,0.20
0.000000e+00,3.000000e+00,3.972553e-01,1.442932e+00,1.682350e-02,4.267808e-01,nan,nan,nan,nan,1.584434e+00,toroidal alone fails,8.000000e+09,0.20
-5.000000e-01,5.000000e-01,4.146419e-01,1.442932e+00,1.682350e-02,2.240495e-02,nan,nan,nan,nan,8.951466e-01,toroidal alone fails,8.000000e+09,0.20
-5.000000e-01,1.000000e+00,4.146419e-01,1.442932e+00,1.682350e-02,1.391354e-01,nan,nan,nan,nan,1.033177e+00,toroidal alone fails,8.000000e+09,0.20
-5.000000e-01,1.500000e+00,4.146419e-01,1.442932e+00,1.682350e-02,5.210248e-01,nan,nan,nan,nan,1.173103e+00,toroidal alone fails,8.000000e+09,0.20
-5.000000e-01,2.000000e+00,4.146419e-01,1.442932e+00,1.682350e-02,5.706673e-01,nan,nan,nan,nan,1.302832e+00,toroidal alone fails,8.000000e+09,0.20
-5.000000e-01,3.000000e+00,4.146419e-01,1.442932e+00,1.682350e-02,4.982985e-01,nan,nan,nan,nan,1.533005e+00,toroidal alone fails,8.000000e+09,0.20
-1.000000e+00,5.000000e-01,4.319684e-01,1.442932e+00,1.682350e-02,2.409096e-02,nan,nan,nan,nan,8.865646e-01,toroidal alone fails,8.000000e+09,0.20
-1.000000e+00,1.000000e+00,4.319684e-01,1.442932e+00,1.682350e-02,1.484836e-01,nan,nan,nan,nan,1.010486e+00,toroidal alone fails,8.000000e+09,0.20
-1.000000e+00,1.500000e+00,4.319684e-01,1.442932e+00,1.682350e-02,5.741522e-01,nan,nan,nan,nan,1.140637e+00,toroidal alone fails,8.000000e+09,0.20
-1.000000e+00,2.000000e+00,4.319684e-01,1.442932e+00,1.682350e-02,6.475030e-01,nan,nan,nan,nan,1.261354e+00,toroidal alone fails,8.000000e+09,0.20
-1.000000e+00,3.000000e+00,4.319684e-01,1.442932e+00,1.682350e-02,5.786641e-01,nan,nan,nan,nan,1.476320e+00,toroidal alone fails,8.000000e+09,0.20
-1.500000e+00,5.000000e-01,4.505558e-01,1.442932e+00,1.682350e-02,2.596572e-02,nan,nan,nan,nan,8.761697e-01,toroidal alone fails,8.000000e+09,0.20
-1.500000e+00,1.000000e+00,4.505558e-01,1.442932e+00,1.682350e-02,1.601399e-01,nan,nan,nan,nan,9.830959e-01,toroidal alone fails,8.000000e+09,0.20
-1.500000e+00,1.500000e+00,4.505558e-01,1.442932e+00,1.682350e-02,6.402861e-01,nan,nan,nan,nan,1.098674e+00,toroidal alone fails,8.000000e+09,0.20
-1.500000e+00,2.000000e+00,4.505558e-01,1.442932e+00,1.682350e-02,7.449653e-01,nan,nan,nan,nan,1.206200e+00,toroidal alone fails,8.000000e+09,0.20
-1.500000e+00,3.000000e+00,4.505558e-01,1.442932e+00,1.682350e-02,6.902141e-01,nan,nan,nan,nan,1.393382e+00,toroidal alone fails,8.000000e+09,0.20
-2.000000e+00,5.000000e-01,4.665909e-01,1.442932e+00,1.682350e-02,2.879815e-02,nan,nan,nan,nan,8.803401e-01,toroidal alone fails,8.000000e+09,0.20
-2.000000e+00,1.000000e+00,4.665909e-01,1.442932e+00,1.682350e-02,1.837548e-01,nan,nan,nan,nan,9.810940e-01,toroidal alone fails,8.000000e+09,0.20
-2.000000e+00,1.500000e+00,4.665909e-01,1.442932e+00,1.682350e-02,6.888857e-01,nan,nan,nan,nan,1.095991e+00,toroidal alone fails,8.000000e+09,0.20
-2.000000e+00,2.000000e+00,4.665909e-01,1.442932e+00,1.682350e-02,7.989177e-01,nan,nan,nan,nan,1.203712e+00,toroidal alone fails,8.000000e+09,0.20
-2.000000e+00,3.000000e+00,4.665909e-01,1.442932e+00,1.682350e-02,7.417225e-01,nan,nan,nan,nan,1.391430e+00,toroidal alone fails,8.000000e+09,0.20
0.000000e+00,5.000000e-01,3.889218e-01,1.485326e+00,3.475652e-02,1.162859e-02,nan,nan,nan,nan,1.172915e+00,toroidal alone fails,8.000000e+09,0.30
0.000000e+00,1.000000e+00,3.889218e-01,1.485326e+00,3.475652e-02,7.318675e-02,nan,nan,nan,nan,1.366524e+00,toroidal alone fails,8.000000e+09,0.30
0.000000e+00,1.500000e+00,3.889218e-01,1.485326e+00,3.475652e-02,1.965781e-01,nan,nan,nan,nan,1.557623e+00,toroidal alone fails,8.000000e+09,0.30
0.000000e+00,2.000000e+00,3.889218e-01,1.485326e+00,3.475652e-02,2.006218e-01,nan,nan,nan,nan,1.733304e+00,toroidal alone fails,8.000000e+09,0.30
0.000000e+00,3.000000e+00,3.889218e-01,1.485326e+00,3.475652e-02,1.686642e-01,nan,nan,nan,nan,2.044111e+00,toroidal alone fails,8.000000e+09,0.30
-5.000000e-01,5.000000e-01,4.074118e-01,1.485326e+00,3.475652e-02,1.266612e-02,nan,nan,nan,nan,1.162498e+00,toroidal alone fails,8.000000e+09,0.30
-5.000000e-01,1.000000e+00,4.074118e-01,1.485326e+00,3.475652e-02,7.938479e-02,nan,nan,nan,nan,1.337881e+00,toroidal alone fails,8.000000e+09,0.30
-5.000000e-01,1.500000e+00,4.074118e-01,1.485326e+00,3.475652e-02,2.221620e-01,nan,nan,nan,nan,1.516641e+00,toroidal alone fails,8.000000e+09,0.30
-5.000000e-01,2.000000e+00,4.074118e-01,1.485326e+00,3.475652e-02,2.321926e-01,nan,nan,nan,nan,1.682782e+00,toroidal alone fails,8.000000e+09,0.30
-5.000000e-01,3.000000e+00,4.074118e-01,1.485326e+00,3.475652e-02,1.986031e-01,nan,nan,nan,nan,1.978440e+00,toroidal alone fails,8.000000e+09,0.30
-1.000000e+00,5.000000e-01,4.233988e-01,1.485326e+00,3.475652e-02,1.370293e-02,nan,nan,nan,nan,1.150995e+00,toroidal alone fails,8.000000e+09,0.30
-1.000000e+00,1.000000e+00,4.233988e-01,1.485326e+00,3.475652e-02,8.550273e-02,nan,nan,nan,nan,1.308028e+00,toroidal alone fails,8.000000e+09,0.30
-1.000000e+00,1.500000e+00,4.233988e-01,1.485326e+00,3.475652e-02,2.484339e-01,nan,nan,nan,nan,1.473352e+00,toroidal alone fails,8.000000e+09,0.30
-1.000000e+00,2.000000e+00,4.233988e-01,1.485326e+00,3.475652e-02,2.661085e-01,nan,nan,nan,nan,1.627508e+00,toroidal alone fails,8.000000e+09,0.30
-1.000000e+00,3.000000e+00,4.233988e-01,1.485326e+00,3.475652e-02,2.326307e-01,nan,nan,nan,nan,1.901765e+00,toroidal alone fails,8.000000e+09,0.30
-1.500000e+00,5.000000e-01,4.428988e-01,1.485326e+00,3.475652e-02,1.487383e-02,nan,nan,nan,nan,1.138256e+00,toroidal alone fails,8.000000e+09,0.30
-1.500000e+00,1.000000e+00,4.428988e-01,1.485326e+00,3.475652e-02,9.328678e-02,nan,nan,nan,nan,1.272480e+00,toroidal alone fails,8.000000e+09,0.30
-1.500000e+00,1.500000e+00,4.428988e-01,1.485326e+00,3.475652e-02,2.813662e-01,nan,nan,nan,nan,1.419411e+00,toroidal alone fails,8.000000e+09,0.30
-1.500000e+00,2.000000e+00,4.428988e-01,1.485326e+00,3.475652e-02,3.100979e-01,nan,nan,nan,nan,1.555462e+00,toroidal alone fails,8.000000e+09,0.30
-1.500000e+00,3.000000e+00,4.428988e-01,1.485326e+00,3.475652e-02,2.809915e-01,nan,nan,nan,nan,1.791003e+00,toroidal alone fails,8.000000e+09,0.30
-2.000000e+00,5.000000e-01,4.613195e-01,1.485326e+00,3.475652e-02,1.663993e-02,nan,nan,nan,nan,1.147820e+00,toroidal alone fails,8.000000e+09,0.30
-2.000000e+00,1.000000e+00,4.613195e-01,1.485326e+00,3.475652e-02,1.086669e-01,nan,nan,nan,nan,1.276360e+00,toroidal alone fails,8.000000e+09,0.30
-2.000000e+00,1.500000e+00,4.613195e-01,1.485326e+00,3.475652e-02,2.991857e-01,nan,nan,nan,nan,1.426378e+00,toroidal alone fails,8.000000e+09,0.30
-2.000000e+00,2.000000e+00,4.613195e-01,1.485326e+00,3.475652e-02,3.273319e-01,nan,nan,nan,nan,1.568308e+00,toroidal alone fails,8.000000e+09,0.30
-2.000000e+00,3.000000e+00,4.613195e-01,1.485326e+00,3.475652e-02,2.943193e-01,nan,nan,nan,nan,1.817534e+00,toroidal alone fails,8.000000e+09,0.30
