0.0000000000000000e+00,2.7953034556391016e+33,0.0000000000000000e+00,9.9999999999498355e+08
5.3809812738437402e-05,2.7953034557067245e+33,2.6109284831226947e+40,1.0000007549306842e+09
0.0001130006067507,2.7953034558863065e+33,9.0594843693479412e+40,1.0000016013230647e+09
0.0001781104801642,2.7953034561679877e+33,1.8530975102952339e+41,1.0000025521468129e+09
0.0002497313409191,2.7953034565444615e+33,3.1353103957601732e+41,1.0000036226369808e+09
0.0003285142877494,2.7953034570115579e+33,4.8535054925629426e+41,1.0000048307744139e+09
0.0004151755292628,2.7953034575686028e+33,7.1517418809872015e+41,1.0000061978926342e+09
0.0005105028949275,2.7953034582185917e+33,1.0207160409078721e+42,1.0000077509507695e+09
0.0006153629971587,2.7953034589682051e+33,1.4229506748373636e+42,1.0000095240019437e+09
0.0007307091096130,2.7953034598277969e+33,1.9466327156565572e+42,1.0000115552969909e+09
0.0008575898333128,2.7953034608113969e+33,2.6211383960121163e+42,1.0000138912547023e+09
0.0009971586293825,2.7953034619368068e+33,3.4815131026690365e+42,1.0000165885187138e+09
0.0011506843050592,2.7953034632258849e+33,4.5696766042219554e+42,1.0000197165973721e+09
0.0013195625483035,2.7953034647049414e+33,5.9357825687989986e+42,1.0000233612658868e+09
0.0015053286158723,2.7953034664054135e+33,7.6397433137765794e+42,1.0000276289681495e+09
0.0017096712901980,2.7953034683646895e+33,9.7529377734572747e+42,1.0000326525327694e+09
0.0019344482319562,2.7953034706272086e+33,1.2360118024004593e+43,1.0000385986187600e+09
0.0021817028678903,2.7953034732457919e+33,1.5562192108924110e+43,1.0000456616793143e+09
0.0024536829674178,2.7953034762832957e+33,1.9478569127106304e+43,1.0000540771604512e+09
0.0027528610768980,2.7953034798145893e+33,2.4248896548259379e+43,1.0000639957020400e+09
0.0030819569973262,2.7953034839289569e+33,3.0038067334835259e+43,1.0000749196971089e+09
0.0034439625097973,2.7953034887329975e+33,3.7037747535518355e+43,1.0000869347942445e+09
0.0038421685735154,2.7953034943541049e+33,4.5468657338028422e+43,1.0001003019068942e+09
0.0042801952436054,2.7953035009446850e+33,5.5583659110445890e+43,1.0001153972072061e+09
0.0047620245807044,2.7953035086872314e+33,6.7670715650148579e+43,1.0001327590158472e+09
0.0052920368515133,2.7953035178004521e+33,8.2055454026561647e+43,1.0001531549971102e+09
0.0058750503494030,2.7953035285466629e+33,9.9103654509231376e+43,1.0001776761379387e+09
0.0065163651970818,2.7953035412407131e+33,1.1922211399872216e+44,1.0002078871777827e+09
0.0072218115295284,2.7953035562607589e+33,1.4286226826306247e+44,1.0002459680394021e+09
0.0079978024952197,2.7953035740612922e+33,1.7052765461728136e+44,1.0002949291037335e+09
0.0088513925574801,2.7953035951888347e+33,2.0278235300201567e+44,1.0003588554018513e+09
0.0097903416259665,2.7953036203009523e+33,2.4027876400575721e+44,1.0004428205420690e+09
0.0108231856013016,2.7953036501891857e+33,2.8376277121966041e+44,1.0005536724604391e+09
0.0119593139741702,2.7953036858067788e+33,3.3410497252909408e+44,1.0006999212621610e+09
0.0132090551843257,2.7953037283021771e+33,3.9232568088281968e+44,1.0008917669809459e+09
0.0145837705154967,2.7953037790595365e+33,4.5955481132557657e+44,1.0011423828821979e+09
0.0160959573797848,2.7953038397476591e+33,5.3634473969198511e+44,1.0016854991514049e+09
0.0177593629305017,2.7953039123791821e+33,6.2277927082111277e+44,1.0026694702638177e+09
0.0195891090362903,2.7953039993821149e+33,7.1972523708127604e+44,1.0038200030930762e+09
0.0216018297526578,2.7953041036863400e+33,8.2770046355772907e+44,1.0049530561792780e+09
0.0238158225406620,2.7953042288282033e+33,9.4680954365588971e+44,1.0059623878100548e+09
0.0262512146074666,2.7953043790769920e+33,1.0766815864739623e+45,1.0068031430448917e+09
0.0289301458809517,2.7953045595879059e+33,1.2165529908144599e+45,1.0074705484601820e+09
0.0318769702817853,2.7953047765869984e+33,1.3648281106627369e+45,1.0080450195384829e+09
0.0351184771227023,2.7953050375949165e+33,1.5205367289416534e+45,1.0086799504447953e+09
0.0386841346477110,2.7953053516974813e+33,1.6850010103040575e+45,1.0092818608202894e+09
0.0426063579252205,2.7953057298729450e+33,1.8610834048484788e+45,1.0097033441819375e+09
0.0469208035304810,2.7953061853878850e+33,2.0533385808128601e+45,1.0097676359146380e+09
0.0516666936962675,2.7953067342760295e+33,2.2680693753644493e+45,1.0093195773967699e+09
0.0568871728786327,2.7953073959175182e+33,2.5127716443113733e+45,1.0082993622423043e+09
0.0621981212171647,2.7953080802480627e+33,2.7735270932986510e+45,1.0068859637673026e+09
0.0675073919958322,2.7953087641557070e+33,3.0424543403067797e+45,1.0054611474820980e+09
0.0728149527943376,2.7953094476322625e+33,3.3134836779973549e+45,1.0043234734305422e+09
0.0781206442787468,2.7953101306375918e+33,3.5797089910217341e+45,1.0035925334926903e+09
0.0834242608880939,2.7953108131199329e+33,3.8357262004852855e+45,1.0032045102595661e+09
0.0887256825824328,2.7953114950491656e+33,4.0801299534330467e+45,1.0029860144590774e+09
0.0940249277533827,2.7953121764301369e+33,4.3145616279979206e+45,1.0027482730272337e+09
0.0993221328653636,2.7953128572974823e+33,4.5418120792204950e+45,1.0023654784013748e+09
0.1046174917815450,2.7953135377002619e+33,4.7643757400494656e+45,1.0018136684479527e+09
0.1099111421964974,2.7953142176733368e+33,4.9834718555381375e+45,1.0011596422179463e+09
0.1152031714289596,2.7953148972388366e+33,5.2004491101564570e+45,1.0005130691680174e+09
0.1204935954826246,2.7953155764009015e+33,5.4161856699578489e+45,9.9996989579680216e+08
0.1257823655645730,2.7953162551473538e+33,5.6311153466871375e+45,9.9957542345578349e+08
0.1310694151444571,2.7953169334615620e+33,5.8462279449645456e+45,9.9931780841832829e+08
0.1363547028598424,2.7953176113332380e+33,6.0625483849725564e+45,9.9914699432797921e+08
0.1416382338734701,2.7953182887638229e+33,6.2806111080440776e+45,9.9900424650461698e+08
0.1469200560885888,2.7953189657654922e+33,6.5003484693385271e+45,9.9884685434832227e+08
0.1522002393691008,2.7953196423559478e+33,6.7219572221924486e+45,9.9865864450415003e+08
0.1574788518549328,2.7953203185524323e+33,6.9455814541737526e+45,9.9844637816423464e+08
0.1627559278026952,2.7953209943636623e+33,7.1713337479618762e+45,9.9822731697169852e+08
0.1680314820677599,2.7953216697934707e+33,7.3995533180836796e+45,9.9801658393318951e+08
0.1733055459456269,2.7953223448498241e+33,7.6307842478702739e+45,9.9782018761012745e+08
0.1785781493404552,2.7953230195403216e+33,7.8657310156782539e+45,9.9763492538716412e+08
0.1838493262826366,2.7953236938736031e+33,8.1054478442168336e+45,9.9745296572145891e+08
0.1891191164501264,2.7953243678597174e+33,8.3511944125718962e+45,9.9726773793598819e+08
0.1943875622932908,2.7953250415093966e+33,8.6040105165522255e+45,9.9707788113935924e+08
0.1996547026511929,2.7953257148324646e+33,8.8646918299609187e+45,9.9688790712498605e+08
0.2049205676619660,2.7953263878365503e+33,9.1338654754202921e+45,9.9670577369997251e+08
0.2101851657259936,2.7953270605238392e+33,9.4116300166697216e+45,9.9653907354995596e+08
0.2154485122028843,2.7953277328982442e+33,9.6971511527324226e+45,9.9639181619848216e+08
0.2207106203730766,2.7953284049631665e+33,9.9889409016628491e+45,9.9626269513300061e+08
0.2259715041906557,2.7953290767221662e+33,1.0285754691437637e+46,9.9614569654655206e+08
0.2312311821785320,2.7953297481799554e+33,1.0586823693122341e+46,9.9603240674077737e+08
0.2364896791702154,2.7953304193428134e+33,1.0891699822633802e+46,9.9591478978874826e+08
0.2417470256381488,2.7953310902184331e+33,1.1200384026811155e+46,9.9578708759769142e+08
0.2470032553242718,2.7953317608153214e+33,1.1513307092017137e+46,9.9564701230968130e+08
0.2522584025465652,2.7953324311421211e+33,1.1831285223382338e+46,9.9549517418615818e+08
0.2575124999772506,2.7953331012070611e+33,1.2155125782777872e+46,9.9533450994877648e+08
0.2627655774633332,2.7953337710176621e+33,1.2485547766653332e+46,9.9516864131579590e+08
0.2680176610450803,2.7953344405804778e+33,1.2823423058846249e+46,9.9500085540925181e+08
0.2732687737012985,2.7953351099013010e+33,1.3169338797389074e+46,9.9483360750440049e+08
0.2785189361750150,2.7953357789853649e+33,1.3523612817105677e+46,9.9466841491517389e+08
0.2837681680347723,2.7953364478375982e+33,1.3886469981141259e+46,9.9450554116480732e+08
0.2890164872837181,2.7953371164625376e+33,1.4258536463510759e+46,9.9434501455661714e+08
0.2942639115383868,2.7953377848646288e+33,1.4640186993395242e+46,9.9418652693369091e+08
0.2995104580031180,2.7953384530482062e+33,1.5031695198951967e+46,9.9402957190331829e+08
0.3047561437269287,2.7953391210175587e+33,1.5433921200010112e+46,9.9387357625297320e+08
0.3100009857118028,2.7953397887769740e+33,1.5847719997203721e+46,9.9371803336690962e+08
0.3152450010232743,2.7953404563307403e+33,1.6273843147793763e+46,9.9356251295009804e+08
0.3204882067040329,2.7953411236831495e+33,1.6712644617133823e+46,9.9340673119838262e+08
0.3257306197947339,2.7953417908384824e+33,1.7163765714133940e+46,9.9325046511279047e+08
0.3309722572082832,2.7953424578009931e+33,1.7626516672869884e+46,9.9309364715576172e+08
0.3362131354542734,2.7953431245748242e+33,1.8100721581840219e+46,9.9293638517110181e+08
0.3414532705760041,2.7953437911640127e+33,1.8586113719876159e+46,9.9277890991852880e+08
0.3466926781843220,2.7953444575724743e+33,1.9081348211141637e+46,9.9262163276891160e+08
0.3519313731862938,2.7953451238039527e+33,1.9585711624964777e+46,9.9246502322397399e+08
0.3571693696257981,2.7953457898619752e+33,2.0099817598096520e+46,9.9230962924173343e+08
0.3624066807066721,2.7953464557498617e+33,2.0623781099897631e+46,9.9215604925643003e+08
0.3676433191276274,2.7953471214707936e+33,2.1156735417944087e+46,9.9200435743390918e+08
0.3728792976518747,2.7953477870279783e+33,2.1698032611536703e+46,9.9185455618252409e+08
0.3781146280941658,2.7953484524243801e+33,2.2248120107570209e+46,9.9170675826265919e+08
0.3833493209014845,2.7953491176626212e+33,2.2808455192966126e+46,9.9156148406541777e+08
0.3885833856223507,2.7953497827451061e+33,2.3379316159142584e+46,9.9141876150691128e+08
0.3938168308092209,2.7953504476739792e+33,2.3960053606184053e+46,9.9127865328615522e+08
0.3990496664857972,2.7953511124517544e+33,2.4549718500234961e+46,9.9114063351809084e+08
0.4042819024156447,2.7953517770808812e+33,2.5147258384284949e+46,9.9100429039219475e+08
0.4095135488737481,2.7953524415639357e+33,2.5751480071497521e+46,9.9086822090239012e+08
0.4147446173571056,2.7953531059037933e+33,2.6360808401903322e+46,9.9073048789979076e+08
0.4199751208625440,2.7953537701037081e+33,2.6973467965734118e+46,9.9058945870448458e+08
0.4252050721076363,2.7953544341668622e+33,2.7587400379811966e+46,9.9044246888676095e+08
0.4304344856165682,2.7953550980968839e+33,2.8200562306702212e+46,9.9028781411415935e+08
0.4356633778977210,2.7953557618978936e+33,2.8810893770953266e+46,9.9012268683434868e+08
0.4408917678052528,2.7953564255746058e+33,2.9416551299920914e+46,9.8994530971860754e+08
0.4461196759149631,2.7953570891321508e+33,3.0015760195921990e+46,9.8975412898950493e+08
0.4513471236455761,2.7953577525758661e+33,3.0607014086922754e+46,9.8954868091754043e+08
0.4565741326159635,2.7953584159111486e+33,3.1189181927829118e+46,9.8932828324970627e+08
0.4618007244460099,2.7953590791433853e+33,3.1761412458560457e+46,9.8909362726312816e+08
0.4670269208501658,2.7953597422779892e+33,3.2323180117259830e+46,9.8884526688374496e+08
0.4722527437370161,2.7953604053204204e+33,3.2874293832430037e+46,9.8858583648525095e+08
0.4774782130889128,2.7953610682756584e+33,3.3414845923271998e+46,9.8831726597899926e+08
0.4827033425861251,2.7953617311471137e+33,3.3945393378335948e+46,9.8804305976726794e+08
0.4879281472901444,2.7953623939385343e+33,3.4466886224903579e+46,9.8776668921266723e+08
0.4931526383341561,2.7953630566526982e+33,3.4980440692036700e+46,9.8748945320237362e+08
0.4983768239658972,2.7953637192916588e+33,3.5487399864553548e+46,9.8721423389733398e+08
0.5036007112429006,2.7953643818571765e+33,3.5989149377656135e+46,9.8694366233894825e+08
0.5088243037412328,2.7953650443501438e+33,3.6487175558404593e+46,9.8667994726246202e+08
0.5140476033699316,2.7953657067710345e+33,3.6983024582318064e+46,9.8642438612823498e+08
0.5192706114629501,2.7953663691201898e+33,3.7478173174153420e+46,9.8617763905668938e+08
0.5244933283989212,2.7953670313977014e+33,3.7974173044434072e+46,9.8593907691000330e+08
0.5297157550153323,2.7953676936037780e+33,3.8472724129882671e+46,9.8570793702703559e+08
0.5349378929950604,2.7953683557388450e+33,3.8975253552238227e+46,9.8548317725933921e+08
0.5401597465497201,2.7953690178039527e+33,3.9482514242206071e+46,9.8526209468517053e+08
0.5453813180972492,2.7953696797996989e+33,3.9996425025452965e+46,9.8504340865549290e+08
0.5506026108334329,2.7953703417268884e+33,4.0518524771623443e+46,9.8482376302782094e+08
0.5558236313288730,2.7953710035871531e+33,4.1049822773852413e+46,9.8460133183872736e+08
0.5610443885159052,2.7953716653827124e+33,4.1590610388691720e+46,9.8437421175523686e+08
0.5662648923570032,2.7953723271160549e+33,4.2141515882643224e+46,9.8414059152924120e+08
0.5714851551173471,2.7953729887902225e+33,4.2704079004144512e+46,9.8389899290098369e+08
0.5767051890718475,2.7953736504082774e+33,4.3278795176773740e+46,9.8364831020914042e+08
0.5819250078572559,2.7953743119736064e+33,4.3865905019301421e+46,9.8338805466676581e+08
0.5871446253423551,2.7953749734896606e+33,4.4465683361578745e+46,9.8311824261282516e+08
0.5923640564091402,2.7953756349601381e+33,4.5078212200446586e+46,9.8283878882398117e+08
0.5975833149983127,2.7953762963885092e+33,4.5703461517809834e+46,9.8255044561706829e+08
0.6028024148384297,2.7953769577781859e+33,4.6341445864763854e+46,9.8225499560003102e+08
0.6080213685559114,2.7953776191323060e+33,4.6991765513063920e+46,9.8195221206758189e+08
0.6132401914215772,2.7953782804546636e+33,4.7653907403434084e+46,9.8164330061977649e+08
0.6184588929097975,2.7953789417476195e+33,4.8327014692431132e+46,9.8132846074489164e+08
0.6236774842910485,2.7953796030139716e+33,4.9010237856815874e+46,9.8100997771248901e+08
0.6288959759036987,2.7953802642562871e+33,4.9702785516126701e+46,9.8068702366974568e+08
0.6341143758807559,2.7953809254765905e+33,5.0403735300223752e+46,9.8036098556427681e+08
0.6393326898076971,2.7953815866762681e+33,5.1112066595863804e+46,9.8003262942525244e+08
0.6445509239899361,2.7953822478568878e+33,5.1826201503371697e+46,9.7970209096378005e+08
0.6497690845179395,2.7953829090199596e+33,5.2545031481630207e+46,9.7937075339386880e+08
0.6549871772636074,2.7953835701669458e+33,5.3267996461649695e+46,9.7903776000529397e+08
0.6602052096194961,2.7953842312996807e+33,5.3994699244822024e+46,9.7870456617492163e+08
0.6654231874041602,2.7953848924196084e+33,5.4724252772850278e+46,9.7836930370346487e+08
0.6706411166301022,2.7953855535282259e+33,5.5455943214097372e+46,9.7803295918950570e+08
0.6758590024465616,2.7953862146268107e+33,5.6188771247585700e+46,9.7769377441008174e+08
0.6810768514724005,2.7953868757170057e+33,5.6921284094292385e+46,9.7735280760080087e+08
0.6862946713061547,2.7953875368007005e+33,5.7654581600616743e+46,9.7701021612645996e+08
0.6915124684608487,2.7953881978795087e+33,5.8388815050671655e+46,9.7666600647135150e+08
0.6967302487389326,2.7953888589548783e+33,5.9123538771187775e+46,9.7632024091956496e+08
0.7019480175565622,2.7953895200281507e+33,5.9859170410508596e+46,9.7597311389273572e+08
0.7071657804050508,2.7953901811006881e+33,6.0594772406686799e+46,9.7562487450143564e+08
0.7123835423452670,2.7953908421737524e+33,6.1329318240508472e+46,9.7527582769856679e+08
0.7176013083070432,2.7953915032485617e+33,6.2062984584156260e+46,9.7492618019062352e+08
0.7228190826663198,2.7953921643262083e+33,6.2796646564003209e+46,9.7457722259547639e+08
0.7280368689572980,2.7953928254075621e+33,6.3530686803654249e+46,9.7422807861909950e+08
0.7332546707420350,2.7953934864935167e+33,6.4264983976891531e+46,9.7387906045200276e+08
0.7384724938586414,2.7953941475855154e+33,6.4998877602937558e+46,9.7352864559566116e+08
0.7436903419756503,2.7953948086844761e+33,6.5732011677128760e+46,9.7317744483034933e+08
0.7489082189502420,2.7953954697913492e+33,6.6464699830884316e+46,9.7282670966270268e+08
0.7541261281536719,2.7953961309069731e+33,6.7196876858221885e+46,9.7247358245436347e+08
0.7593440755623283,2.7953967920328343e+33,6.7929152952890055e+46,9.7211785135909021e+08
0.7645620690598151,2.7953974531708934e+33,6.8662128021133616e+46,9.7175870548722982e+08
0.7697801164899398,2.7953981143230965e+33,6.9396263469793776e+46,9.7139474719158363e+08
0.7749982255254076,2.7953987754913484e+33,7.0131957753080317e+46,9.7102553986383331e+08
0.7802164053465839,2.7953994366779351e+33,7.0869691581406273e+46,9.7065014805066669e+08
0.7854346644556512,2.7954000978849660e+33,7.1609592731577827e+46,9.7026775635797310e+08
0.7906530130508218,2.7954007591149787e+33,7.2352304157290653e+46,9.6987749198207688e+08
0.7958714610901351,2.7954014203704432e+33,7.3097927978364235e+46,9.6948064918909025e+08
0.8010900156079263,2.7954020816531116e+33,7.3846352395780217e+46,9.6907436736502826e+08
0.8063086882729831,2.7954027429658890e+33,7.4597599532981346e+46,9.6866193458961296e+08
0.8115274946241935,2.7954034043126286e+33,7.5351501065152789e+46,9.6824067763314652e+08
0.8167464453113165,2.7954040656959833e+33,7.6107672126259767e+46,9.6781227353726554e+08
0.8219655500511152,2.7954047271183725e+33,7.6865758093263177e+46,9.6737774175077808e+08
0.8271848143528187,2.7954053885811617e+33,7.7625680076273158e+46,9.6694106502408814e+08
0.8324042459313883,2.7954060500862690e+33,7.8386967368717945e+46,9.6650393578420258e+08
0.8376238506048985,2.7954067116351451e+33,7.9149728434213927e+46,9.6606603025422704e+08
0.8428436278051832,2.7954073732276461e+33,7.9914086983070278e+46,9.6563085618256354e+08
0.8480635799764646,2.7954080348643853e+33,8.0680191954139298e+46,9.6519780638797772e+08
0.8532837091651778,2.7954086965458659e+33,8.1448482182528789e+46,9.6477110998706114e+08
0.8585040115535563,2.7954093582711431e+33,8.2219192212815044e+46,9.6434933233696449e+08
0.8637244824305976,2.7954100200390449e+33,8.2992715061999112e+46,9.6393555964273894e+08
0.8689451145373219,2.7954106818477666e+33,8.3769683800847074e+46,9.6353154824456060e+08
0.8741658984438723,2.7954113436949617e+33,8.4550538398303479e+46,9.6313898099289846e+08
0.8793868267862319,2.7954120055788054e+33,8.5336086211777704e+46,9.6275764891571283e+08
0.8846078928310025,2.7954126674976103e+33,8.6126785855431631e+46,9.6238966269788301e+08
0.8898290870455616,2.7954133294490198e+33,8.6922889130338251e+46,9.6203471115323699e+08
0.8950504044618660,2.7954139914317853e+33,8.7724909376499371e+46,9.6169285962238264e+08
0.9002718359584444,2.7954146534436476e+33,8.8533141195635125e+46,9.6136578018402398e+08
0.9054933693866218,2.7954153154815787e+33,8.9347942440313867e+46,9.6105332918472159e+08
0.9107149933030578,2.7954159775427313e+33,9.0169318146514963e+46,9.6075445250646055e+08
0.9159367031455676,2.7954166396259762e+33,9.0997504150245495e+46,9.6047015572947502e+08
0.9211584890532395,2.7954173017288508e+33,9.1832610082875816e+46,9.6020164854289103e+08
0.9263803390652482,2.7954179638483885e+33,9.2674453435300952e+46,9.5994668009484613e+08
0.9316022380255223,2.7954186259808113e+33,9.3523229281828971e+46,9.5970719936145544e+08
0.9368241714823171,2.7954192881225255e+33,9.4378727334115506e+46,9.5948269077994645e+08
0.9420461273657069,2.7954199502705271e+33,9.5241356055385495e+46,9.5927477913119078e+08
0.9472680940050724,2.7954206124219120e+33,9.6111101320912264e+46,9.5908367202124035e+08
0.9524900660440981,2.7954212745753479e+33,9.6988061789957373e+46,9.5890904164098752e+08
0.9577120181864572,2.7954219367245405e+33,9.7871870103005814e+46,9.5874992368548369e+08
0.9629339379618767,2.7954225988663850e+33,9.8762863273876067e+46,9.5860932465350211e+08
0.9681558153061328,2.7954232609983771e+33,9.9660842636097893e+46,9.5848574131368947e+08
0.9733776353131306,2.7954239231168132e+33,1.0056557506460856e+47,9.5837860807818162e+08
0.9785993824763578,2.7954245852178264e+33,1.0147679739277433e+47,9.5828920175655198e+08
0.9838210398711433,2.7954252472972113e+33,1.0239397386780196e+47,9.5821823140179324e+08
0.9890425918104755,2.7954259093510642e+33,1.0331640943544061e+47,9.5816485997809815e+08
0.9942640236402686,2.7954265713757402e+33,1.0424350185227114e+47,9.5812918799910390e+08
0.9994853205893806,2.7954272333675619e+33,1.0517420115737916e+47,9.5810940251963210e+08
1.0047064687311944,2.7954278953230671e+33,1.0610792994931433e+47,9.5810674288693619e+08
1.0099274544879937,2.7954285572388790e+33,1.0704389806468946e+47,9.5811673767224956e+08
1.0151482659196267,2.7954292191120282e+33,1.0798131911653833e+47,9.5813820927235138e+08
1.0203688939438547,2.7954298809402520e+33,1.0891967089343009e+47,9.5817138636038125e+08
1.0255893305645158,2.7954305427215699e+33,1.0985839375871742e+47,9.5821441813873577e+08
1.0308095664276298,2.7954312044536516e+33,1.1079738358777059e+47,9.5826589498863125e+08
1.0360295974763694,2.7954318661354896e+33,1.1173655184238193e+47,9.5832505196388984e+08
1.0412494168170594,2.7954325277653735e+33,1.1267564531222786e+47,9.5838741390072703e+08
1.0464690203111036,2.7954331893422726e+33,1.1361493039346700e+47,9.5845173100911629e+08
1.0516884078077702,2.7954338508661522e+33,1.1455476785012915e+47,9.5851719581259894e+08
1.0569075799390613,2.7954345123371705e+33,1.1549548352099284e+47,9.5858214582541811e+08
1.0621265373849440,2.7954351737554985e+33,1.1643732938036093e+47,9.5864695176790237e+08
1.0673452890772408,2.7954358351233573e+33,1.1738065808690718e+47,9.5870801092807603e+08
1.0725638362178496,2.7954364964410468e+33,1.1832587846440197e+47,9.5876694792158532e+08
1.0777821790647044,2.7954371577086337e+33,1.1927326508484175e+47,9.5882461152526557e+08
1.0830003183985126,2.7954378189263119e+33,1.2022283700337083e+47,9.5887772205202007e+08
1.0882182603539348,2.7954384800956088e+33,1.2117478625095820e+47,9.5892725933195162e+08
1.0934360094525541,2.7954391412176510e+33,1.2212921659924229e+47,9.5897272575552475e+08
1.0986535725960695,2.7954398022941556e+33,1.2308625665539579e+47,9.5901462581300902e+08
1.1038709596967793,2.7954404633275842e+33,1.2404596301511489e+47,9.5905151947992182e+08
1.1090881799233034,2.7954411243202155e+33,1.2500862410879254e+47,9.5907859238863182e+08
1.1143052370202366,2.7954417852729886e+33,1.2597441939065821e+47,9.5909801037934101e+08
1.1195221338029353,2.7954424461865970e+33,1.2694378168767201e+47,9.5910807500161207e+08
1.1247388691076394,2.7954431070607535e+33,1.2791726324255249e+47,9.5910730209716034e+08
1.1299554567923118,2.7954437678989049e+33,1.2889539767102702e+47,9.5909293070889556e+08
1.1351719076431799,2.7954444287037299e+33,1.2987894983429877e+47,9.5906508239497375e+08
1.1403882363600535,2.7954450894788845e+33,1.3086858087581889e+47,9.5902284432434666e+08
1.1456044608017633,2.7954457502288062e+33,1.3186502332920877e+47,9.5896397347382522e+08
1.1508205931900000,2.7954464109565319e+33,1.3286904479751814e+47,9.5888912673032987e+08
1.1560366475283497,2.7954470716655422e+33,1.3388134092076768e+47,9.5879887857107925e+08
1.1612526377414152,2.7954477323592994e+33,1.3490234219886585e+47,9.5869289991839635e+08
1.1664685794004621,2.7954483930416686e+33,1.3593257048644529e+47,9.5857286037004137e+08
1.1716844861253095,2.7954490537160400e+33,1.3697238503204281e+47,9.5843762607643449e+08
1.1769003738480530,2.7954497143863686e+33,1.3802195907378209e+47,9.5829185035665154e+08
1.1821162626386665,2.7954503750576398e+33,1.3908136049231678e+47,9.5813557702595961e+08
1.1873321605787983,2.7954510357318676e+33,1.4015075348167238e+47,9.5797046711123097e+08
1.1925480760232856,2.7954516964111251e+33,1.4123013749068145e+47,9.5779982708187747e+08
1.1977640139099792,2.7954523570966360e+33,1.4231935674362135e+47,9.5762273854348600e+08
1.2029799777080417,2.7954530177892685e+33,1.4341820413021223e+47,9.5744381784327209e+08
1.2081959684146615,2.7954536784892641e+33,1.4452648677373823e+47,9.5726346570806420e+08
1.2134119914603272,2.7954543391979735e+33,1.4564383190531483e+47,9.5708195832561004e+08
1.2186280524199862,2.7954549999167860e+33,1.4677004529430856e+47,9.5690074105393589e+08
1.2238441547271786,2.7954556606465506e+33,1.4790472104535371e+47,9.5671966862125361e+08
1.2290602993112931,2.7954563213874998e+33,1.4904781060604274e+47,9.5654340083235693e+08
1.2342764820153349,2.7954569821385998e+33,1.5019873961421445e+47,9.5636688971893394e+08
1.2394927043624506,2.7954576429002295e+33,1.5135710044367056e+47,9.5619273252720714e+08
1.2447089667218636,2.7954583036724804e+33,1.5252238735381494e+47,9.5602334749382257e+08
1.2499252705135491,2.7954589644557043e+33,1.5369442507029744e+47,9.5585744706228375e+08
1.2551416127939139,2.7954596252491725e+33,1.5487271044961482e+47,9.5569512483062422e+08
1.2603579908393354,2.7954602860522018e+33,1.5605685852183496e+47,9.5553754977309680e+08
1.2655744028538463,2.7954609468643508e+33,1.5724640708014357e+47,9.5538344350279927e+08
1.2707908464113133,2.7954616076850152e+33,1.5844102928738849e+47,9.5523458761761570e+08
1.2760073182131542,2.7954622685133765e+33,1.5964018222877976e+47,9.5509054186843288e+08
1.2812238145723369,2.7954629293485136e+33,1.6084341849226881e+47,9.5495137033756566e+08
1.2864403353779914,2.7954635901904022e+33,1.6205066222564548e+47,9.5481746032579136e+08
1.2916568806643278,2.7954642510390503e+33,1.6326170000616583e+47,9.5468798640109360e+08
1.2968734454361812,2.7954649118932163e+33,1.6447612746663496e+47,9.5456269160201335e+08
1.3020900236445749,2.7954655727513974e+33,1.6569397483385891e+47,9.5444279352376270e+08
1.3073066098969779,2.7954662336122481e+33,1.6691507528458307e+47,9.5432790066241646e+08
1.3125231998662275,2.7954668944746955e+33,1.6813922141142416e+47,9.5421752698137045e+08
1.3177397905280779,2.7954675553379950e+33,1.6936636401006596e+47,9.5411245714734578e+08
1.3229563769929444,2.7954682162009180e+33,1.7059683100605633e+47,9.5401271328570127e+08
1.3281729563677738,2.7954688770627544e+33,1.7183037356244686e+47,9.5391809031999767e+08
1.3333895251718786,2.7954695379226349e+33,1.7306707768278832e+47,9.5382918683322859e+08
1.3386060782867459,2.7954701987792895e+33,1.7430660486253826e+47,9.5374436930371583e+08
1.3438226121531314,2.7954708596318311e+33,1.7554902668161148e+47,9.5366622545079994e+08
1.3490391251640894,2.7954715204798636e+33,1.7679495298831024e+47,9.5359285571369195e+08
1.3542556117055793,2.7954721813219873e+33,1.7804439932480366e+47,9.5352574451594818e+08
1.3594720655789361,2.7954728421566621e+33,1.7929679371966927e+47,9.5346436017456675e+08
1.3646884824964676,2.7954735029828242e+33,1.8055200548984391e+47,9.5340855425151873e+08
1.3699048586331153,2.7954741637995191e+33,1.8181062306845920e+47,9.5336020221531415e+08
1.3751211869474771,2.7954748246050019e+33,1.8307323357133330e+47,9.5331891099498272e+08
1.3803374609631045,2.7954754853976595e+33,1.8433977221052665e+47,9.5328456903345990e+08
1.3855536738416760,2.7954761461757904e+33,1.8560953862984318e+47,9.5325557064047587e+08
1.3907698215982169,2.7954768069384110e+33,1.8688269832319552e+47,9.5323362973922658e+08
1.3959858988755334,2.7954774676841816e+33,1.8816031244335375e+47,9.5321922626489007e+08
1.4012018983523229,2.7954781284112871e+33,1.8944243996594275e+47,9.5321183897957587e+08
1.4064178140188006,2.7954787891182325e+33,1.9072901272089285e+47,9.5321366902177858e+08
1.4116336392292701,2.7954794498033647e+33,1.9201989755251883e+47,9.5322256880010581e+08
1.4168493656823442,2.7954801104646268e+33,1.9331572604771546e+47,9.5323850218137264e+08
1.4220649868235682,2.7954807711003839e+33,1.9461718193829673e+47,9.5326167640169597e+08
1.4272804970333623,2.7954814317092457e+33,1.9592515792533976e+47,9.5329052508030963e+08
1.4324958899570881,2.7954820922896234e+33,1.9723910783478174e+47,9.5332651611860538e+08
1.4377111591314091,2.7954827528399220e+33,1.9855998066404546e+47,9.5337002541675138e+08
1.4429262998174881,2.7954834133589574e+33,1.9988881133333540e+47,9.5342032610384738e+08
1.4481413065169166,2.7954840738453697e+33,2.0122574580386705e+47,9.5347683093661535e+08
1.4533561705235465,2.7954847342969897e+33,2.0257043720271529e+47,9.5354000620883691e+08
1.4585708847764971,2.7954853947120702e+33,2.0392305418705129e+47,9.5360975612997782e+08
1.4637854433692454,2.7954860550891371e+33,2.0528448217102966e+47,9.5368625055207717e+08
1.4689998451595387,2.7954867154279138e+33,2.0665523406435919e+47,9.5376902156225646e+08
1.4742140850787746,2.7954873757271384e+33,2.0803533675286929e+47,9.5385717935653877e+08
1.4794281566290619,2.7954880359851973e+33,2.0942539711513844e+47,9.5395084652543509e+08
1.4846420523048502,2.7954886962002315e+33,2.1082601718519291e+47,9.5405075729530334e+08
1.4898557644477022,2.7954893563703369e+33,2.1223753264775377e+47,9.5415661529525113e+08
1.4950692874499070,2.7954900164941167e+33,2.1366008577302710e+47,9.5426872862188399e+08
1.5002826199653800,2.7954906765712437e+33,2.1509332343720346e+47,9.5438609791626060e+08
1.5054957575421306,2.7954913366006137e+33,2.1653691564397834e+47,9.5450851215091610e+08
1.5107086936627030,2.7954919965806064e+33,2.1799073113535129e+47,9.5463698542200387e+08
1.5159214250158322,2.7954926565104009e+33,2.1945467985677460e+47,9.5477052943752670e+08
1.5211339450495351,2.7954933163883750e+33,2.2092803254571654e+47,9.5490871097799134e+08
1.5263462488482009,2.7954939762133055e+33,2.2241038524863372e+47,9.5505247795115840e+08
1.5315583330724316,2.7954946359843675e+33,2.2390178431474312e+47,9.5520172462423623e+08
1.5367701930031661,2.7954952957003896e+33,2.2540120652519359e+47,9.5535644720373619e+08
1.5419818250174873,2.7954959553604736e+33,2.2690705040845320e+47,9.5551615582925224e+08
1.5471932260354184,2.7954966149638599e+33,2.2841866785826579e+47,9.5568100685178137e+08
1.5524043933585339,2.7954972745098797e+33,2.2993528165775919e+47,9.5585114262992787e+08
1.5576153249546503,2.7954979339980274e+33,2.3145535593359179e+47,9.5602552104985178e+08
1.5628260127004916,2.7954985934262930e+33,2.3297801411234026e+47,9.5620457399544239e+08
1.5680364467474202,2.7954992527922305e+33,2.3450328736725658e+47,9.5638888164372528e+08
1.5732466204610329,2.7954999120941958e+33,2.3603077440008129e+47,9.5657774524330735e+08
1.5784565300583193,2.7955005713312551e+33,2.3755961111233042e+47,9.5677207000144076e+08
1.5836661762155362,2.7955012305035761e+33,2.3908899067316839e+47,9.5697126840502715e+08
1.5888755569462079,2.7955018896106723e+33,2.4061828505016309e+47,9.5717529882690310e+08
1.5940846669081803,2.7955025486512173e+33,2.4214692060824968e+47,9.5738538784225345e+08
1.5992935028511550,2.7955032076244098e+33,2.4367448501021667e+47,9.5760187433128476e+08
1.6045020574631048,2.7955038665284339e+33,2.4520030560036306e+47,9.5782176536023009e+08
1.6097103249420643,2.7955045253618600e+33,2.4672368817117442e+47,9.5804681021744335e+08
1.6149183051569505,2.7955051841246529e+33,2.4824497996427533e+47,9.5827565681984222e+08
1.6201259903469143,2.7955058428148936e+33,2.4976444363807360e+47,9.5850900777966547e+08
1.6253333749918941,2.7955065014312177e+33,2.5128204563679110e+47,9.5874764570252478e+08
1.6305404599754532,2.7955071599738447e+33,2.5279788896752158e+47,9.5898901001461470e+08
1.6357472400668027,2.7955078184414834e+33,2.5431213924397730e+47,9.5923417877860200e+08
1.6409537120600011,2.7955084768333382e+33,2.5582502113170581e+47,9.5948306542547989e+08
1.6461598767660592,2.7955091351496202e+33,2.5733674329610416e+47,9.5973423456197250e+08
1.6513657307687941,2.7955097933894831e+33,2.5884755058017330e+47,9.5998817706812966e+08
1.6565712717367158,2.7955104515523539e+33,2.6035791154615490e+47,9.6024490298519278e+08
1.6617764960244938,2.7955111096373311e+33,2.6186812806217449e+47,9.6050416871602297e+08
1.6669814012114437,2.7955117676438202e+33,2.6337867361905975e+47,9.6076527526808596e+08
1.6721859861329145,2.7955124255715365e+33,2.6489003849964354e+47,9.6102746940550506e+08
1.6773902485821854,2.7955130834199364e+33,2.6640269648243337e+47,9.6129119241689539e+08
1.6825941866017295,2.7955137411885398e+33,2.6791717496028078e+47,9.6155659107249451e+08
1.6877977992526456,2.7955143988771212e+33,2.6943397587006859e+47,9.6182348827821553e+08
1.6930010875864088,2.7955150564859405e+33,2.7095352141920899e+47,9.6209131061424506e+08
1.6982040538301444,2.7955157140155583e+33,2.7247634412093938e+47,9.6236009355106080e+08
1.7034066977024562,2.7955163714659080e+33,2.7400295952588819e+47,9.6263005462459695e+08
1.7086090178479907,2.7955170288366560e+33,2.7553372032182005e+47,9.6290193612504482e+08
1.7138110124336938,2.7955176861273613e+33,2.7706905052661436e+47,9.6317360164963603e+08
1.7190126801180041,2.7955183433376861e+33,2.7860934819617533e+47,9.6344638541952467e+08
1.7242140232995857,2.7955190004682344e+33,2.8015496759106296e+47,9.6372041785496259e+08
1.7294150455254660,2.7955196575198889e+33,2.8170621911150512e+47,9.6399441398817229e+08
1.7346157459986111,2.7955203144924565e+33,2.8326360284538386e+47,9.6426843920340526e+08
1.7398161191051111,2.7955209713845518e+33,2.8482726666195262e+47,9.6454302631682467e+08
1.7450161619117244,2.7955216281954515e+33,2.8639743113689108e+47,9.6481794405410337e+08
1.7502158757930670,2.7955222849255009e+33,2.8797432407358286e+47,9.6509389019996893e+08
1.7554152602501227,2.7955229415745829e+33,2.8955819876328251e+47,9.6537100781305671e+08
1.7606143131684866,2.7955235981421746e+33,2.9114926264851934e+47,9.6564804486383736e+08
1.7658130358280024,2.7955242546286019e+33,2.9274762852827764e+47,9.6592449521711123e+08
1.7710114294649997,2.7955249110341770e+33,2.9435346751201025e+47,9.6620139942883265e+08
1.7762094936757706,2.7955255673587981e+33,2.9596681976852464e+47,9.6647880807215297e+08
1.7814072281620412,2.7955262236023993e+33,2.9758776481839065e+47,9.6675532623842776e+08
1.7866046346699822,2.7955268797654205e+33,2.9921634678168035e+47,9.6703180461412477e+08
1.7918017134670310,2.7955275358479333e+33,3.0085250357185171e+47,9.6730911744195008e+08
1.7969984636785683,2.7955281918497242e+33,3.0249629807499168e+47,9.6758615537936139e+08
1.8021948872401576,2.7955288477712724e+33,3.0414765237762281e+47,9.6786231656513166e+08
1.8073909864107200,2.7955295036131462e+33,3.0580661050681248e+47,9.6813761985532105e+08
1.8125867613896653,2.7955301593754015e+33,3.0747288081699840e+47,9.6841238159147692e+08
1.8177822121854337,2.7955308150580424e+33,3.0914619467683192e+47,9.6868661177529919e+08
1.8229773387335537,2.7955314706610597e+33,3.1082581774566139e+47,9.6896043617687154e+08
1.8281721413145735,2.7955321261845242e+33,3.1251131451717104e+47,9.6923317761772358e+08
1.8333666210321244,2.7955327816287145e+33,3.1420309088501211e+47,9.6950428503989649e+08
1.8385607801818742,2.7955334369942069e+33,3.1590095849236616e+47,9.6977416542764449e+08
1.8437546211173770,2.7955340922815842e+33,3.1760476288426489e+47,9.7004103008319867e+08
1.8489481478691383,2.7955347474918507e+33,3.1931416564096430e+47,9.7030395693592334e+08
1.8541413648472833,2.7955354026261022e+33,3.2102864985505783e+47,9.7056216397952878e+08
1.8593342763299825,2.7955360576853994e+33,3.2274808873216181e+47,9.7081650366433251e+08
1.8645268853273169,2.7955367126704940e+33,3.2447208677758563e+47,9.7106503057730377e+08
1.8697191974955603,2.7955373675827885e+33,3.2619998766299650e+47,9.7130677416968250e+08
1.8749112203338780,2.7955380224241415e+33,3.2793151262087471e+47,9.7154017813470888e+08
1.8801029626244448,2.7955386771967319e+33,3.2966595936066152e+47,9.7176500470940340e+08
1.8852944328280292,2.7955393319026534e+33,3.3140318032239102e+47,9.7198036869492006e+08
1.8904856392259775,2.7955399865439578e+33,3.3314343897099502e+47,9.7218540220873272e+08
1.8956765913893769,2.7955406411230194e+33,3.3488634745727206e+47,9.7237958426429069e+08
1.9008672998419178,2.7955412956424426e+33,3.3663086002125919e+47,9.7256332765705276e+08
1.9060577731844268,2.7955419501043547e+33,3.3837599762264469e+47,9.7273583949717009e+08
1.9112480223194530,2.7955426045114563e+33,3.4012187754755386e+47,9.7289657207161522e+08
1.9164380583240930,2.7955432588664908e+33,3.4186811560567039e+47,9.7304678087925565e+08
1.9216278900246526,2.7955439131716430e+33,3.4361450743969126e+47,9.7318714383343959e+08
1.9268175248030566,2.7955445674287380e+33,3.4536103491258812e+47,9.7331909787227798e+08
1.9320069690051167,2.7955452216393507e+33,3.4710729357387585e+47,9.7344190400859487e+08
1.9371962321198986,2.7955458758058249e+33,3.4885238378283634e+47,9.7355884198082447e+08
1.9423853220581486,2.7955465299301194e+33,3.5059627810695880e+47,9.7367006298397541e+08
1.9475742507661835,2.7955471840151905e+33,3.5233820514921072e+47,9.7377457594184768e+08
1.9527630227083117,2.7955478380621425e+33,3.5407723348865102e+47,9.7387403089537382e+08
1.9579516403037471,2.7955484920715772e+33,3.5581268590542265e+47,9.7396918201767159e+08
1.9631401024718682,2.7955491460432244e+33,3.5754558069814170e+47,9.7406071346477151e+08
1.9683284120425386,2.7955497999777838e+33,3.5927679904309831e+47,9.7414978658768630e+08
1.9735165731613946,2.7955504538762885e+33,3.6100580781479592e+47,9.7423422052837002e+08
1.9787045921140882,2.7955511077402840e+33,3.6273184168337775e+47,9.7431502717374754e+08
1.9838924746775186,2.7955517615712062e+33,3.6445467574534562e+47,9.7439145096036959e+08
1.9890802248280068,2.7955524153700362e+33,3.6617439096818098e+47,9.7446464030766714e+08
1.9942678438207426,2.7955530691370876e+33,3.6789060403252882e+47,9.7453393135234535e+08
1.9994553354172797,2.7955537228732858e+33,3.6960371375276722e+47,9.7460009004668963e+08
2.0046427080938756,2.7955543765807329e+33,3.7131454200431784e+47,9.7466311727825880e+08
2.0098299641023432,2.7955550302599796e+33,3.7302367738272905e+47,9.7472346378829694e+08
2.0150171032563864,2.7955556839109849e+33,3.7473144401687424e+47,9.7478189484316766e+08
2.0202041277941469,2.7955563375342999e+33,3.7643810877222393e+47,9.7483941346608019e+08
2.0253910376497064,2.7955569911299114e+33,3.7814402390829570e+47,9.7489665027528965e+08
2.0305778325969941,2.7955576446977623e+33,3.7985006677199554e+47,9.7495516697844815e+08
2.0357645105599671,2.7955582982373394e+33,3.8155673830478590e+47,9.7501708560183609e+08
2.0409510650670994,2.7955589517470456e+33,3.8326493132243881e+47,9.7508423535228252e+08
2.0461375008096678,2.7955596052280364e+33,3.8497543948033144e+47,9.7515570250590742e+08
2.0513238132009430,2.7955602586791840e+33,3.8668945383752445e+47,9.7523324063774109e+08
2.0565099937258000,2.7955609120983829e+33,3.8840805297230152e+47,9.7531939616127324e+08
2.0616960394305632,2.7955615654848993e+33,3.9013194191752575e+47,9.7541364402003419e+08
2.0668819408847265,2.7955622188364102e+33,3.9186185673011208e+47,9.7551767093547952e+08
2.0720676920170367,2.7955628721514075e+33,3.9359823781363973e+47,9.7563196744371402e+08
2.0772532900540668,2.7955635254292138e+33,3.9534171058572319e+47,9.7575471788168824e+08
2.0824387237127402,2.7955641786670380e+33,3.9709327008092340e+47,9.7588821780201709e+08
2.0876239794250036,2.7955648318615273e+33,3.9885346377763357e+47,9.7603283488253653e+08
2.0928090438179248,2.7955654850093810e+33,4.0062277738784251e+47,9.7618745684928501e+08
2.0979939073339713,2.7955661381082378e+33,4.0240174183021273e+47,9.7635289062165689e+08
2.1031785596077373,2.7955667911555382e+33,4.0419024805555817e+47,9.7652916654058647e+08
2.1083629921565832,2.7955674441491840e+33,4.0598845782866510e+47,9.7671695962484503e+08
2.1135471946421540,2.7955680970866324e+33,4.0779620906978148e+47,9.7691603999258065e+08
2.1187311548121586,2.7955687499648494e+33,4.0961317638533829e+47,9.7712560696548355e+08
2.1239148620961075,2.7955694027812260e+33,4.1143931573593600e+47,9.7734540188772273e+08
2.1290983084612405,2.7955700555337866e+33,4.1327393157071927e+47,9.7757481983765411e+08
2.1342814854134309,2.7955707082204336e+33,4.1511679547710632e+47,9.7781404106924009e+08
2.1394643844573427,2.7955713608390704e+33,4.1696720091865343e+47,9.7806226623718166e+08
2.1446469977011091,2.7955720133877490e+33,4.1882452023298308e+47,9.7831904859032774e+08
2.1498293179040195,2.7955726658646870e+33,4.2068806701439272e+47,9.7858415996470439e+08
2.1550113372599040,2.7955733182679603e+33,4.2255704781616096e+47,9.7885778945487928e+08
2.1601930516504533,2.7955739705965532e+33,4.2443054443992496e+47,9.7913858922792041e+08
2.1653744529634884,2.7955746228484698e+33,4.2630760131766497e+47,9.7942690310918510e+08
2.1705555364204638,2.7955752750225342e+33,4.2818728982778783e+47,9.7972223000103498e+08
2.1757362957518258,2.7955759271171981e+33,4.3006844524519243e+47,9.8002403279957068e+08
2.1809167276454975,2.7955765791316509e+33,4.3195038759263651e+47,9.8033208917545712e+08
2.1860968268450569,2.7955772310646014e+33,4.3383250947495092e+47,9.8064559803781593e+08
2.1912765868913291,2.7955778829144580e+33,4.3571388579550211e+47,9.8096381136784327e+08
2.1964560026691924,2.7955785346799622e+33,4.3759397802144917e+47,9.8128643194658089e+08
2.2016350685917030,2.7955791863597433e+33,4.3947208395869602e+47,9.8161362413444400e+08
2.2068137814650468,2.7955798379530148e+33,4.4134769066009020e+47,9.8194621416558635e+08
2.2119921357238250,2.7955804894584084e+33,4.4322012523792858e+47,9.8228126359210503e+08
2.2171701267455139,2.7955811408747930e+33,4.4508913527774832e+47,9.8261994585168695e+08
2.2223477583646201,2.7955817922031140e+33,4.4695437530072272e+47,9.8296045054055893e+08
2.2275250341681923,2.7955824434442684e+33,4.4881578773968907e+47,9.8330032073857093e+08
2.2327019534824837,2.7955830945980918e+33,4.5067312081611336e+47,9.8363866917573619e+08
2.2378785103691539,2.7955837456631288e+33,4.5252629520466792e+47,9.8397382867817616e+08
2.2430547054091985,2.7955843966395228e+33,4.5437519076366978e+47,9.8430703832137716e+08
2.2482305442697710,2.7955850475286799e+33,4.5622017036036172e+47,9.8463519292912447e+08
2.2534060328907737,2.7955856983320717e+33,4.5806132491544784e+47,9.8495806334770393e+08
2.2585811759372594,2.7955863490508534e+33,4.5989891549615912e+47,9.8527254772624338e+08
2.2637559828104772,2.7955869996873495e+33,4.6173330242915002e+47,9.8557668715591466e+08
2.2689304653088880,2.7955876502444732e+33,4.6356496894250086e+47,9.8586973652976072e+08
2.2741046258065247,2.7955883007228178e+33,4.6539414976231082e+47,9.8615050943586278e+08
2.2792784667033144,2.7955889511229759e+33,4.6722128637558560e+47,9.8641959585374284e+08
2.2844519949810458,2.7955896014466728e+33,4.6904700837949346e+47,9.8667812389388466e+08
2.2896252190512447,2.7955902516959918e+33,4.7087181047847459e+47,9.8692380594186640e+08
2.2947981571431488,2.7955909018754294e+33,4.7269609577335305e+47,9.8715749209147084e+08
2.2999708274160784,2.7955915519894612e+33,4.7452053118211199e+47,9.8737789665921354e+08
2.3051432440929993,2.7955922020416042e+33,4.7634558480068021e+47,9.8758351315600038e+08
2.3103154144112477,2.7955928520336396e+33,4.7817171686134944e+47,9.8777746343412268e+08
2.3154873431389120,2.7955935019667469e+33,4.7999936874700354e+47,9.8795976500914860e+08
2.3206590392047590,2.7955941518431310e+33,4.8182894093762269e+47,9.8813246707831979e+08
2.3258305071838139,2.7955948016639200e+33,4.8366121020307783e+47,9.8829397266406512e+08
2.3310017537078602,2.7955954514307536e+33,4.8549647220657505e+47,9.8844652867633033e+08
2.3361727884634971,2.7955961011460169e+33,4.8733516712398479e+47,9.8858892712725949e+08
2.3413436242699346,2.7955967508128742e+33,4.8917762793035210e+47,9.8872143738595736e+08
2.3465142727158050,2.7955974004341808e+33,4.9102422271428361e+47,9.8884535351306164e+08
2.3516847409940809,2.7955980500117132e+33,4.9287542876883269e+47,9.8896048186926818e+08
2.3568550335754130,2.7955986995465732e+33,4.9473160216538676e+47,9.8906704271152163e+08
2.3620251548249875,2.7955993490398363e+33,4.9659321288132810e+47,9.8916597382053316e+08
2.3671951132204896,2.7955999984935934e+33,4.9846032769196923e+47,9.8925611368472612e+08
2.3723649183197870,2.7956006479102022e+33,5.0033343374953355e+47,9.8933677812141478e+08
2.3775345768209832,2.7956012972913131e+33,5.0221279578478070e+47,9.8940981395581365e+08
2.3827040948413263,2.7956019466384331e+33,5.0409876355019816e+47,9.8947709418601918e+08
2.3878734858824462,2.7956025959548928e+33,5.0599165446795834e+47,9.8953384414402425e+08
2.3930427624075512,2.7956032452437573e+33,5.0789173714382651e+47,9.8958174442619967e+08
2.3982119330654257,2.7956038945071642e+33,5.0979915241103480e+47,9.8962330905565846e+08
2.4033810087473477,2.7956045437477957e+33,5.1171403835519501e+47,9.8965635768929970e+08
2.4085499968822077,2.7956051929674815e+33,5.1363633328422503e+47,9.8968051630571628e+08
2.4137189012873059,2.7956058421671600e+33,5.1556669037988498e+47,9.8969708793478036e+08
2.4188877306857308,2.7956064913489856e+33,5.1750489647417032e+47,9.8970508302555370e+08
2.4240564888501224,2.7956071405138817e+33,5.1945093557604728e+47,9.8970651983225608e+08
2.4292251824466882,2.7956077896634952e+33,5.2140480149254089e+47,9.8970013038998508e+08
2.4343938200802424,2.7956084387999452e+33,5.2336623367908707e+47,9.8968958473985672e+08
2.4395624020185567,2.7956090879232929e+33,5.2533539449595875e+47,9.8967256100741148e+08
2.4447309331165687,2.7956097370347424e+33,5.2731212877026345e+47,9.8965012419969833e+08
2.4498994193039363,2.7956103861357482e+33,5.2929613397997622e+47,9.8962141088696718e+08
2.4550678661238954,2.7956110352276799e+33,5.3128725169603028e+47,9.8958635522974265e+08
2.4602362778003530,2.7956116843115752e+33,5.3328518972967453e+47,9.8954600594636619e+08
2.4654046565135999,2.7956123333879684e+33,5.3528963841523195e+47,9.8950134706043792e+08
2.4705730067040879,2.7956129824579617e+33,5.3730033953440028e+47,9.8945160000865757e+08
2.4757413344503862,2.7956136315230436e+33,5.3931670404664419e+47,9.8939889661802316e+08
2.4809096472565799,2.7956142805850685e+33,5.4133858393473680e+47,9.8933932084464419e+08
2.4860779559448889,2.7956149296466986e+33,5.4336525655803898e+47,9.8927281773552537e+08
2.4912462620645921,2.7956155787083177e+33,5.4539634202153360e+47,9.8920110689698482e+08
2.4964145685583898,2.7956162277706504e+33,5.4743132821821899e+47,9.8912552543572843e+08
2.5015828749039972,2.7956168768335637e+33,5.4946957100370889e+47,9.8904599043010628e+08
2.5067511832461293,2.7956175258975907e+33,5.5151043984447693e+47,9.8896370703312325e+08
2.5119194992032625,2.7956181749641183e+33,5.5355360925255659e+47,9.8887626257299078e+08
2.5170878308657656,2.7956188240351303e+33,5.5559803977381184e+47,9.8878133099299431e+08
2.5222561868644502,2.7956194731127588e+33,5.5764323840401465e+47,9.8868377686267567e+08
2.5274245803430788,2.7956201222002385e+33,5.5968873009511273e+47,9.8858108286411035e+08
2.5325930015794675,2.7956207712951776e+33,5.6173356830216305e+47,9.8847383073575807e+08
2.5377614499110113,2.7956214203974118e+33,5.6377698696347927e+47,9.8836521134927738e+08
2.5429299271342636,2.7956220695073827e+33,5.6581841932357917e+47,9.8825345040682924e+08
2.5480984323976079,2.7956227186248788e+33,5.6785745477622437e+47,9.8813709522084093e+08
2.5532669797063750,2.7956233677533529e+33,5.6989344935017489e+47,9.8801712843800867e+08
2.5584355776468790,2.7956240168949213e+33,5.7192574064600791e+47,9.8789328110195470e+08
2.5636042310191032,2.7956246660507647e+33,5.7395325384582111e+47,9.8776616253154123e+08
2.5687729425153831,2.7956253152215418e+33,5.7597600755624728e+47,9.8763486664460206e+08
2.5739417111142529,2.7956259644070071e+33,5.7799370575056051e+47,9.8750039983151591e+08
2.5791105309993774,2.7956266136057299e+33,5.8000543354379625e+47,9.8736455651601100e+08
2.5842794052903293,2.7956272628184728e+33,5.8201089154613392e+47,9.8722581979639792e+08
2.5894483410146769,2.7956279120469681e+33,5.8401007937532458e+47,9.8708503623526418e+08
2.5946173475784304,2.7956285612935383e+33,5.8600263168663851e+47,9.8694190790237331e+08
2.5997864253281833,2.7956292105582589e+33,5.8798805353500687e+47,9.8679673296008456e+08
2.6049555801064743,2.7956298598425815e+33,5.8996736558525931e+47,9.8664832814993036e+08
2.6101248150917957,2.7956305091472814e+33,5.9194192804761115e+47,9.8649690887811768e+08
2.6152941279845416,2.7956311584717948e+33,5.9391183378965794e+47,9.8634420343204975e+08
2.6204635163634098,2.7956318078155252e+33,5.9587738242771311e+47,9.8619031135579872e+08
2.6256329818728616,2.7956324571788783e+33,5.9783798933798613e+47,9.8603599997449219e+08
2.6308025266079311,2.7956331065623688e+33,5.9979412436767316e+47,9.8588183810589623e+08
2.6359721497866224,2.7956337559658067e+33,6.0174656538512326e+47,9.8572735600666869e+08
2.6411418526655250,2.7956344053894979e+33,6.0369551327320143e+47,9.8557159562336385e+08
2.6463116417449561,2.7956350548350485e+33,6.0564246320618386e+47,9.8541514328087115e+08
2.6514815203726854,2.7956357043032805e+33,6.0758844183887000e+47,9.8525742379812694e+08
2.6566514876915375,2.7956363537939830e+33,6.0953416526698153e+47,9.8509970499292195e+08
2.6618215420035147,2.7956370033067443e+33,6.1148035353767102e+47,9.8494173299577367e+08
2.6669916843248425,2.7956376528418060e+33,6.1342850138955370e+47,9.8478186160372066e+08
2.6721619201573792,2.7956383024005291e+33,6.1537912887039726e+47,9.8462424785123706e+08
2.6773322438857958,2.7956389519815295e+33,6.1733267700857346e+47,9.8446464612740982e+08
2.6825026513967924,2.7956396015837927e+33,6.1928947520986233e+47,9.8430467882388401e+08
2.6876731402205825,2.7956402512067099e+33,6.2125004027182489e+47,9.8414489457655680e+08
2.6928437112509545,2.7956409008505019e+33,6.2321476827861660e+47,9.8398496584253991e+08
2.6980143617060279,2.7956415505144862e+33,6.2518439400249071e+47,9.8382495787496829e+08
2.7031850889719058,2.7956422001980130e+33,6.2715998173957857e+47,9.8366375767537963e+08
2.7083558877291392,2.7956428498997751e+33,6.2914115180187634e+47,9.8350285474765027e+08
2.7135267617088399,2.7956434996206923e+33,6.3112813877324162e+47,9.8333879161467290e+08
2.7186977193592634,2.7956441493628470e+33,6.3312070082023467e+47,9.8317573110856807e+08
2.7238687611393253,2.7956447991263491e+33,6.3511894029092219e+47,9.8301412705572903e+08
2.7290398885058820,2.7956454489115625e+33,6.3712265529028716e+47,9.8285133356417918e+08
2.7342110972248093,2.7956460987174380e+33,6.3913153621597576e+47,9.8268894115499055e+08
2.7393823784158093,2.7956467485417954e+33,6.4114536924363511e+47,9.8252584325669920e+08
2.7445537361950039,2.7956473983856440e+33,6.4316358850586103e+47,9.8236310638182259e+08
2.7497251727863605,2.7956480482495299e+33,6.4518607152817878e+47,9.8220142987536573e+08
2.7548966870631908,2.7956486981331774e+33,6.4721201485895057e+47,9.8203823278818929e+08
2.7600682818756521,2.7956493480372927e+33,6.4924099020617448e+47,9.8187427366491342e+08
2.7652399593490893,2.7956499979623959e+33,6.5127223843886623e+47,9.8170851609042108e+08
2.7704117232099228,2.7956506479094085e+33,6.5330551842146493e+47,9.8154483661170006e+08
2.7755835675783458,2.7956512978768780e+33,6.5534004725423736e+47,9.8138152363276827e+08
2.7807554907600229,2.7956519478643882e+33,6.5737552810732252e+47,9.8121863216346991e+08
2.7859274955018063,2.7956525978726187e+33,6.5941118199305244e+47,9.8105589281574953e+08
2.7910995814006676,2.7956532479014657e+33,6.6144650311084528e+47,9.8089310686900413e+08
2.7962717488520998,2.7956538979510313e+33,6.6348107520814951e+47,9.8073038035259819e+08
2.8014439985263992,2.7956545480214798e+33,6.6551421181991609e+47,9.8056532439875889e+08
2.8066163329728262,2.7956551981134412e+33,6.6754535687033334e+47,9.8040394869914699e+08
2.8117887515869815,2.7956558482267599e+33,6.6957405915675536e+47,9.8024373156974733e+08
2.8169612521945875,2.7956564983609067e+33,6.7160013997312753e+47,9.8008242842704868e+08
2.8221338309257851,2.7956571485149270e+33,6.7362300576276802e+47,9.7992025296291602e+08
2.8273064861864508,2.7956577986884259e+33,6.7564249220280998e+47,9.7975847597994387e+08
2.8324792165579487,2.7956584488810529e+33,6.7765797786312782e+47,9.7959804349591482e+08
2.8376520217802450,2.7956590990927447e+33,6.7966925269832922e+47,9.7943602941861224e+08
2.8428249060285573,2.7956597493245353e+33,6.8167623353383126e+47,9.7927559009479225e+08
2.8479978695129722,2.7956603995764709e+33,6.8367869431813905e+47,9.7911463701725924e+08
2.8531709034916029,2.7956610498463978e+33,6.8567626715804736e+47,9.7895449353717589e+08
2.8583440115832826,2.7956617001352079e+33,6.8766893707870634e+47,9.7879294190074205e+08
2.8635171931071053,2.7956623504427333e+33,6.8965624142444903e+47,9.7863565922029579e+08
2.8686904544065959,2.7956630007705439e+33,6.9163836362650379e+47,9.7847872852353680e+08
2.8738637982765867,2.7956636511193220e+33,6.9361504272994285e+47,9.7832102088627911e+08
2.8790372216950515,2.7956643014883235e+33,6.9558667300989697e+47,9.7816353271204805e+08
2.8842107311744538,2.7956649518791579e+33,6.9755326429371939e+47,9.7800614343149936e+08
2.8893843282620777,2.7956656022922063e+33,6.9951429724723828e+47,9.7784646641182375e+08
2.8945580105527875,2.7956662527268707e+33,7.0147012894098161e+47,9.7768730489746499e+08
2.8997317702789633,2.7956669031812403e+33,7.0342093709344464e+47,9.7752589916618931e+08
2.9049056020302797,2.7956675536539829e+33,7.0536655771012914e+47,9.7736461311080015e+08
2.9100794990192558,2.7956682041434197e+33,7.0730719517287757e+47,9.7720604687481976e+08
2.9152534620355319,2.7956688546497469e+33,7.0924306540903582e+47,9.7704672370543933e+08
2.9204274938991315,2.7956695051736630e+33,7.1117388971505228e+47,9.7688451035367823e+08
2.9256015998762570,2.7956701557164634e+33,7.1309973935594798e+47,9.7672284700953984e+08
2.9307757842783833,2.7956708062792100e+33,7.1502138451236496e+47,9.7655863741005194e+08
2.9359500472255662,2.7956714568619407e+33,7.1693845240709967e+47,9.7639130580580330e+08
2.9411243888498859,2.7956721074646809e+33,7.1885152689257063e+47,9.7622258347663140e+08
2.9462988090437303,2.7956727580874041e+33,7.2076074043033294e+47,9.7605055400960934e+08
2.9514733142836937,2.7956734087317129e+33,7.2266624581059564e+47,9.7587629055178630e+08
2.9566479103344658,2.7956740593990231e+33,7.2456824406225672e+47,9.7570236309158432e+08
2.9618225887625917,2.7956747100872582e+33,7.2646687466685601e+47,9.7552603633090925e+08
2.9669973571232484,2.7956753607982866e+33,7.2836252940913747e+47,9.7534660439995468e+08
2.9721722180465489,2.7956760115327492e+33,7.3025553669708670e+47,9.7516292281507587e+08
2.9773471692233109,2.7956766622900778e+33,7.3214613110051643e+47,9.7497465426414132e+08
2.9825222155301114,2.7956773130714834e+33,7.3403469831019971e+47,9.7478126240934682e+08
2.9876973604801869,2.7956779638778261e+33,7.3592133748058572e+47,9.7458272028763449e+08
2.9928726061786164,2.7956786147096241e+33,7.3780642170537099e+47,9.7437940237575507e+08
2.9980479587963624,2.7956792655684034e+33,7.3969014118743230e+47,9.7416763941266620e+08
3.0032234276362182,2.7956799164564606e+33,7.4157319533857209e+47,9.7394757732370710e+08
3.0083990047770737,2.7956805673718403e+33,7.4345579757846731e+47,9.7372507980984938e+08
3.0135746880433953,2.7956812183140098e+33,7.4533831526092144e+47,9.7349763368478203e+08
3.0187504932734646,2.7956818692868678e+33,7.4722020571009061e+47,9.7326524828819597e+08
3.0239264313971472,2.7956825202931179e+33,7.4910248207080117e+47,9.7302544145751512e+08
3.0291025110365095,2.7956831713348912e+33,7.5098521123751187e+47,9.7277951875884402e+08
3.0342787430615710,2.7956838224148631e+33,7.5286859836133244e+47,9.7252404445519638e+08
3.0394551339969524,2.7956844735346529e+33,7.5475313590896217e+47,9.7225691624589872e+08
3.0446316753281284,2.7956851246921564e+33,7.5663849545006150e+47,9.7198455742328620e+08
3.0498083670427247,2.7956857758873698e+33,7.5852510079661986e+47,9.7170427846142900e+08
3.0549852134980169,2.7956864271213708e+33,7.6041319416799462e+47,9.7141413600377822e+08
3.0601622220452191,2.7956870783959743e+33,7.6230261407901240e+47,9.7111521602714932e+08
3.0653394070471567,2.7956877297147301e+33,7.6419328250541013e+47,9.7080516237975395e+08
3.0705167811777518,2.7956883810807626e+33,7.6608545796084808e+47,9.7048500561117005e+08
3.0756943534937675,2.7956890324963085e+33,7.6797894519392972e+47,9.7015470698150432e+08
3.0808721346482164,2.7956896839640038e+33,7.6987331452250452e+47,9.6981515382013202e+08
3.0860501335714394,2.7956903354860485e+33,7.7176871067525269e+47,9.6946586048830986e+08
3.0912283674890850,2.7956909870667008e+33,7.7366438510946804e+47,9.6910442579011703e+08
3.0964068553184076,2.7956916387106340e+33,7.7556029440310696e+47,9.6873039361641359e+08
3.1015856055335091,2.7956922904199402e+33,7.7745597967141626e+47,9.6834352230585253e+08
3.1067646254064347,2.7956929421964191e+33,7.7935063051403315e+47,9.6794495141637874e+08
3.1119439282809527,2.7956935940433680e+33,7.8124396623802617e+47,9.6753709095259809e+08
3.1171235313887808,2.7956942459650470e+33,7.8313545375319867e+47,9.6712036438835764e+08
3.1223034456647705,2.7956948979641590e+33,7.8502463156663063e+47,9.6669505879632568e+08
3.1274836817431293,2.7956955500433369e+33,7.8691118251223454e+47,9.6625615711625040e+08
3.1326642524770594,2.7956962022057516e+33,7.8879420158102723e+47,9.6581120347686422e+08
3.1378451629105188,2.7956968544526663e+33,7.9067294579039506e+47,9.6535862933190536e+08
3.1430264187799000,2.7956975067854944e+33,7.9254752323341226e+47,9.6489886469415963e+08
3.1482080257637439,2.7956981592056464e+33,7.9441713836657638e+47,9.6443150932941437e+08
3.1533899887954888,2.7956988117143469e+33,7.9628127900117078e+47,9.6395959576465786e+08
3.1585723100358507,2.7956994643121388e+33,7.9813911945278147e+47,9.6348230937894988e+08
3.1637549943259886,2.7957001170002195e+33,7.9999045741973683e+47,9.6300516410804605e+08
3.1689380441901123,2.7957007697792207e+33,8.0183469287575608e+47,9.6252791156910682e+08
3.1741214653855034,2.7957014226505709e+33,8.0367161894445794e+47,9.6204905805747449e+08
3.1793052590649804,2.7957020756145635e+33,8.0550075433174559e+47,9.6156866861899507e+08
3.1844894248454807,2.7957027286711081e+33,8.0732173156817790e+47,9.6108810635426414e+08
3.1896739615115077,2.7957033818199112e+33,8.0913429446875000e+47,9.6061086296353292e+08
3.1948588685306407,2.7957040350608494e+33,8.1093821974351645e+47,9.6013769172735858e+08
3.2000441429385300,2.7957046883931935e+33,8.1273355277708741e+47,9.5966709620635509e+08
3.2052297813517567,2.7957053418161169e+33,8.1451997069687607e+47,9.5920079339980304e+08
3.2104157761774319,2.7957059953277456e+33,8.1629793527410955e+47,9.5874163514740419e+08
3.2156021204492693,2.7957066489263662e+33,8.1806726169669254e+47,9.5828707607804072e+08
3.2207888091818808,2.7957073026107508e+33,8.1982814548866988e+47,9.5783666724327898e+08
3.2259758299905421,2.7957079563778455e+33,8.2158087766972879e+47,9.5739247231238270e+08
3.2311631762250195,2.7957086102260039e+33,8.2332534055226834e+47,9.5695392293964243e+08
3.2363508367641565,2.7957092641524854e+33,8.2506181526318520e+47,9.5652490422172225e+08
3.2415388057518619,2.7957099181558489e+33,8.2679071440432324e+47,9.5610443291875196e+08
3.2467270719073524,2.7957105722333043e+33,8.2851213061190731e+47,9.5569541845050883e+08
3.2519156410841630,2.7957112263863060e+33,8.3022670303556883e+47,9.5529165487065041e+08
3.2571044967435481,2.7957118806107658e+33,8.3193439487421971e+47,9.5489563773242211e+08
3.2622936277870460,2.7957125349039461e+33,8.3363578186201900e+47,9.5450890348928237e+08
3.2674830236438490,2.7957131892632320e+33,8.3533112098041163e+47,9.5413347494937408e+08
3.2726726824885795,2.7957138436881768e+33,8.3702114183944833e+47,9.5376713113663137e+08
3.2778625993078485,2.7957144981775405e+33,8.3870554017890186e+47,9.5341301208184063e+08
3.2830527613639555,2.7957151527281814e+33,8.4038475744239241e+47,9.5306847295803618e+08
3.2882431568638086,2.7957158073371775e+33,8.4205966132924112e+47,9.5273279475332832e+08
3.2934337784618446,2.7957164620027168e+33,8.4373013572290792e+47,9.5240646168078363e+08
3.2986246223298403,2.7957171167238552e+33,8.4539630942521646e+47,9.5208827128319287e+08
3.3038156814562973,2.7957177714988575e+33,8.4705879803898209e+47,9.5177701915246129e+08
3.3090069478121564,2.7957184263257419e+33,8.4871788018405416e+47,9.5147208830412984e+08
3.3141984145493066,2.7957190812028152e+33,8.5037363197846647e+47,9.5117582215960824e+08
3.3193900645417722,2.7957197361258388e+33,8.5202623409497000e+47,9.5088718875124586e+08
3.3245818879466089,2.7957203910923794e+33,8.5367579740106265e+47,9.5060167228305995e+08
3.3297738735292035,2.7957210460996580e+33,8.5532210036745786e+47,9.5032474967325199e+08
3.3349660098937508,2.7957217011448555e+33,8.5696510077532960e+47,9.5006015485895312e+08
3.3401582937232792,2.7957223562271494e+33,8.5860564073246619e+47,9.4979843958578849e+08
3.3453507144692018,2.7957230113439330e+33,8.6024343687579883e+47,9.4954056281636977e+08
3.3505432619499240,2.7957236664926871e+33,8.6187858768797850e+47,9.4928906500646865e+08
3.3557359366101269,2.7957243216735207e+33,8.6351089515468579e+47,9.4904319012111259e+08
3.3609287413207527,2.7957249768871457e+33,8.6513995143472829e+47,9.4880284241845942e+08
3.3661216794438356,2.7957256321343944e+33,8.6676647594110130e+47,9.4857054487269914e+08
3.3713147509684038,2.7957262874152676e+33,8.6839068146876553e+47,9.4834036509938109e+08
3.3765079585152793,2.7957269427304096e+33,8.7001187803206312e+47,9.4811538003892457e+08
3.3817013017732869,2.7957275980797484e+33,8.7163018886700535e+47,9.4789368142908168e+08
3.3868947759768373,2.7957282534621046e+33,8.7324572954479429e+47,9.4767509821218848e+08
3.3920883783665139,2.7957289088767944e+33,8.7485798334980604e+47,9.4746388814952040e+08
3.3972821027823619,2.7957295643222973e+33,8.7646712865780738e+47,9.4725364979363477e+08
3.4024759327532021,2.7957302197945289e+33,8.7807308156918262e+47,9.4704708312992096e+08
3.4076698616416143,2.7957308752918521e+33,8.7967524567798597e+47,9.4684357672586894e+08
3.4128638987601505,2.7957315308165669e+33,8.8127385724551427e+47,9.4664062516710865e+08
3.4180580407918395,2.7957321863678619e+33,8.8286896779145899e+47,9.4644062717900717e+08
3.4232522816034647,2.7957328419442121e+33,8.8446025013234559e+47,9.4624402964902604e+08
3.4284466041275863,2.7957334975413944e+33,8.8604769498113943e+47,9.4605083176831698e+08
3.4336409979162488,2.7957341531568212e+33,8.8763147228935032e+47,9.4586100992461181e+08
3.4388354551851763,2.7957348087885629e+33,8.8921106883043783e+47,9.4567370574341345e+08
3.4440299728921162,2.7957354644358697e+33,8.9078637731932538e+47,9.4548969382901192e+08
3.4492245496112406,2.7957361200983864e+33,8.9235727316509355e+47,9.4530938640985906e+08
3.4544191845522367,2.7957367757759198e+33,8.9392434067814742e+47,9.4513117175595021e+08
3.4596138840119233,2.7957374314700254e+33,8.9548746991773975e+47,9.4495273564589298e+08
3.4648086463477168,2.7957380871802996e+33,8.9704667594831940e+47,9.4477706855017269e+08
3.4700034809046176,2.7957387429090556e+33,8.9860178807009353e+47,9.4460010324664950e+08
3.4751983842134275,2.7957393986554346e+33,9.0015330609465447e+47,9.4442309937090600e+08
3.4803933464151968,2.7957400544169971e+33,9.0170118381072421e+47,9.4424639456416726e+08
3.4855883610901492,2.7957407101921502e+33,9.0324549641067222e+47,9.4406820868651366e+08
3.4907834243609979,2.7957413659799358e+33,9.0478631362525818e+47,9.4389256109445941e+08
3.4959785383717152,2.7957420217808826e+33,9.0632348101890057e+47,9.4371916358680868e+08
3.5011737078512817,2.7957426775961654e+33,9.0785722184407169e+47,9.4354911361880350e+08
3.5063689423253255,2.7957433334281397e+33,9.0938822887901136e+47,9.4337486818871021e+08
3.5115642496962614,2.7957439892787635e+33,9.1091622440678891e+47,9.4320102478961909e+08
3.5167596288325380,2.7957446451477581e+33,9.1244130348580469e+47,9.4302580825830996e+08
3.5219550784502522,2.7957453010348057e+33,9.1396364311445874e+47,9.4285028305704439e+08
3.5271505945092687,2.7957459569389067e+33,9.1548324342669691e+47,9.4267439228922021e+08
3.5323461755175600,2.7957466128596899e+33,9.1700051440871839e+47,9.4249955213595498e+08
3.5375418209887020,2.7957472687970319e+33,9.1851596467004374e+47,9.4232380197386360e+08
3.5427375340956280,2.7957479247517242e+33,9.2002982670691248e+47,9.4214707878112030e+08
3.5479333166154938,2.7957485807242050e+33,9.2154219858926103e+47,9.4196887012397432e+08
3.5531291684989927,2.7957492367144627e+33,9.2305316654193830e+47,9.4179035057632661e+08
3.5583250862548006,2.7957498927216326e+33,9.2456287817910735e+47,9.4161322384524572e+08
3.5635210694485893,2.7957505487456057e+33,9.2607215382777513e+47,9.4143565547855783e+08
3.5687171175386978,2.7957512047862472e+33,9.2758105951673273e+47,9.4125722445422626e+08
3.5739132275910150,2.7957518608428365e+33,9.2909005713580386e+47,9.4107460679405272e+08
3.5791093900080910,2.7957525169129916e+33,9.3059900264364361e+47,9.4089188716148674e+08
3.5843055952950280,2.7957531729943578e+33,9.3210867361686098e+47,9.4071136877509093e+08
3.5895018413083188,2.7957538290864103e+33,9.3361890613759062e+47,9.4053269144106078e+08
3.5946981257986064,2.7957544851885867e+33,9.3513028485830140e+47,9.4035357064064026e+08
3.5998944540002271,2.7957551413021891e+33,9.3664322163314386e+47,9.4017409921067905e+08
3.6050908355215960,2.7957557974295943e+33,9.3815776538804547e+47,9.3999365354213858e+08
3.6102872730223554,2.7957564535714577e+33,9.3967391955182237e+47,9.3981190342293084e+08
3.6154837654754748,2.7957571097275349e+33,9.4119234537958599e+47,9.3962819142415035e+08
3.6206803066950353,2.7957577658962815e+33,9.4271229416652746e+47,9.3944570195039570e+08
3.6258768939757302,2.7957584220770364e+33,9.4423429949967209e+47,9.3926463339087522e+08
3.6310735203530982,2.7957590782680713e+33,9.4575900059623925e+47,9.3908237814317226e+08
3.6362701844183571,2.7957597344690364e+33,9.4728614170450355e+47,9.3890154645240426e+08
3.6414668832148949,2.7957603906792000e+33,9.4881604296785579e+47,9.3871864231607330e+08
3.6466636161248389,2.7957610468984106e+33,9.5034826511937002e+47,9.3853572380560863e+08
3.6518603898807682,2.7957617031283312e+33,9.5188299545431436e+47,9.3835503985700905e+08
3.6570572026607220,2.7957623593685158e+33,9.5342034019593823e+47,9.3817590935462070e+08
3.6622540556546070,2.7957630156192570e+33,9.5496075261399634e+47,9.3799563514047837e+08
3.6674509470029428,2.7957636718800933e+33,9.5650360792580250e+47,9.3781497218695855e+08
3.6726478721185543,2.7957643281498889e+33,9.5804846186037753e+47,9.3763335172977161e+08
3.6778448237725621,2.7957649844268534e+33,9.5959502257064401e+47,9.3745237445130730e+08
3.6830417863270490,2.7957656407071117e+33,9.6114351086965236e+47,9.3727299652302527e+08
3.6882387521781275,2.7957662969887841e+33,9.6269325334910279e+47,9.3709377856096041e+08
3.6934357244869567,2.7957669532726448e+33,9.6424363786445620e+47,9.3691579351094389e+08
3.6986327103234817,2.7957676095604531e+33,9.6579504369444816e+47,9.3673771085849059e+08
3.7038297138436578,2.7957682658532350e+33,9.6734691497904254e+47,9.3656170959174550e+08
3.7090267343071264,2.7957689221508074e+33,9.6889887569994008e+47,9.3638737304348528e+08
3.7142237767969575,2.7957695784544297e+33,9.7045023867874218e+47,9.3621204538479471e+08
3.7194208274990190,2.7957702347606801e+33,9.7200093811151602e+47,9.3603672337233245e+08
3.7246178751509760,2.7957708910667691e+33,9.7354992768997608e+47,9.3586321897795308e+08
3.7298149186501175,2.7957715473724200e+33,9.7509729838188392e+47,9.3569390399885976e+08
3.7350119577952090,2.7957722036775895e+33,9.7664297347120435e+47,9.3552384684076953e+08
3.7402089927276898,2.7957728599823025e+33,9.7818704548539414e+47,9.3535464843210220e+08
3.7454060216721263,2.7957735162861254e+33,9.7972795940506288e+47,9.3518885708932340e+08
3.7506030426019796,2.7957741725885550e+33,9.8126586141121483e+47,9.3502307209447145e+08
3.7558000526182287,2.7957748288888737e+33,9.8280017408315377e+47,9.3486232740979135e+08
3.7609970547639247,2.7957754851878353e+33,9.8433130273588696e+47,9.3470197111409676e+08
3.7661940428821166,2.7957761414839152e+33,9.8585869181777442e+47,9.3454356066986096e+08
3.7713910149371790,2.7957767977766032e+33,9.8738175981632568e+47,9.3438551927672696e+08
3.7765879731422212,2.7957774540664568e+33,9.8890041437577489e+47,9.3423032910961974e+08
3.7817849136886967,2.7957781103525230e+33,9.9041532921718439e+47,9.3407731747848284e+08
3.7869818313071089,2.7957787666335013e+33,9.9192567028894559e+47,9.3392856370453227e+08
3.7921787332161041,2.7957794229111823e+33,9.9343115021785761e+47,9.3378272257540822e+08
3.7973756211392522,2.7957800791859874e+33,9.9493299491477101e+47,9.3363908141307187e+08
3.8025724931012919,2.7957807354574276e+33,9.9643120865957569e+47,9.3349833012736511e+08
3.8077693474992258,2.7957813917251116e+33,9.9792603127174989e+47,9.3335993453475070e+08
3.8129661777113082,2.7957820479873919e+33,9.9941627043811241e+47,9.3322463746483421e+08
3.8181629785049522,2.7957827042429743e+33,1.0009020359857367e+48,9.3309299775950217e+08
3.8233597537269830,2.7957833604928157e+33,1.0023836963904320e+48,9.3296320193158913e+08
3.8285564977240081,2.7957840167355090e+33,1.0038627444091316e+48,9.3283682711262572e+08
3.8337532012139222,2.7957846729687599e+33,1.0053392247541415e+48,9.3271348948336458e+08
3.8389498583355484,2.7957853291911128e+33,1.0068136975100071e+48,9.3259386512690079e+08
3.8441464776123362,2.7957859854046809e+33,1.0082859497385781e+48,9.3247862366163540e+08
3.8493430623419678,2.7957866416102819e+33,1.0097561802939421e+48,9.3236781301613259e+08
3.8545396110704346,2.7957872978075524e+33,1.0112250970503822e+48,9.3226037975200808e+08
3.8597361202467080,2.7957879539956156e+33,1.0126938976455099e+48,9.3215539142683637e+08
3.8649325849639791,2.7957886101732565e+33,1.0141624612660301e+48,9.3205391172937119e+08
3.8701289972162272,2.7957892663384884e+33,1.0156301089440609e+48,9.3195719710626757e+08
3.8753253505048457,2.7957899224897032e+33,1.0170975751743460e+48,9.3186372854271400e+08
3.8805216390984110,2.7957905786254809e+33,1.0185652353507395e+48,9.3177581211646080e+08
3.8857178562574273,2.7957912347441538e+33,1.0200340187656910e+48,9.3169146203055012e+08
3.8909139903146577,2.7957918908428282e+33,1.0215032322036222e+48,9.3161140372238743e+08
3.8961100441483492,2.7957925469222200e+33,1.0229727251607267e+48,9.3153463647590101e+08
3.9013060059790399,2.7957932029794134e+33,1.0244429243007485e+48,9.3146553486304915e+08
3.9065018758370900,2.7957938590144096e+33,1.0259140255683519e+48,9.3140092930059421e+08
3.9116976545603945,2.7957945150274242e+33,1.0273868858640304e+48,9.3134111709228790e+08
3.9168933393489982,2.7957951710177563e+33,1.0288619435550236e+48,9.3128487840741789e+08
3.9220889291136043,2.7957958269851434e+33,1.0303387237149337e+48,9.3123577584171438e+08
3.9272844169738383,2.7957964829278760e+33,1.0318166143240100e+48,9.3119239435071611e+08
3.9324797966424283,2.7957971388444037e+33,1.0332965597958386e+48,9.3115346549261117e+08
3.9376750639161013,2.7957977947336764e+33,1.0347785129947321e+48,9.3112269086586165e+08
3.9428702106394082,2.7957984505936845e+33,1.0362623166387258e+48,9.3109652255280674e+08
3.9480652301213079,2.7957991064227615e+33,1.0377474478043233e+48,9.3107658237757719e+08
3.9532601166584942,2.7957997622195042e+33,1.0392338851281721e+48,9.3106379177928066e+08
3.9584548627538871,2.7958004179820541e+33,1.0407215242930567e+48,9.3105666517665505e+08
3.9636494492009144,2.7958010737056531e+33,1.0422101398663671e+48,9.3105335494580817e+08
3.9688438667180579,2.7958017293880052e+33,1.0436993884103854e+48,9.3105682155319226e+08
3.9740381074114568,2.7958023850271568e+33,1.0451896491909211e+48,9.3106873445832670e+08
3.9792321509450024,2.7958030406180753e+33,1.0466796704818364e+48,9.3108973526986134e+08
3.9844259967160922,2.7958036961606098e+33,1.0481694218180842e+48,9.3111801459477425e+08
3.9896196428766419,2.7958043516543064e+33,1.0496593766305637e+48,9.3115206837344873e+08
3.9948130801337798,2.7958050070968624e+33,1.0511489322040046e+48,9.3119264569987500e+08
4.0000063075267249,2.7958056624880488e+33,1.0526382888854757e+48,9.3123787381694424e+08
4.0051993262286620,2.7958063178281504e+33,1.0541268933049827e+48,9.3129022574199951e+08
4.0103921341722533,2.7958069731166634e+33,1.0556140031959737e+48,9.3134796089390576e+08
4.0155847165511469,2.7958076283499197e+33,1.0570988579488061e+48,9.3141309341070592e+08
4.0207770554772901,2.7958082835234968e+33,1.0585820585516744e+48,9.3148542394793200e+08
4.0259691367373511,2.7958089386338748e+33,1.0600630196000289e+48,9.3156303236323261e+08
4.0311609547528944,2.7958095936796782e+33,1.0615414404838283e+48,9.3164495706945574e+08
4.0363525057467786,2.7958102486599749e+33,1.0630166532216334e+48,9.3173656487861705e+08
4.0415437812488202,2.7958109035726741e+33,1.0644889069268995e+48,9.3183548480937588e+08
4.0467347782295224,2.7958115584170269e+33,1.0659579549778512e+48,9.3194257063178098e+08
4.0519254918909153,2.7958122131918482e+33,1.0674233791120927e+48,9.3205790691387177e+08
4.0571159136257000,2.7958128678950120e+33,1.0688849346290882e+48,9.3217709102948225e+08
4.0623060355312903,2.7958135225245681e+33,1.0703415519373334e+48,9.3230401764273298e+08
4.0674958484074732,2.7958141770782452e+33,1.0717931596450244e+48,9.3243947504037035e+08
4.0726853544201687,2.7958148315565766e+33,1.0732392001869918e+48,9.3258326469381738e+08
4.0778745502963725,2.7958154859587639e+33,1.0746801292923604e+48,9.3273139516686106e+08
4.0830634276596518,2.7958161402827375e+33,1.0761157172424615e+48,9.3288423226424038e+08
4.0882519910613739,2.7958167945296286e+33,1.0775451129943957e+48,9.3304488243622315e+08
4.0934402333025472,2.7958174486976569e+33,1.0789682999627754e+48,9.3321243003889585e+08
4.0986281485198042,2.7958181027853774e+33,1.0803851907641280e+48,9.3338764759682536e+08
4.1038157239050603,2.7958187567896332e+33,1.0817955047452335e+48,9.3356726009718847e+08
4.1090029461087889,2.7958194107071185e+33,1.0831992263405502e+48,9.3375390999129999e+08
4.1141897994330714,2.7958200645339639e+33,1.0845967098119711e+48,9.3394772034261215e+08
4.1193762767516500,2.7958207182684108e+33,1.0859875362161837e+48,9.3414561062241268e+08
4.1245623723249540,2.7958213719090467e+33,1.0873725072905289e+48,9.3434706785244036e+08
4.1297480741021841,2.7958220254528966e+33,1.0887507029118010e+48,9.3455458715353990e+08
4.1349333775478900,2.7958226788988485e+33,1.0901226958959430e+48,9.3476856826013291e+08
4.1401182868755919,2.7958233322479538e+33,1.0914886460292946e+48,9.3499073347149980e+08
4.1453028089592605,2.7958239855019148e+33,1.0928480422860855e+48,9.3521720858099914e+08
4.1504869499810075,2.7958246386622644e+33,1.0942014480814054e+48,9.3544754353609872e+08
4.1556707094320817,2.7958252917288867e+33,1.0955496925049408e+48,9.3567792599088633e+08
4.1608540658633562,2.7958259446964851e+33,1.0968931231329847e+48,9.3590668221287715e+08
4.1660370084544480,2.7958265975623946e+33,1.0982316971879036e+48,9.3613839877645600e+08
4.1712195307544997,2.7958272503250290e+33,1.0995662938777157e+48,9.3637446105990517e+08
4.1764016313536656,2.7958279029840473e+33,1.1008973347690468e+48,9.3661426212578917e+08
4.1815833119695291,2.7958285555398839e+33,1.1022250729339220e+48,9.3685396436930811e+08
4.1867645809981253,2.7958292079946149e+33,1.1035480552952714e+48,9.3709566188522971e+08
4.1919454589148097,2.7958298603533111e+33,1.1048683207658875e+48,9.3733468873008752e+08
4.1971259467971676,2.7958305126162433e+33,1.1061863533880011e+48,9.3756898802730262e+08
4.2023060438715278,2.7958311647832271e+33,1.1075025605350575e+48,9.3780414343373573e+08
4.2074857543908184,2.7958318168553219e+33,1.1088174386249891e+48,9.3803984283204246e+08
4.2126650775316099,2.7958324688323261e+33,1.1101318474749488e+48,9.3827554478644407e+08
4.2178440090709248,2.7958331207132101e+33,1.1114446754566393e+48,9.3850816458193052e+08
4.2230225515467170,2.7958337724986040e+33,1.1127578925393437e+48,9.3874130886434782e+08
4.2282007097841898,2.7958344241897015e+33,1.1140709544313041e+48,9.3897089471370947e+08
4.2333784899960305,2.7958350757880488e+33,1.1153840555728686e+48,9.3919352548575580e+08
4.2385558928026619,2.7958357272938056e+33,1.1166990804517372e+48,9.3940888923018372e+08
4.2437329208984069,2.7958363787076388e+33,1.1180152165094852e+48,9.3961949825408304e+08
4.2489095731528552,2.7958370300292798e+33,1.1193315398859152e+48,9.3982695102088714e+08
4.2540858547361973,2.7958376812600083e+33,1.1206494514276610e+48,9.4003426645114088e+08
4.2592617791244924,2.7958383324031591e+33,1.1219698162034368e+48,9.4023484181438100e+08
4.2644373526607682,2.7958389834602986e+33,1.1232919426751992e+48,9.4042934953049421e+08
4.2696125841066337,2.7958396344335970e+33,1.1246152247348903e+48,9.4061830104178143e+08
4.2747874766520662,2.7958402853238476e+33,1.1259393849403542e+48,9.4080284017916632e+08
4.2799620327772914,2.7958409361316654e+33,1.1272640370989192e+48,9.4098242551013792e+08
4.2851362597997511,2.7958415868588624e+33,1.1285901432255657e+48,9.4115362588988543e+08
4.2903101585048775,2.7958422375056327e+33,1.1299170878137986e+48,9.4131954129824555e+08
4.2954837284094873,2.7958428880718674e+33,1.1312449019094030e+48,9.4147633369543684e+08
4.3006569881540351,2.7958435385621626e+33,1.1325720688891572e+48,9.4163190245310938e+08
4.3058299520758627,2.7958441889800693e+33,1.1338986973583437e+48,9.4177772798756206e+08
4.3110026216325359,2.7958448393259404e+33,1.1352252443990275e+48,9.4192100272045243e+08
4.3161750024097252,2.7958454896011621e+33,1.1365512078944500e+48,9.4206170197653246e+08
4.3213470934118936,2.7958461398054913e+33,1.1378750369571685e+48,9.4219904963016617e+08
4.3265188932654315,2.7958467899385947e+33,1.1391968137310758e+48,9.4233584033361900e+08
4.3316903986069279,2.7958474399996451e+33,1.1405150127665181e+48,9.4246715198739111e+08
4.3368616105500264,2.7958480899889216e+33,1.1418298746241250e+48,9.4260051964237261e+08
4.3420325296458344,2.7958487399065601e+33,1.1431416363494776e+48,9.4273049127444637e+08
4.3472031590708324,2.7958493897533551e+33,1.1444495660088862e+48,9.4286109279930305e+08
4.3523735077558836,2.7958500395315033e+33,1.1457527187536201e+48,9.4299158182318151e+08
4.3575435817400932,2.7958506892425032e+33,1.1470498544168479e+48,9.4312247023499787e+08
4.3627133790031989,2.7958513388858576e+33,1.1483413638134708e+48,9.4325175200201547e+08
4.3678828992791150,2.7958519884615050e+33,1.1496267169680963e+48,9.4338320940449953e+08
4.3730521538650793,2.7958526379722332e+33,1.1509051002426966e+48,9.4351050348383379e+08
4.3782211233899702,2.7958532874132689e+33,1.1521770415645494e+48,9.4364039976029325e+08
4.3833897922857137,2.7958539367807841e+33,1.1534411149083850e+48,9.4377486728278816e+08
4.3885581621399004,2.7958545860751665e+33,1.1546984235619800e+48,9.4390999419719160e+08
4.3937262416495582,2.7958552352985687e+33,1.1559465870580896e+48,9.4404601716305697e+08
4.3988940420800757,2.7958558844537676e+33,1.1571877172776060e+48,9.4418145907295120e+08
4.4040615616807548,2.7958565335403376e+33,1.1584196309784425e+48,9.4431920628485060e+08
4.4092287996719106,2.7958571825580880e+33,1.1596414006562260e+48,9.4445895109653592e+08
4.4143957701851395,2.7958578315105064e+33,1.1608533665564259e+48,9.4460369761762559e+08
4.4195624807084810,2.7958584803994363e+33,1.1620565193489386e+48,9.4474980831249750e+08
4.4247289346946861,2.7958591292257355e+33,1.1632502348885128e+48,9.4489726003144419e+08
4.4298951191924596,2.7958597779862138e+33,1.1644350445315498e+48,9.4504668824871254e+08
4.4350610215435182,2.7958604266777595e+33,1.1656096972828677e+48,9.4520395784736001e+08
4.4402266402515433,2.7958610753000025e+33,1.1667755665788295e+48,9.4536502278960466e+08
4.4453919842695573,2.7958617238551542e+33,1.1679293487980899e+48,9.4552787420125496e+08
4.4505570527379126,2.7958623723430086e+33,1.1690722914917792e+48,9.4569221296128249e+08
4.4557218476382223,2.7958630207640541e+33,1.1702059440040493e+48,9.4585407408347034e+08
4.4608863588985717,2.7958636691158131e+33,1.1713286271003513e+48,9.4602258625893986e+08
4.4660505744327823,2.7958643173953116e+33,1.1724408986992738e+48,9.4619756725220382e+08
4.4712144811005627,2.7958649655993243e+33,1.1735447641572617e+48,9.4638398278466427e+08
4.4763780864781415,2.7958656137297154e+33,1.1746385163666096e+48,9.4656993377863359e+08
4.4815413944540774,2.7958662617874471e+33,1.1757224650587310e+48,9.4676397830309594e+08
4.4867044126813891,2.7958669097744079e+33,1.1767979053034091e+48,9.4696062771813023e+08
4.4918671435804134,2.7958675576911950e+33,1.1778633014279958e+48,9.4715605585645008e+08
4.4970295844424975,2.7958682055371512e+33,1.1789194057652074e+48,9.4735611387195575e+08
4.5021917263891584,2.7958688533100911e+33,1.1799658243870641e+48,9.4755730634542084e+08
4.5073535549467696,2.7958695010064546e+33,1.1810009742451920e+48,9.4776353771402717e+08
4.5125150676783390,2.7958701486256438e+33,1.1820276850963088e+48,9.4797190731358945e+08
4.5176762605116885,2.7958707961666695e+33,1.1830467570725896e+48,9.4818722496789420e+08
4.5228371393520783,2.7958714436309850e+33,1.1840579787079571e+48,9.4840802698329771e+08
4.5279977057160519,2.7958720910189662e+33,1.1850618411137830e+48,9.4862872375619638e+08
4.5331579429383391,2.7958727383265190e+33,1.1860576315323650e+48,9.4885437688978028e+08
4.5383178503279673,2.7958733855534756e+33,1.1870439847133317e+48,9.4908120331583941e+08
4.5434774250774117,2.7958740326991519e+33,1.1880223692299702e+48,9.4931133142917311e+08
4.5486366563618548,2.7958746797608891e+33,1.1889930376986925e+48,9.4954596237703633e+08
4.5537955445327576,2.7958753267387802e+33,1.1899565474536385e+48,9.4978182505926335e+08
4.5589540881503634,2.7958759736324762e+33,1.1909117060277877e+48,9.5002268929496884e+08
4.5641122861884282,2.7958766204417277e+33,1.1918594311526425e+48,9.5026523403024840e+08
4.5692701290824935,2.7958772671641901e+33,1.1928011522714877e+48,9.5051506252368069e+08
4.5744276289065731,2.7958779138028351e+33,1.1937347823614126e+48,9.5076288614344776e+08
4.5795847881829674,2.7958785603582917e+33,1.1946613684301998e+48,9.5101435624176216e+08
4.5847416044566369,2.7958792068299608e+33,1.1955820580322006e+48,9.5126777747005260e+08
4.5898980712349440,2.7958798532162498e+33,1.1964968992710610e+48,9.5152536362133789e+08
4.5950541905172129,2.7958804995176560e+33,1.1974065553824079e+48,9.5178549722895133e+08
4.6002099527036702,2.7958811457318242e+33,1.1983093363844531e+48,9.5205155984371531e+08
4.6053653663914602,2.7958817918608750e+33,1.1992067706635746e+48,9.5232238722749615e+08
4.6105204283157910,2.7958824379040119e+33,1.2000985331910015e+48,9.5259113269143891e+08
4.6156751334506216,2.7958830838599988e+33,1.2009839851757867e+48,9.5285934040142548e+08
4.6208294799350327,2.7958837297283949e+33,1.2018633714247444e+48,9.5312802073788404e+08
4.6259834486682738,2.7958843755044995e+33,1.2027362072987141e+48,9.5340075036479723e+08
4.6311370335992992,2.7958850211868440e+33,1.2036018415369740e+48,9.5367897537742722e+08
4.6362902509698287,2.7958856667794151e+33,1.2044620518461626e+48,9.5395552075827408e+08
4.6414431044770152,2.7958863122831329e+33,1.2053154904549621e+48,9.5423471315976250e+08
4.6465956052032267,2.7958869577007285e+33,1.2061636062002409e+48,9.5451123327523029e+08
4.6517477579087680,2.7958876030333694e+33,1.2070053087714422e+48,9.5478318764857268e+08
4.6568995505790989,2.7958882482781185e+33,1.2078400058559781e+48,9.5506247165343499e+08
4.6620510017875558,2.7958888934395356e+33,1.2086689062625071e+48,9.5534318925090802e+08
4.6672021126382557,2.7958895385179037e+33,1.2094912674788020e+48,9.5562522458623111e+08
4.6723528873381861,2.7958901835142553e+33,1.2103072692607407e+48,9.5590590197943962e+08
4.6775033325063040,2.7958908284302304e+33,1.2111169599415089e+48,9.5618548114801407e+08
4.6826534522360923,2.7958914732668262e+33,1.2119197778671369e+48,9.5646329332802403e+08
4.6878032440426374,2.7958921180234497e+33,1.2127145107699513e+48,9.5674102320185137e+08
4.6929526909544572,2.7958927626959289e+33,1.2135003447624570e+48,9.5701812882320714e+08
4.6981017822796485,2.7958934072816484e+33,1.2142784523170426e+48,9.5729479838104999e+08
4.7032505314074022,2.7958940517839022e+33,1.2150484352283661e+48,9.5756806925095463e+08
4.7083989525444050,2.7958946962061796e+33,1.2158105398365464e+48,9.5784026296084428e+08
4.7135470486965572,2.7958953405492271e+33,1.2165635338810433e+48,9.5811136420888937e+08
4.7186948198483805,2.7958959848130429e+33,1.2173072951612685e+48,9.5838210991189468e+08
4.7238422681159147,2.7958966289981522e+33,1.2180419664509226e+48,9.5865204548656440e+08
4.7289893788426696,2.7958972731009590e+33,1.2187667062325648e+48,9.5892125697070122e+08
4.7341361639564754,2.7958979171244023e+33,1.2194838721751428e+48,9.5919056442243624e+08
4.7392826342074814,2.7958985610711203e+33,1.2201913163105336e+48,9.5946066050618124e+08
4.7444287912559719,2.7958992049415264e+33,1.2208895850804781e+48,9.5972168040422130e+08
4.7495746351754766,2.7958998487356449e+33,1.2215780150319072e+48,9.5997976900251532e+08
4.7547201811736626,2.7959004924572071e+33,1.2222561814379810e+48,9.6024180880343628e+08
4.7598654359259989,2.7959011361078589e+33,1.2229236608793778e+48,9.6050426269401169e+08
4.7650104071728832,2.7959017796894985e+33,1.2235827359601000e+48,9.6076252852851558e+08
4.7701551028483848,2.7959024232040825e+33,1.2242326075709681e+48,9.6101630324418461e+08
4.7752995236810003,2.7959030666517890e+33,1.2248733653297791e+48,9.6126697189166570e+08
4.7804436760762767,2.7959037100341940e+33,1.2255026574467921e+48,9.6151116339056778e+08
4.7855875589695103,2.7959043533510381e+33,1.2261224235169071e+48,9.6175369441278684e+08
4.7907311724255051,2.7959049966023421e+33,1.2267323563542845e+48,9.6199313356621683e+08
4.7958745164060339,2.7959056397880974e+33,1.2273328630270953e+48,9.6223012716488147e+08
4.8010175912823785,2.7959062829084018e+33,1.2279260464087070e+48,9.6246045097067761e+08
4.8061604059023839,2.7959069259654259e+33,1.2285109208580171e+48,9.6268021944239986e+08
4.8113029375253813,2.7959075689535951e+33,1.2290871788395654e+48,9.6290493558291185e+08
4.8164451811516447,2.7959082118716898e+33,1.2296553198598362e+48,9.6312435742092288e+08
4.8215871519828264,2.7959088547234402e+33,1.2302149899640989e+48,9.6334587070727801e+08
4.8267288650978353,2.7959094975125438e+33,1.2307665822591411e+48,9.6356019792633319e+08
4.8318703040417139,2.7959101402349727e+33,1.2313099921341490e+48,9.6377017234403372e+08
4.8370114876091694,2.7959107828953375e+33,1.2318469690680496e+48,9.6397682655079222e+08
4.8421524334671737,2.7959114254979699e+33,1.2323769449778222e+48,9.6417913902648628e+08
4.8472931534757295,2.7959120680457836e+33,1.2328993578938479e+48,9.6437676153733253e+08
4.8524336547372933,2.7959127105405204e+33,1.2334152998896470e+48,9.6457354025758302e+08
4.8575739236083288,2.7959133529788372e+33,1.2339246045226666e+48,9.6476872405767953e+08
4.8627139485572455,2.7959139953579105e+33,1.2344282854155006e+48,9.6495723611877000e+08
4.8678537328613638,2.7959146376785474e+33,1.2349270957297107e+48,9.6513847092162323e+08
4.8729932669374083,2.7959152799383966e+33,1.2354195541061935e+48,9.6532152338536549e+08
4.8781325668763733,2.7959159221414102e+33,1.2359067445170763e+48,9.6550003253425741e+08
4.8832716710128174,2.7959165642969845e+33,1.2363876474400822e+48,9.6567097723134732e+08
4.8884105826265625,2.7959172064059231e+33,1.2368638271273057e+48,9.6583880125744307e+08
4.8935492962854381,2.7959178484668974e+33,1.2373358853411386e+48,9.6600616510535312e+08
4.8986878237294098,2.7959184904827866e+33,1.2378023362104087e+48,9.6616996697718465e+08
4.9038261570802595,2.7959191324516614e+33,1.2382628608601551e+48,9.6632598219344962e+08
4.9089643133830725,2.7959197743776989e+33,1.2387190312302420e+48,9.6647495184401202e+08
4.9141022974625885,2.7959204162620841e+33,1.2391688450949079e+48,9.6661970914978707e+08
4.9192401254565405,2.7959210581087712e+33,1.2396154815846378e+48,9.6675515481876099e+08
