0.0000000000000000e+00,4.0355937448473391e+33,0.0000000000000000e+00,1.0000000073000000e+09
0.0001012787996555,4.0355937451989110e+33,1.7765410805598250e+44,9.9878696661504126e+08
0.0002126854792766,4.0355937460145136e+33,7.8056836239454683e+44,9.9745595948777699e+08
0.0003352328268597,4.0355937471854074e+33,1.9315076241468995e+45,9.9599596234977639e+08
0.0004700349092012,4.0355937486554849e+33,3.7808081598444415e+45,9.9439501722130668e+08
0.0006183171997768,4.0355937504068765e+33,6.5118822389612046e+45,9.9264018908930063e+08
0.0007814277194100,4.0355937524489599e+33,1.0347758534278529e+46,9.9071752025937068e+08
0.0009608492910065,4.0355937548108706e+33,1.5558789402263579e+46,9.8861199154593432e+08
0.0011582130197627,4.0355937575371005e+33,2.2471756849172971e+46,9.8630749438139284e+08
0.0013753131213944,4.0355937606856236e+33,3.1480581425593953e+46,9.8378681783902419e+08
0.0016141232331894,4.0355937643277857e+33,4.3058585896580093e+46,9.8103168659266329e+08
0.0018768143561638,4.0355937685495940e+33,5.7770328131717846e+46,9.7802291680203378e+08
0.0021657745914357,4.0355937734538915e+33,7.6291479345368743e+46,9.7474054820360219e+08
0.0024836308502348,4.0355937791634729e+33,9.9426545371130369e+46,9.7116395327934945e+08
0.0028332727349137,4.0355937858249473e+33,1.2813322144807235e+47,9.6727208002985787e+08
0.0032178788080606,4.0355937936134907e+33,1.6354792023273470e+47,9.6304379570440257e+08
0.0036409454885222,4.0355938027385981e+33,2.0701689396824857e+47,9.5850248190144205e+08
0.0041063188370299,4.0355938134510409e+33,2.6013397161536005e+47,9.5366690428245378e+08
0.0046182295203884,4.0355938260512739e+33,3.2477868698887387e+47,9.4853852254648566e+08
0.0051813312720828,4.0355938408995470e+33,4.0316435017040194e+47,9.4312286557303870e+08
0.0058007431989465,4.0355938584281413e+33,4.9788901452849409e+47,9.3743151480043638e+08
0.0064820963184967,4.0355938791561579e+33,6.1199870651917014e+47,9.3148350315768242e+08
0.0072315847500019,4.0355939037073014e+33,7.4906074418783218e+47,9.2528984408050501e+08
0.0080560220246576,4.0355939328314619e+33,9.1326024483791599e+47,9.1888104258718491e+08
0.0089629030267788,4.0355939674307095e+33,1.1094802298260161e+48,9.1231137135091329e+08
0.0099604721291122,4.0355940085907059e+33,1.3433826809311105e+48,9.0567149843260312e+08
0.0110577981416789,4.0355940576187015e+33,1.6214431460698956e+48,8.9905011344597435e+08
0.0122648567555023,4.0355941160894182e+33,1.9507361850927280e+48,8.9246366316326666e+08
0.0135926212307081,4.0355941859005297e+33,2.3390625312178839e+48,8.8555440796069562e+08
0.0150531621534344,4.0355942693396646e+33,2.7951410560739229e+48,8.7835033342676985e+08
0.0166597571684333,4.0355943691655102e+33,3.3283990053827281e+48,8.7088331359560347e+08
0.0184270116849322,4.0355944887057251e+33,3.9490080299714656e+48,8.6319781949088538e+08
0.0203709916530809,4.0355946319754499e+33,4.6678394710822398e+48,8.5535445375072527e+08
0.0225093696180445,4.0355948038205400e+33,5.4961218394867344e+48,8.4743122567146134e+08
0.0248615853795044,4.0355950100907305e+33,6.4448133767798187e+48,8.3953844703458214e+08
0.0274490227171104,4.0355952578491358e+33,7.5240371678528760e+48,8.3236150969334328e+08
0.0302952037884769,4.0355955556255510e+33,8.7410656315292671e+48,8.2965388480855644e+08
0.0334260029669801,4.0355959137227841e+33,1.0098030582656891e+49,8.3115584301840675e+08
0.0368698820633336,4.0355963445872345e+33,1.1590618232602400e+49,8.3651482160957956e+08
0.0406581490693225,4.0355968632570331e+33,1.3207770219616474e+49,8.4535285282529020e+08
0.0448252427759102,4.0355974879041864e+33,1.4931927176179043e+49,8.5720290966814852e+08
0.0494090458531568,4.0355982404903560e+33,1.6739826651404340e+49,8.7147911236783361e+08
0.0544512292381280,4.0355991475600929e+33,1.8600623563454638e+49,8.8751878170207179e+08
0.0599976309615963,4.0356002412005568e+33,2.0475792671813375e+49,9.0459854414756191e+08
0.0660986728574114,4.0356015602024604e+33,2.2322376947218517e+49,9.2167664696390665e+08
0.0728098189428081,4.0356031514646726e+33,2.4091504538460894e+49,9.3909970990416813e+08
0.0801920796367444,4.0356050716936048e+33,2.5729643187720638e+49,9.5686428612123764e+08
0.0883125664000743,4.0356073894593633e+33,2.7182656282919142e+49,9.7630832061250079e+08
0.0969019716350990,4.0356099791661086e+33,2.8378168653094110e+49,9.9423293388092339e+08
0.1054925445205215,4.0356125696094065e+33,2.9292416883508399e+49,1.0074719129320810e+09
0.1140687041907618,4.0356151515035014e+33,2.9958226990075492e+49,1.0207088668483999e+09
0.1226814761545548,4.0356177552630283e+33,3.0398155235793792e+49,1.0344552873437643e+09
0.1312622749009266,4.0356203399859326e+33,3.0653720101598099e+49,1.0458646629931821e+09
0.1399006900329552,4.0356229591589206e+33,3.0763115284307558e+49,1.0552249914027869e+09
0.1484957006647036,4.0356255524169368e+33,3.0757065576346022e+49,1.0602333183446300e+09
0.1571389171282749,4.0356281745352087e+33,3.0663570034221798e+49,1.0640392139679744e+09
0.1657623512700834,4.0356307848375172e+33,3.0502314503449088e+49,1.0665192920917770e+09
0.1744186078288353,4.0356334148477726e+33,3.0284486370191896e+49,1.0666990647764820e+09
0.1830792958258780,4.0356360475533457e+33,3.0035395356786538e+49,1.0668721203025239e+09
0.1917508386622482,4.0356386868182547e+33,2.9763861041073800e+49,1.0669096570030844e+09
0.2004627703728734,4.0356413504718058e+33,2.9474444549825182e+49,1.0654336519848547e+09
0.2091577467365062,4.0356440039201921e+33,2.9185375513594427e+49,1.0648565371403439e+09
0.2179410209635415,4.0356467109359085e+33,2.8889914723488234e+49,1.0659409997528217e+09
0.2266577406165431,4.0356493775838147e+33,2.8605418110787594e+49,1.0653707152459679e+09
0.2354692661767220,4.0356521019080084e+33,2.8316185291947669e+49,1.0650270361679661e+09
0.2442321406232627,4.0356547966079866e+33,2.8040408764123935e+49,1.0626982907873551e+09
0.2530564562167646,4.0356575288229665e+33,2.7774151534508263e+49,1.0608871142993752e+09
0.2618841135381821,4.0356602631179563e+33,2.7523971716406857e+49,1.0581388020303468e+09
0.2707177932300894,4.0356630011353733e+33,2.7292200142542808e+49,1.0550362695516379e+09
0.2796620599676219,4.0356658073770409e+33,2.7060324039012783e+49,1.0523616456772561e+09
0.2885352162659041,4.0356685697088698e+33,2.6843861325317342e+49,1.0483686504621378e+09
0.2975134529603152,4.0356713971348076e+33,2.6637476173261832e+49,1.0446751785476006e+09
0.3064515248324039,4.0356741996383348e+33,2.6455631665338057e+49,1.0398388844168344e+09
0.3154497949964790,4.0356770396238974e+33,2.6281093189549982e+49,1.0354147415933766e+09
0.3245131373827899,4.0356799204056792e+33,2.6096287815537101e+49,1.0308238924631566e+09
0.3335457786583741,4.0356827819562789e+33,2.5924179142878142e+49,1.0254741184789537e+09
0.3426745577449787,4.0356857040919364e+33,2.5767675374096464e+49,1.0207086645779610e+09
0.3517889947010000,4.0356886171915629e+33,2.5631005553218771e+49,1.0159336651579887e+09
0.3609654753070844,4.0356915696803531e+33,2.5489368436926563e+49,1.0115940433570942e+09
0.3701253261311653,4.0356945116325096e+33,2.5347062726181752e+49,1.0066469343649225e+09
0.3792604228908987,4.0356974379155670e+33,2.5227181244086504e+49,1.0009550342349881e+09
0.3883885498247225,4.0357003598194653e+33,2.5131186202297285e+49,9.9434744849617529e+08
0.3975205794458693,4.0357032842300738e+33,2.5044664649003317e+49,9.8751200679170513e+08
0.4066774901420725,4.0357062244571346e+33,2.4946642159061434e+49,9.8083664776598012e+08
0.4158559938068939,4.0357091784503053e+33,2.4857570316749879e+49,9.7424354665563476e+08
0.4250370599939999,4.0357121341111901e+33,2.4794804506438113e+49,9.6746387668634021e+08
0.4342247675038002,4.0357150940385786e+33,2.4761400418618912e+49,9.6109153841773498e+08
0.4434233504705680,4.0357180609363778e+33,2.4739017936904809e+49,9.5528074525772643e+08
0.4526314237183525,4.0357210339282127e+33,2.4707832479990472e+49,9.4936785947552860e+08
0.4618562891645170,4.0357240176904663e+33,2.4701365753504145e+49,9.4352208730595207e+08
0.4711000747810639,4.0357270136070501e+33,2.4730366417252509e+49,9.3719523719030845e+08
0.4803492133823914,4.0357300129932468e+33,2.4787427891992233e+49,9.3042562070463240e+08
0.4896017938585189,4.0357330146243039e+33,2.4843973536821198e+49,9.2340961849353051e+08
0.4988587602237660,4.0357360191070842e+33,2.4874934624960732e+49,9.1609419760640860e+08
0.5081240975799634,4.0357390290033704e+33,2.4901078258564876e+49,9.0894190762387943e+08
0.5173952817994278,4.0357420426948085e+33,2.4926637127013693e+49,9.0154931706362009e+08
0.5266758055526314,4.0357450624315715e+33,2.4944181623889025e+49,8.9403508064182973e+08
0.5359656239314264,4.0357480881909099e+33,2.4938873893080752e+49,8.8620914129048312e+08
0.5452311713545290,4.0357510983682824e+33,2.4897178180113295e+49,8.7833006294061244e+08
0.5544800795101822,4.0357540978970465e+33,2.4832571215280117e+49,8.7053185078582823e+08
0.5637128553590394,4.0357570871204973e+33,2.4753592411474855e+49,8.6243853005251360e+08
0.5729267354358317,4.0357600642894885e+33,2.4659623924252911e+49,8.5423001965282333e+08
0.5821143973709667,4.0357630247590729e+33,2.4556450124003863e+49,8.4568612579999423e+08
0.5912693698982208,4.0357659644640609e+33,2.4437112705562718e+49,8.3655241882642817e+08
0.6003909410870208,4.0357688830263015e+33,2.4304232065879111e+49,8.2678051335127401e+08
0.6094768969067754,4.0357717791255759e+33,2.4170543993034784e+49,8.1628569819409347e+08
0.6185254780605043,4.0357746517433245e+33,2.4035644846995440e+49,8.0497389928670633e+08
0.6275388942836345,4.0357775023564259e+33,2.3906110977350709e+49,7.9295515686081433e+08
0.6365002181782891,4.0357803205122719e+33,2.3781154219293879e+49,7.8041532328968990e+08
0.6453813238981423,4.0357830890321735e+33,2.3669438549715542e+49,7.6746660717599940e+08
0.6541864623676465,4.0357858109530960e+33,2.3574496392965060e+49,7.5418775044337976e+08
0.6629215950451736,4.0357884902831866e+33,2.3498941126061908e+49,7.4009463321002614e+08
0.6715895097801265,4.0357911290346945e+33,2.3441164378719796e+49,7.2558699705651665e+08
0.6801858747261692,4.0357937249303391e+33,2.3407266799263871e+49,7.1063406185771108e+08
0.6887038551783373,4.0357962742762131e+33,2.3393193722553979e+49,6.9538327732125974e+08
0.6971416428733120,4.0357987764347278e+33,2.3402401968581268e+49,6.7999132059444392e+08
0.7055020134392640,4.0358012334629562e+33,2.3439926520571238e+49,6.6492054796825945e+08
0.7137898059153377,4.0358036485715468e+33,2.3503772565117746e+49,6.5060075056065130e+08
0.7220102944622571,4.0358060251976668e+33,2.3588526624798693e+49,6.3708964276312459e+08
0.7301671255189147,4.0358083659633664e+33,2.3691849496140430e+49,6.2531432222241974e+08
0.7382645946016178,4.0358106741628290e+33,2.3815004329173988e+49,6.1458596770389998e+08
0.7463067209565302,4.0358129475307073e+33,2.3962875938075266e+49,6.0421385345832109e+08
0.7542946970144296,4.0358151459608224e+33,2.4139615298335034e+49,5.9243915669702876e+08
0.7622341529483135,4.0358158617616392e+33,2.4332816420480506e+49,5.8066243794262385e+08
0.7701298280583531,4.0358108954209323e+33,2.4540473403794618e+49,5.6917959113985419e+08
0.7779845263351328,4.0357960456546285e+33,2.4757630591466321e+49,5.5782882171233582e+08
0.7858057341234356,4.0357674963506969e+33,2.4981831524721815e+49,5.4618094907792616e+08
0.7935991059357550,4.0357228929298477e+33,2.5214807907552925e+49,5.3460902631348491e+08
0.8013680974324120,4.0356596224848038e+33,2.5455869561492811e+49,5.2494675547601420e+08
0.8091184909273572,4.0355728685872495e+33,2.5708974570540653e+49,5.1773489009294116e+08
0.8168486144844014,4.0354594063573081e+33,2.5964578228169007e+49,5.1085767213851327e+08
0.8245627707672120,4.0353158969459964e+33,2.6211511321475005e+49,5.0405158398383301e+08
0.8322661948412647,4.0351413582647126e+33,2.6446286855906089e+49,4.9699182897744805e+08
0.8399644443609418,4.0349349181213766e+33,2.6675482418887245e+49,4.8994402242856532e+08
0.8476605427987177,4.0346967704468873e+33,2.6907512538634015e+49,4.8309883246128017e+08
0.8553585664594490,4.0344272336381277e+33,2.7143475123356301e+49,4.7933991667834330e+08
0.8630634807608288,4.0341277251599990e+33,2.7380977866324972e+49,4.7679070505188930e+08
0.8707756069744562,4.0338004365051422e+33,2.7613538681251429e+49,4.7490157056313396e+08
0.8784942199038562,4.0334462919125724e+33,2.7845370336555396e+49,4.7325383499843436e+08
0.8862179409311263,4.0330670234627035e+33,2.8072057452686500e+49,4.7123593749189830e+08
0.8939487436740523,4.0326651255887842e+33,2.8294449161562195e+49,4.6842638555222726e+08
0.9016938397007791,4.0322411087349690e+33,2.8508174211014070e+49,4.6498373818539196e+08
0.9094661564022001,4.0317960551847942e+33,2.8717617412957685e+49,4.6128660860172170e+08
0.9172985476215191,4.0313300871009416e+33,2.8920506187358601e+49,4.5715980709957564e+08
0.9252033422559051,4.0308436580316695e+33,2.9114747026309518e+49,4.5091381613024235e+08
0.9331777110713524,4.0303381098427997e+33,2.9293659622167111e+49,4.4616974776178348e+08
0.9412445862508613,4.0298140554001387e+33,2.9458238776844031e+49,4.4085572535206497e+08
0.9493326036151459,4.0292770387087605e+33,2.9608334379457933e+49,4.3463453727572280e+08
0.9574530210801725,4.0287282587209617e+33,2.9742110515935469e+49,4.3166879830074000e+08
0.9656124871813038,4.0281686660587644e+33,2.9869432565222364e+49,4.3064178315980268e+08
0.9738157664669197,4.0275996228822499e+33,2.9981808577504447e+49,4.3043419444278729e+08
0.9820746534512587,4.0270218876718120e+33,3.0071210648091688e+49,4.3059328550070983e+08
0.9904003616853759,4.0264362720098352e+33,3.0140617936417033e+49,4.3063451924931657e+08
0.9987739134012988,4.0258457513296010e+33,3.0193647624540489e+49,4.3067747536251402e+08
1.0071814369735452,4.0252528345926693e+33,3.0228612826497430e+49,4.3248899076144809e+08
1.0156237916537429,4.0246581115916019e+33,3.0255926693427329e+49,4.3500219225290406e+08
1.0241160103438973,4.0240621093111555e+33,3.0271454832691374e+49,4.3806936728766543e+08
1.0326758462938788,4.0234646280396576e+33,3.0276559274077760e+49,4.4123697007664233e+08
1.0413088363179914,4.0228669734811279e+33,3.0274820127830036e+49,4.4433481223458076e+08
1.0499598091532483,4.0222740464395786e+33,3.0265121618134673e+49,4.4732800861772877e+08
1.0586442584318938,4.0216854538837062e+33,3.0247223238654298e+49,4.4993121065150601e+08
1.0673852788988918,4.0211006190096945e+33,3.0224591827460467e+49,4.5141668604060513e+08
1.0762130769925893,4.0205188758632027e+33,3.0204980465183794e+49,4.5226803606128550e+08
1.0850851350302173,4.0199436140051212e+33,3.0192817574592650e+49,4.5261848710357511e+08
1.0939644274147671,4.0193783558108711e+33,3.0190024929252723e+49,4.5236297214261347e+08
1.1028740894675710,4.0188228926750088e+33,3.0204032984195751e+49,4.5186657002214128e+08
1.1118264629200563,4.0182766179983140e+33,3.0235637767217787e+49,4.5205903050491786e+08
1.1208267192432575,4.0177397967710775e+33,3.0285066752792165e+49,4.5230841618165475e+08
1.1298799131997892,4.0172132227239858e+33,3.0353056135679678e+49,4.5497624538168097e+08
1.1389066883215024,4.0167023046408908e+33,3.0440988717242810e+49,4.5797068668447924e+08
1.1478868597711824,4.0162081698650336e+33,3.0553209692591405e+49,4.6051362238023216e+08
1.1568219150506158,4.0157310952693699e+33,3.0695320027717774e+49,4.6254848770103920e+08
1.1657140320210606,4.0152712950377861e+33,3.0869843665243906e+49,4.6357920353842294e+08
1.1745664487951004,4.0148284033524670e+33,3.1075263571681081e+49,4.6407263122771877e+08
1.1833796043126847,4.0144024221266172e+33,3.1308521002525779e+49,4.6442409841654813e+08
1.1921542808890930,4.0139933932350260e+33,3.1568549118441125e+49,4.6473076135261613e+08
1.2008912566470116,4.0136014175018348e+33,3.1853912749013893e+49,4.6467131901556706e+08
1.2095934341655052,4.0132263139193001e+33,3.2162085503294126e+49,4.6823553918381953e+08
1.2182631935831156,4.0128679623109903e+33,3.2494990555014110e+49,4.7238501811596042e+08
1.2269027698684569,4.0125263579858956e+33,3.2853475917293935e+49,4.7667628893322873e+08
1.2355129636938817,4.0122014268851554e+33,3.3236881047675610e+49,4.8043992860140240e+08
1.2440945827643675,4.0118932143041370e+33,3.3641761786001809e+49,4.8402170103564626e+08
1.2526484361768484,4.0116016082754683e+33,3.4066755976525510e+49,4.8763785444342142e+08
1.2611760795917508,4.0113261859447403e+33,3.4513648619591107e+49,4.9128503530197752e+08
1.2696795572504067,4.0110668719647501e+33,3.4981884823076488e+49,4.9500988256563175e+08
1.2781602242931607,4.0108237149367653e+33,3.5467079792390753e+49,4.9882184803184903e+08
1.2866193005031892,4.0105965156732296e+33,3.5965240925920164e+49,5.0294546162334341e+08
1.2950569506482998,4.0103852498833736e+33,3.6474766841224175e+49,5.0775889406966352e+08
1.3034732509967066,4.0101899461692452e+33,3.6994509011875294e+49,5.1340900368890351e+08
1.3118692491587485,4.0100103527652610e+33,3.7522063411405935e+49,5.1967268444694448e+08
1.3202449381369807,4.0098463803824789e+33,3.8053691471522028e+49,5.2631118241424006e+08
1.3286003433350848,4.0096979827249830e+33,3.8585293086334308e+49,5.3324110077903771e+08
1.3369358915459959,4.0095650241495968e+33,3.9115785347424686e+49,5.4035430712931538e+08
1.3452462093303845,4.0094473661287493e+33,3.9644380814869325e+49,5.4773464789174986e+08
1.3535030289132186,4.0093453015418374e+33,4.0169045202347534e+49,5.5545356246648085e+08
1.3617073850404851,4.0092585017917371e+33,4.0691114973391141e+49,5.6348285526274347e+08
1.3698628598640998,4.0091866008793604e+33,4.1208223036276120e+49,5.7120309665444505e+08
1.3779753886335300,4.0091293057191787e+33,4.1718200155938692e+49,5.7855516844430423e+08
1.3860491293572186,4.0090863785690322e+33,4.2220402514225614e+49,5.8546567508910656e+08
1.3940873928013071,4.0090576554813164e+33,4.2714352922974462e+49,5.9202565400056386e+08
1.4020933057004388,4.0090428800812870e+33,4.3201775683485045e+49,5.9825843644294679e+08
1.4100692389618696,4.0090418361230711e+33,4.3683038611532254e+49,6.0410890996363473e+08
1.4180169798022386,4.0090543837862857e+33,4.4156769350151116e+49,6.0956034904930353e+08
1.4259408275277579,4.0090804586995214e+33,4.4622529728676266e+49,6.1465595940806007e+08
1.4338432233831593,4.0091200092159560e+33,4.5079677928011364e+49,6.1956216030480742e+08
1.4417280145289411,4.0091729848172680e+33,4.5525303677361636e+49,6.2428885818168259e+08
1.4495973953120309,4.0092393964979603e+33,4.5960850903348160e+49,6.2860435822163260e+08
1.4574533769620599,4.0093192387869551e+33,4.6386212970401147e+49,6.3242333596159697e+08
1.4652977226286439,4.0094125266859223e+33,4.6801947103336905e+49,6.3571607606119704e+08
1.4731321334833656,4.0095193294942498e+33,4.7207935249400980e+49,6.3845561895699000e+08
1.4809580510846003,4.0096396632442208e+33,4.7604798070417849e+49,6.4072259350023687e+08
1.4887768693100225,4.0097735087059779e+33,4.7992952265126092e+49,6.4262085522409105e+08
1.4965900563844567,4.0099207551800802e+33,4.8371862882047002e+49,6.4389281637860250e+08
1.5043991105155832,4.0100812621623191e+33,4.8743302830876264e+49,6.4449856475625384e+08
1.5122053106571738,4.0102548414477896e+33,4.9105848547885257e+49,6.4493476022158897e+08
1.5200098453511295,4.0104412870558442e+33,4.9459927808324197e+49,6.4549381093242872e+08
1.5278131321397290,4.0106403800678007e+33,4.9804495007123662e+49,6.4625318623220992e+08
1.5356154731606000,4.0108519064096872e+33,5.0139516584135368e+49,6.4741885522450233e+08
1.5434170382151930,4.0110756510862556e+33,5.0464781011095359e+49,6.4889694820689535e+08
1.5512174854140273,4.0113114003241886e+33,5.0782150681068143e+49,6.5054872317612159e+08
1.5590159612315746,4.0115589250931546e+33,5.1094616411113473e+49,6.5240185620563185e+08
1.5668114477275059,4.0118180129743443e+33,5.1402122588853261e+49,6.5442933340491307e+08
1.5746029959439283,4.0120884716297435e+33,5.1705493808856102e+49,6.5659560780574822e+08
1.5823898505453824,4.0123701116812980e+33,5.2008211796978570e+49,6.5895377174377596e+08
1.5901714559427984,4.0126627374903655e+33,5.2310142445802202e+49,6.6156910122053838e+08
1.5979474926577475,4.0129661550807838e+33,5.2613305044430651e+49,6.6444540918413007e+08
1.6057184525258537,4.0132801885018587e+33,5.2919809983519708e+49,6.6754588777693164e+08
1.6134851628095599,4.0136046686494823e+33,5.3229969347587987e+49,6.7083634283740473e+08
1.6212485741414435,4.0139394204962975e+33,5.3543249950181850e+49,6.7423365664256430e+08
1.6290095851042121,4.0142842658405788e+33,5.3861473882110868e+49,6.7775307676173198e+08
1.6367689678631503,4.0146390233597791e+33,5.4184927300995437e+49,6.8133151865411818e+08
1.6445273324916174,4.0150034973046019e+33,5.4514663702133356e+49,6.8489647559966791e+08
1.6522851933705314,4.0153774700610383e+33,5.4851013597521926e+49,6.8841022712125850e+08
1.6600430730095559,4.0157607089010313e+33,5.5195965759022190e+49,6.9185500499689412e+08
1.6678015666903594,4.0161529838426169e+33,5.5551226063159966e+49,6.9524093982410741e+08
1.6755610916277350,4.0165541013564536e+33,5.5918155987718256e+49,6.9855440474689734e+08
1.6833222863671533,4.0169639417203414e+33,5.6297531451855622e+49,7.0189208694927645e+08
1.6910863518114154,4.0173824387269425e+33,5.6691413117025586e+49,7.0523801760649443e+08
1.6988537182590215,4.0178094318210753e+33,5.7101360577579361e+49,7.0853385810933638e+08
1.7066253370839912,4.0182447743199930e+33,5.7529041742451735e+49,7.1181954098420501e+08
1.7144023764331768,4.0186884382582127e+33,5.7975869144164106e+49,7.1513361683335209e+08
1.7221861089261210,4.0191404988487730e+33,5.8446024852757159e+49,7.1845844304132819e+08
1.7299774368840330,4.0196010168902310e+33,5.8940170465867066e+49,7.2172762216840076e+08
1.7377768351106566,4.0200700548558848e+33,5.9461766078917901e+49,7.2503307246787226e+08
1.7455855696634319,4.0205477066665259e+33,6.0012212072095173e+49,7.2853615652714825e+08
1.7534047829465984,4.0210338931031723e+33,6.0594524815863098e+49,7.3227006581748712e+08
1.7612353100860998,4.0215283994284106e+33,6.1210041493220948e+49,7.3597135490787375e+08
1.7690777182896815,4.0220311761960121e+33,6.1862012702829356e+49,7.3963589727902317e+08
1.7769320964104856,4.0225424953827756e+33,6.2553486703152660e+49,7.4331775334583676e+08
1.7847983388825792,4.0230626610374249e+33,6.3284733046385119e+49,7.4713156094763780e+08
1.7926762760779307,4.0235917849351644e+33,6.4055804760784973e+49,7.5110558550496423e+08
1.8005656639107437,4.0241297335574153e+33,6.4868553332290144e+49,7.5524133764951646e+08
1.8084663507556427,4.0246760692990166e+33,6.5725023446497291e+49,7.5973763498073375e+08
1.8163778753318003,4.0252305377989701e+33,6.6627708209624037e+49,7.6482986743077791e+08
1.8242994939452613,4.0257933591058174e+33,6.7576697792063593e+49,7.7048657911623144e+08
1.8322293046292120,4.0263648257515194e+33,6.8572748673520844e+49,7.7643258794562531e+08
1.8401655253739733,4.0269450413908831e+33,6.9618682994213143e+49,7.8251751474119258e+08
1.8481067987669393,4.0275339792798009e+33,7.0715023645449820e+49,7.8859197771082437e+08
1.8560516485350800,4.0281311040553619e+33,7.1864321675399341e+49,7.9471219547694612e+08
1.8639984291574672,4.0287360426130303e+33,7.3065789177667683e+49,8.0088848265436757e+08
1.8719460053657844,4.0293486591895701e+33,7.4319648058307404e+49,8.0753195646397996e+08
1.8798924893716602,4.0299686118348880e+33,7.5627556480515793e+49,8.1483620581058979e+08
1.8878364810002519,4.0305961516157871e+33,7.6989684760579055e+49,8.2277867938592947e+08
1.8957769124353299,4.0312315400262278e+33,7.8406161293735201e+49,8.3123202500080955e+08
1.9037134479504054,4.0318746753277984e+33,7.9876844807950887e+49,8.4003849167635190e+08
1.9116489170455297,4.0325252990800454e+33,8.1402654696807650e+49,8.4898569980182326e+08
1.9195868428399079,4.0331833949373838e+33,8.2985028823711908e+49,8.5798350886016011e+08
1.9275271363472382,4.0338492204227578e+33,8.4628546215384526e+49,8.6730914319470167e+08
1.9354655755771033,4.0345224002069517e+33,8.6333076882888102e+49,8.7704182760179198e+08
1.9433931876451214,4.0352020100040579e+33,8.8097287753197430e+49,8.8742137522917271e+08
1.9513038931119520,4.0358873476588611e+33,8.9926438187599922e+49,8.9808295278474152e+08
1.9591950834823917,4.0365781366603596e+33,9.1818869837905964e+49,9.0913526332629848e+08
1.9670658392415037,4.0372740634900188e+33,9.3777264164137261e+49,9.2080941391680849e+08
1.9749193176038822,4.0379749545355449e+33,9.5802907709377740e+49,9.3329524515747094e+08
1.9827572644535356,4.0386809242143079e+33,9.7896668230442478e+49,9.4662697520885670e+08
1.9905801844563005,4.0393920950228094e+33,1.0005944833766182e+50,9.6029259360481381e+08
1.9983871261291724,4.0401080799174144e+33,1.0229098866202775e+50,9.7418199057341838e+08
2.0061759890618420,4.0408288074166465e+33,1.0459425392452634e+50,9.8835325680846238e+08
2.0139440709780465,4.0415536356330600e+33,1.0697064583806322e+50,1.0028845412110937e+09
2.0216883888346389,4.0422815685715412e+33,1.0942321508507907e+50,1.0179246483202597e+09
2.0294066670797761,4.0430117377066368e+33,1.1195273979590899e+50,1.0339831153089176e+09
2.0370972361791804,4.0437437289460924e+33,1.1455722639905908e+50,1.0517088436667711e+09
2.0447595212046030,4.0444776687924982e+33,1.1723693046053740e+50,1.0710557621250160e+09
2.0523929030524219,4.0452131395134957e+33,1.1999358576463295e+50,1.0915572552551200e+09
2.0599969975799297,4.0459499444636324e+33,1.2282981247918250e+50,1.1133064719745622e+09
2.0675711542347859,4.0466876375783471e+33,1.2574807297589967e+50,1.1363147396095939e+09
2.0751147632594904,4.0474263703780646e+33,1.2875090024017939e+50,1.1608542873124685e+09
2.0826271816624544,4.0481658779159582e+33,1.3184021299931013e+50,1.1871631163080223e+09
2.0901075037891190,4.0489057705488335e+33,1.3501842214652316e+50,1.2150152522255411e+09
2.0975548982191041,4.0496451392694907e+33,1.3828926311518243e+50,1.2446822105776961e+09
2.1049684960381216,4.0503838776504874e+33,1.4165341387219686e+50,1.2762844852899613e+09
2.1123465664002232,4.0511226019628648e+33,1.4510950570225048e+50,1.3097944288004060e+09
2.1196879861623921,4.0518610944613252e+33,1.4865948223938482e+50,1.3451953316697752e+09
2.1269919991074682,4.0525987608927693e+33,1.5230989469038663e+50,1.3825095118507137e+09
2.1342539420784190,4.0533349366698924e+33,1.5606153829588967e+50,1.4216583638199160e+09
2.1414664213020185,4.0540685685561643e+33,1.5991292114560355e+50,1.4619559006963582e+09
2.1486298419407901,4.0547994001099998e+33,1.6386693485918583e+50,1.5036659490556140e+09
2.1557449309105077,4.0555275553295466e+33,1.6792577352723866e+50,1.5476547401042669e+09
2.1628125243476641,4.0562529612710091e+33,1.7208500143961683e+50,1.5941394429930620e+09
2.1698328024489535,4.0569754775948204e+33,1.7635262492432762e+50,1.6430978030015969e+09
2.1768058553951457,4.0576947619351799e+33,1.8073760718324627e+50,1.6951915482153907e+09
2.1837315807338102,4.0584109868293743e+33,1.8524554091672037e+50,1.7501748931381102e+09
2.1906096042900849,4.0591238659735489e+33,1.8987870771071677e+50,1.8073457639608836e+09
2.1974396045896065,4.0598333262992501e+33,1.9464243422116066e+50,1.8654883699880247e+09
2.2042210651028240,4.0605391976527789e+33,1.9954299960705231e+50,1.9261036639604516e+09
2.2109546013567689,4.0612412134197514e+33,2.0458448568879581e+50,1.9916631305804541e+09
2.2176431519081503,4.0619397972279521e+33,2.0978322307410784e+50,2.0639591199569378e+09
2.2242888172403243,4.0626353116337894e+33,2.1514459912775858e+50,2.1421478194188998e+09
2.2308929786228386,4.0633280943379119e+33,2.2067725815998737e+50,2.2258136087617683e+09
2.2374567818466962,4.0640178389011093e+33,2.2639212805743741e+50,2.3147512223463926e+09
2.2439809940462672,4.0647049804631158e+33,2.3229580513232052e+50,2.4089643093349533e+09
2.2504670058992429,4.0653892828902295e+33,2.3841027185567761e+50,2.5084682186225872e+09
2.2569165658529506,4.0660714534256986e+33,2.4475859559365570e+50,2.6104683751586771e+09
2.2633307086001926,4.0667488159689578e+33,2.5172111544936943e+50,2.7244028390403581e+09
2.2696984879821187,4.0674224051492841e+33,2.5894231113332372e+50,2.8349040955457644e+09
2.2760186642277951,4.0680914516824564e+33,2.6638052344079016e+50,2.9538008389390130e+09
2.2822907890644313,4.0687555227661128e+33,2.7405679559799956e+50,3.0846494493759503e+09
2.2885153996476331,4.0694146135825256e+33,2.8201986812284522e+50,3.2272202030573387e+09
2.2946930063147013,4.0700686701956910e+33,2.9030761522263574e+50,3.3808006187164192e+09
2.3008237398206641,4.0707174690381476e+33,2.9894656595417660e+50,3.5456750942534666e+09
2.3069080268213886,4.0713607899093911e+33,3.0811497574134646e+50,3.7240365237354674e+09
2.3129460677344591,4.0719997492065580e+33,3.1771295319749038e+50,3.9138110946969552e+09
2.3189382673376668,4.0726349184700290e+33,3.2776103115848578e+50,4.1189816184103079e+09
2.3248840932138699,4.0732663835847558e+33,3.3846886230173544e+50,4.3393173829795084e+09
2.3307823803697834,4.0738939728377714e+33,3.4968161794879178e+50,4.5770769458693523e+09
2.3366315372915212,4.0745174715583603e+33,3.6145038479848848e+50,4.8347060698831310e+09
2.3424290722778136,4.0751365960062878e+33,3.7382926784961303e+50,5.1128591623162012e+09
2.3481720898959955,4.0757504541161744e+33,3.8687395372295659e+50,5.4127779218937798e+09
2.3538590850725889,4.0763587385407221e+33,4.0064712029204736e+50,5.7361273711560106e+09
2.3594885783634041,4.0769612516237410e+33,4.1521824596407495e+50,6.0840697462923326e+09
2.3650586322574121,4.0775574431981668e+33,4.3066993557764959e+50,6.4579409346811361e+09
2.3705668542652356,4.0781464130964860e+33,4.4708794473931880e+50,6.8597831810143080e+09
2.3760113475811062,4.0787278626636765e+33,4.6457319042563910e+50,7.2917731497748308e+09
2.3813906588961267,4.0793023138110439e+33,4.8323688977572982e+50,7.7571370760584335e+09
2.3867036755253346,4.0798698384472973e+33,5.0321422552903532e+50,8.2598038259473524e+09
2.3914675684604236,4.0803788788416234e+33,5.2274634836690452e+50,8.7494116296875401e+09
2.3966544284600722,4.0809336614512460e+33,5.4589490801268879e+50,9.3319066831706390e+09
2.4017776028195219,4.0814818777136163e+33,5.7167662117686328e+50,9.9483603902301884e+09
2.4068397456121930,4.0820245404416254e+33,5.9830992635584106e+50,1.0641962499593176e+10
