quando,step,t_sim,dt_medio,taxa_s_por_h,horas_restantes,eta,folga_h,estado_fila
2026-09-23 09:50:15,6654,24.4959,8.870218e-04,0.2701,131.5,2026-09-28 21:17,85,RUNNING
2026-09-23 10:00:05,6715,24.5505,8.930435e-04,0.2961,119.7,2026-09-28 09:43,96,RUNNING
2026-09-23 10:30:06,6893,24.7708,1.195716e-03,0.4399,80.1,2026-09-26 18:35,135,RUNNING
2026-09-23 11:00:05,7065,24.9666,1.195420e-03,0.4309,81.3,2026-09-26 20:18,134,RUNNING
2026-09-23 11:30:05,7249,25.1337,9.117744e-04,0.3462,100.7,2026-09-27 16:13,114,RUNNING
2026-09-23 12:00:05,7432,25.2502,6.460348e-04,0.2453,141.7,2026-09-29 09:40,72,RUNNING
2026-09-23 12:30:05,7612,25.3436,5.226016e-04,0.1984,174.7,2026-09-30 19:11,39,RUNNING
2026-09-23 13:00:05,7796,25.4302,4.719841e-04,0.1792,193.0,2026-10-01 13:57,20,RUNNING
2026-09-23 13:30:04,7979,25.5086,4.302105e-04,0.1650,209.1,2026-10-02 06:34,3,RUNNING
2026-09-23 14:00:03,8155,25.5818,4.160428e-04,0.1548,222.3,2026-10-02 20:19,-10,RUNNING
2026-09-23 14:30:11,8327,25.6481,3.896119e-04,0.1388,247.5,2026-10-03 21:59,-36,RUNNING
2026-09-23 15:00:03,8489,25.7072,3.637754e-04,0.1217,281.8,2026-10-05 08:50,-71,RUNNING
2026-09-23 15:30:03,8662,25.7796,4.144445e-04,0.1537,222.6,2026-10-02 22:04,-12,RUNNING
2026-09-23 17:00:05,9138,25.9691,3.635902e-04,0.1143,297.7,2026-10-06 02:42,-89,RUNNING
2026-09-23 17:30:05,9318,26.0375,3.783644e-04,0.1411,240.7,2026-10-03 18:15,-32,RUNNING
2026-09-23 18:00:06,9445,26.0892,4.006169e-04,0.1359,249.5,2026-10-04 03:30,,AUSENTE
2026-09-23 18:30:09,9445,26.0892,4.006169e-04,0.1359,249.5,2026-10-04 04:00,,AUSENTE
2026-09-23 19:30:04,9445,26.0892,4.006169e-04,0.1359,249.5,2026-10-04 05:00,,AUSENTE
2026-09-23 20:00:03,9445,26.0892,4.006169e-04,0.1359,249.5,2026-10-04 05:30,,AUSENTE
2026-09-23 20:30:03,9445,26.0892,4.006169e-04,0.1359,249.5,2026-10-04 06:00,,AUSENTE
2026-09-23 21:00:04,9445,26.0892,4.006169e-04,0.1359,249.5,2026-10-04 06:30,,AUSENTE
2026-09-23 21:30:13,9445,26.0892,4.006169e-04,0.1359,249.5,2026-10-04 07:00,,AUSENTE
2026-09-23 22:00:07,9445,26.0892,4.006169e-04,0.1359,249.5,2026-10-04 07:30,,AUSENTE
2026-09-23 22:30:17,9445,26.0892,4.006169e-04,0.1359,249.5,2026-10-04 08:01,,AUSENTE
2026-09-24 08:30:50,9445,26.0892,4.006169e-04,0.1359,249.5,2026-10-04 18:01,,AUSENTE
2026-09-24 09:00:05,9445,26.0892,4.006169e-04,0.1359,249.5,2026-10-04 18:30,,AUSENTE
2026-09-24 09:30:06,9445,26.0892,4.006169e-04,0.1359,249.5,2026-10-04 19:00,,AUSENTE
2026-09-24 10:00:03,9445,26.0892,4.006169e-04,0.1359,249.5,2026-10-04 19:30,,AUSENTE
2026-09-24 10:30:05,9445,26.0892,4.006169e-04,0.1359,249.5,2026-10-04 20:00,,AUSENTE
2026-09-24 11:00:05,9445,26.0892,4.006169e-04,0.1359,249.5,2026-10-04 20:30,,AUSENTE
2026-09-24 11:30:05,9445,26.0892,4.006169e-04,0.1359,249.5,2026-10-04 21:00,,AUSENTE
2026-09-24 12:00:06,9445,26.0892,4.006169e-04,0.1359,249.5,2026-10-04 21:30,,AUSENTE
2026-09-24 12:30:05,9445,26.0892,4.006169e-04,0.1359,249.5,2026-10-04 22:00,,AUSENTE
2026-09-24 15:08:45,5866,21.3848,2.440146e-03,0.9287,41.6,2026-09-26 08:43,181,RUNNING
2026-09-24 15:30:04,5999,21.7037,2.469747e-03,0.9305,41.2,2026-09-26 08:39,181,RUNNING
2026-09-24 16:00:05,6149,22.0687,2.433555e-03,0.7796,48.7,2026-09-26 16:39,173,RUNNING
2026-09-24 16:30:05,6197,22.1281,2.150009e-03,0.4321,87.6,2026-09-28 08:08,133,RUNNING
2026-09-24 17:00:05,6253,22.1891,1.691295e-03,0.2570,147.1,2026-09-30 20:06,73,RUNNING
2026-09-24 17:30:04,6309,22.2492,1.237322e-03,0.1497,252.2,2026-10-05 05:42,-32,RUNNING
2026-09-24 18:00:04,6373,22.3336,1.187769e-03,0.1393,270.4,2026-10-06 00:26,-51,RUNNING
2026-09-24 18:30:05,6424,22.4205,1.331779e-03,0.1524,246.5,2026-10-05 01:02,-27,RUNNING
2026-09-24 19:30:04,6549,22.7098,2.059678e-03,0.2449,152.3,2026-10-01 03:46,66,RUNNING
2026-09-24 20:00:05,6607,22.8503,2.321718e-03,0.2810,132.2,2026-09-30 08:11,85,RUNNING
2026-09-24 20:30:05,6672,23.0462,2.548938e-03,0.3176,116.4,2026-09-29 16:51,101,RUNNING
2026-09-24 21:00:05,6734,23.2452,2.839922e-03,0.3533,104.0,2026-09-29 05:02,113,RUNNING
2026-09-24 21:30:06,6795,23.4349,3.078430e-03,0.3878,94.3,2026-09-28 19:47,122,RUNNING
2026-09-24 22:00:05,6855,23.5988,3.037012e-03,0.3764,96.7,2026-09-28 22:42,119,RUNNING
2026-09-24 22:30:04,6913,23.7508,2.859699e-03,0.3462,104.7,2026-09-29 07:11,110,RUNNING
2026-09-24 23:00:05,6973,23.9050,2.678372e-03,0.3190,113.1,2026-09-29 16:08,101,RUNNING
2026-09-24 23:30:05,7061,24.1108,2.481163e-03,0.3447,104.1,2026-09-29 07:36,110,RUNNING
2026-09-25 00:00:05,7217,24.4889,2.359151e-03,0.7538,47.1,2026-09-26 23:06,166,RUNNING
2026-09-25 00:30:05,7276,24.6344,2.470123e-03,0.5219,67.8,2026-09-27 20:15,145,RUNNING
2026-09-25 01:00:05,7337,24.7649,2.427305e-03,0.3772,93.4,2026-09-28 22:24,119,RUNNING
2026-09-25 01:30:05,7399,24.8870,2.228752e-03,0.2739,128.2,2026-09-30 09:43,84,RUNNING
2026-09-25 02:00:05,7459,24.9961,2.011938e-03,0.2464,142.0,2026-10-01 00:02,70,RUNNING
2026-09-25 02:30:05,7519,25.0869,1.791122e-03,0.2185,159.8,2026-10-01 18:15,51,RUNNING
2026-09-25 03:00:05,7575,25.1761,1.680853e-03,0.2006,173.6,2026-10-02 08:36,37,RUNNING
2026-09-25 03:30:05,7710,25.4079,1.671694e-03,0.3120,110.9,2026-09-29 18:22,99,RUNNING
2026-09-25 04:00:08,7896,25.6676,1.415383e-03,0.5351,64.2,2026-09-27 20:09,145,RUNNING
2026-09-25 04:30:05,8069,25.8733,1.201258e-03,0.4282,79.7,2026-09-28 12:11,129,RUNNING
2026-09-25 05:00:06,8261,26.0104,7.249738e-04,0.2822,120.4,2026-09-30 05:26,88,RUNNING
2026-09-25 05:30:05,8455,26.0949,4.384972e-04,0.1721,197.0,2026-10-03 10:32,11,RUNNING
2026-09-25 06:00:07,8649,26.1871,4.718733e-04,0.1852,182.6,2026-10-02 20:36,25,RUNNING
2026-09-25 06:30:05,8841,26.3096,6.349871e-04,0.2492,135.2,2026-09-30 21:40,72,RUNNING
2026-09-25 07:00:06,9029,26.4963,9.752174e-04,0.3794,88.3,2026-09-28 23:19,118,RUNNING
2026-09-25 10:00:09,9989,27.8769,1.997990e-03,0.4091,78.5,2026-09-28 16:31,125,RUNNING
2026-09-25 22:30:06,11425,30.1186,1.330736e-03,0.1623,184.1,2026-10-03 14:36,7,RUNNING
2026-09-25 23:00:06,11485,30.1954,1.306121e-03,0.1591,187.3,2026-10-03 18:18,3,RUNNING
2026-09-26 09:00:05,12678,31.2650,3.579953e-04,0.0431,667.4,2026-10-24 04:22,-487,RUNNING
2026-09-26 09:30:06,12738,31.2859,3.509495e-04,0.0423,678.4,2026-10-24 15:51,-498,RUNNING
2026-09-26 10:00:06,12799,31.3090,3.598311e-04,0.0437,657.3,2026-10-23 19:16,-478,RUNNING
2026-09-26 10:30:06,12860,31.3322,3.676639e-04,0.0449,638.0,2026-10-23 00:32,-459,RUNNING
2026-09-26 11:00:06,12921,31.3530,3.657119e-04,0.0446,641.6,2026-10-23 04:36,-463,RUNNING
2026-09-26 11:30:06,12968,31.3678,3.536834e-04,0.0405,706.8,2026-10-25 22:15,-529,RUNNING
2026-09-26 12:00:06,13021,31.3847,3.354706e-04,0.0373,767.3,2026-10-28 11:16,-590,RUNNING
2026-09-26 12:30:06,13082,31.4041,3.195941e-04,0.0354,807.8,2026-10-30 04:16,-631,RUNNING
2026-09-26 13:00:06,13142,31.4230,3.172013e-04,0.0361,791.4,2026-10-29 12:26,-615,RUNNING
2026-09-26 13:30:08,13202,31.4419,3.168074e-04,0.0384,742.8,2026-10-27 12:15,-567,RUNNING
2026-09-26 14:00:07,13254,31.4583,3.156575e-04,0.0366,778.9,2026-10-29 00:56,-603,RUNNING
2026-09-26 14:30:05,13315,31.4778,3.164160e-04,0.0369,772.6,2026-10-28 19:03,-597,RUNNING
2026-09-26 15:00:07,13376,31.4979,3.203971e-04,0.0374,761.3,2026-10-28 08:17,-587,RUNNING
2026-09-26 15:30:06,13436,31.5189,3.315707e-04,0.0395,721.5,2026-10-26 16:58,-547,RUNNING
2026-09-26 16:00:07,13496,31.5423,3.531806e-04,0.0430,662.0,2026-10-24 06:01,-488,RUNNING
2026-09-26 16:30:07,13557,31.5689,3.867367e-04,0.0471,603.4,2026-10-21 19:54,-430,RUNNING
2026-09-26 17:00:08,13617,31.5991,4.352688e-04,0.0529,536.8,2026-10-19 01:46,-364,RUNNING
2026-09-26 17:30:07,13678,31.6340,4.947858e-04,0.0604,470.0,2026-10-16 07:30,-298,RUNNING
2026-09-26 18:00:06,13739,31.6715,5.541778e-04,0.0676,418.8,2026-10-14 04:48,-247,RUNNING
2026-09-26 18:30:07,13799,31.7085,5.942998e-04,0.0726,389.5,2026-10-13 00:01,-218,RUNNING
2026-09-26 19:00:04,13860,31.7439,6.031528e-04,0.0738,382.6,2026-10-12 17:37,-212,RUNNING
2026-09-26 19:30:07,13921,31.7767,5.827992e-04,0.0710,397.6,2026-10-13 09:07,-228,RUNNING
2026-09-26 20:00:08,13984,31.8110,5.576996e-04,0.0688,409.7,2026-10-13 21:39,-240,RUNNING
2026-09-26 20:30:05,14043,31.8423,5.399709e-04,0.0669,421.0,2026-10-14 09:27,-252,RUNNING
2026-09-26 21:00:05,14104,31.8716,5.193248e-04,0.0644,436.9,2026-10-15 01:57,-268,RUNNING
2026-09-26 21:30:07,14172,31.9019,4.889570e-04,0.0620,453.3,2026-10-15 18:46,-285,RUNNING
2026-09-26 22:00:06,14360,31.9954,4.939731e-04,0.1802,155.4,2026-10-03 09:25,12,RUNNING
2026-09-26 22:30:07,14528,32.0854,5.618228e-04,0.1912,146.0,2026-10-03 00:28,21,RUNNING
2026-09-26 23:00:07,14670,32.1598,5.441233e-04,0.1574,176.8,2026-10-04 07:49,-10,RUNNING
2026-09-26 23:30:08,14809,32.2207,4.541345e-04,0.1288,215.7,2026-10-05 23:13,-50,RUNNING
2026-09-27 09:00:07,17341,34.7042,8.728132e-04,0.2142,118.1,2026-10-02 07:06,38,RUNNING
2026-09-27 09:30:04,17479,34.8231,8.364936e-04,0.2252,111.8,2026-10-02 01:16,44,RUNNING
2026-09-27 10:00:06,17606,34.9435,9.215796e-04,0.2390,104.9,2026-10-01 18:51,51,RUNNING
2026-09-27 10:30:07,17741,35.0504,8.281797e-04,0.2215,112.6,2026-10-02 03:08,42,RUNNING
2026-09-27 11:00:06,17870,35.1732,8.814592e-04,0.2359,105.2,2026-10-01 20:14,49,RUNNING
2026-09-27 11:30:06,18000,35.4242,1.629933e-03,0.4309,57.0,2026-09-29 20:32,97,RUNNING
2026-09-27 12:00:07,18123,35.6465,1.961643e-03,0.4989,48.8,2026-09-29 12:49,105,RUNNING
2026-09-27 12:30:06,18248,35.8112,1.447423e-03,0.3672,65.9,2026-09-30 06:22,87,RUNNING
2026-09-27 13:00:06,18381,35.9782,1.275467e-03,0.3364,71.4,2026-09-30 12:24,81,RUNNING
2026-09-27 13:30:06,18508,36.1219,1.168584e-03,0.2961,80.6,2026-09-30 22:08,71,RUNNING
2026-09-27 14:00:08,18626,36.2257,9.628933e-04,0.2386,99.7,2026-10-01 17:39,52,RUNNING
2026-09-27 14:30:05,18750,36.3131,7.575815e-04,0.1849,128.1,2026-10-02 22:34,23,RUNNING
2026-09-27 15:00:04,18875,36.3849,6.118099e-04,0.1536,153.7,2026-10-04 00:43,-3,RUNNING
2026-09-27 15:30:06,19004,36.4532,5.374730e-04,0.1393,169.0,2026-10-04 16:32,-19,RUNNING
2026-09-27 16:00:07,19133,36.5259,5.507386e-04,0.1449,162.0,2026-10-04 09:59,-12,RUNNING
2026-09-27 16:30:07,19254,36.6414,8.063288e-04,0.2047,114.1,2026-10-02 10:38,35,RUNNING
2026-09-27 17:00:07,19392,36.7866,1.068529e-03,0.2851,81.4,2026-10-01 02:24,67,RUNNING
2026-09-27 17:30:06,19519,36.9140,1.022980e-03,0.2659,86.8,2026-10-01 08:19,61,RUNNING
2026-09-27 18:00:08,19655,37.0477,9.617143e-04,0.2590,88.6,2026-10-01 10:37,59,RUNNING
2026-09-27 18:30:07,19778,37.2896,1.630256e-03,0.4149,54.7,2026-09-30 01:14,92,RUNNING
2026-09-27 19:00:06,19901,37.5454,2.121949e-03,0.5257,42.7,2026-09-29 13:42,104,RUNNING
2026-09-27 19:30:08,20017,37.7446,1.795968e-03,0.4458,49.9,2026-09-29 21:25,96,RUNNING
2026-09-27 20:00:08,20120,37.9056,1.629883e-03,0.3586,61.6,2026-09-30 09:37,84,RUNNING
2026-09-27 20:30:07,20239,38.0784,1.494403e-03,0.3470,63.2,2026-09-30 11:40,82,RUNNING
2026-09-27 21:00:08,20350,38.2231,1.357279e-03,0.3203,68.0,2026-09-30 16:59,77,RUNNING
2026-09-27 21:30:05,20477,38.3686,1.192606e-03,0.2859,75.7,2026-10-01 01:10,68,RUNNING
2026-09-27 22:00:07,20606,38.5195,1.154071e-03,0.3001,71.6,2026-09-30 21:34,72,RUNNING
2026-09-27 22:30:08,20733,38.7604,1.635817e-03,0.4222,50.3,2026-09-30 00:48,93,RUNNING
2026-09-28 08:00:07,23473,45.3609,4.400738e-03,1.7253,8.5,2026-09-28 16:29,125,RUNNING
2026-09-28 08:30:04,23666,46.2546,4.622829e-03,1.8115,7.6,2026-09-28 16:05,125,RUNNING
2026-09-28 09:00:06,23860,47.0945,4.337846e-03,1.7016,7.6,2026-09-28 16:35,125,RUNNING
2026-09-28 09:30:08,24050,47.9518,4.499220e-03,1.7643,6.8,2026-09-28 16:19,125,RUNNING
2026-09-28 10:00:04,24243,48.7849,4.326035e-03,1.6971,6.6,2026-09-28 16:36,125,RUNNING
2026-09-28 10:30:04,24436,49.6634,4.540062e-03,1.7805,5.8,2026-09-28 16:18,125,RUNNING
2026-09-28 11:00:04,24630,50.5137,4.392386e-03,1.7230,5.5,2026-09-28 16:30,125,RUNNING
2026-09-28 11:30:05,24823,51.4016,4.585901e-03,1.8001,4.8,2026-09-28 16:16,125,RUNNING
2026-09-28 12:00:04,25015,52.2508,4.437343e-03,1.7414,4.4,2026-09-28 16:27,125,RUNNING
2026-09-28 12:30:04,25208,53.1425,4.604420e-03,1.8065,3.8,2026-09-28 16:17,125,RUNNING
2026-09-28 13:00:05,25402,54.0062,4.464888e-03,1.7516,3.4,2026-09-28 16:25,125,RUNNING
2026-09-28 13:30:05,25597,54.8851,4.497944e-03,1.7646,2.9,2026-09-28 16:24,125,RUNNING
2026-09-28 14:00:06,25791,55.7516,4.476783e-03,1.7566,2.4,2026-09-28 16:25,125,RUNNING
2026-09-28 14:30:04,25984,56.6312,4.543426e-03,1.7826,1.9,2026-09-28 16:23,125,RUNNING
2026-09-28 15:00:06,26175,57.4902,4.514825e-03,1.7714,1.4,2026-09-28 16:25,125,RUNNING
2026-09-28 15:30:06,26368,58.3559,4.472292e-03,1.7554,0.9,2026-09-28 16:26,125,RUNNING
2026-09-28 16:00:06,26562,59.2338,4.535946e-03,1.7801,0.4,2026-09-28 16:25,125,RUNNING
2026-09-28 16:30:06,26729,59.9740,4.387512e-03,1.5260,0.0,2026-09-28 16:31,125,RUNNING
2026-09-28 17:00:07,26735,60.0000,4.391261e-03,1.4517,0.0,2026-09-28 17:00,,AUSENTE
2026-09-28 17:30:07,26735,60.0000,4.391261e-03,1.4517,0.0,2026-09-28 17:30,,AUSENTE
2026-09-28 18:00:08,26735,60.0000,4.391261e-03,1.4517,0.0,2026-09-28 18:00,,AUSENTE
2026-09-28 18:30:05,26735,60.0000,4.391261e-03,1.4517,0.0,2026-09-28 18:30,,AUSENTE
2026-09-28 19:00:06,26735,60.0000,4.391261e-03,1.4517,0.0,2026-09-28 19:00,,AUSENTE
2026-09-28 19:30:07,26735,60.0000,4.391261e-03,1.4517,0.0,2026-09-28 19:30,,AUSENTE
2026-09-28 20:00:06,26735,60.0000,4.391261e-03,1.4517,0.0,2026-09-28 20:00,,AUSENTE
2026-09-28 20:30:04,26735,60.0000,4.391261e-03,1.4517,0.0,2026-09-28 20:30,,AUSENTE
2026-09-28 21:00:06,26735,60.0000,4.391261e-03,1.4517,0.0,2026-09-28 21:00,,AUSENTE
2026-09-28 21:30:06,26735,60.0000,4.391261e-03,1.4517,0.0,2026-09-28 21:30,,AUSENTE
2026-09-28 22:00:07,26735,60.0000,4.391261e-03,1.4517,0.0,2026-09-28 22:00,,AUSENTE
2026-09-28 22:30:04,26735,60.0000,4.391261e-03,1.4517,0.0,2026-09-28 22:30,,AUSENTE
2026-09-28 23:00:03,26735,60.0000,4.391261e-03,1.4517,0.0,2026-09-28 23:00,,AUSENTE
2026-09-28 23:30:08,26735,60.0000,4.391261e-03,1.4517,0.0,2026-09-28 23:30,,AUSENTE
2026-09-29 00:00:06,26735,60.0000,4.391261e-03,1.4517,0.0,2026-09-29 00:00,,AUSENTE
2026-09-29 00:30:06,26735,60.0000,4.391261e-03,1.4517,0.0,2026-09-29 00:30,,AUSENTE
2026-09-29 01:00:07,26735,60.0000,4.391261e-03,1.4517,0.0,2026-09-29 01:00,,AUSENTE
2026-09-29 01:30:07,26735,60.0000,4.391261e-03,1.4517,0.0,2026-09-29 01:30,,AUSENTE
2026-09-29 02:00:07,26735,60.0000,4.391261e-03,1.4517,0.0,2026-09-29 02:00,,AUSENTE
2026-09-29 02:30:04,26735,60.0000,4.391261e-03,1.4517,0.0,2026-09-29 02:30,,AUSENTE
2026-09-29 03:00:07,26735,60.0000,4.391261e-03,1.4517,0.0,2026-09-29 03:00,,AUSENTE
2026-09-29 03:30:05,26735,60.0000,4.391261e-03,1.4517,0.0,2026-09-29 03:30,,AUSENTE
2026-09-29 04:00:06,26735,60.0000,4.391261e-03,1.4517,0.0,2026-09-29 04:00,,AUSENTE
2026-09-29 04:30:07,26735,60.0000,4.391261e-03,1.4517,0.0,2026-09-29 04:30,,AUSENTE
2026-09-29 05:00:07,26735,60.0000,4.391261e-03,1.4517,0.0,2026-09-29 05:00,,AUSENTE
2026-09-29 05:30:05,26735,60.0000,4.391261e-03,1.4517,0.0,2026-09-29 05:30,,AUSENTE
2026-09-29 06:00:07,26735,60.0000,4.391261e-03,1.4517,0.0,2026-09-29 06:00,,AUSENTE
2026-09-29 06:30:07,26735,60.0000,4.391261e-03,1.4517,0.0,2026-09-29 06:30,,AUSENTE
2026-09-29 07:00:04,26735,60.0000,4.391261e-03,1.4517,0.0,2026-09-29 07:00,,AUSENTE
2026-09-29 07:30:07,26735,60.0000,4.391261e-03,1.4517,0.0,2026-09-29 07:30,,AUSENTE
2026-09-29 08:00:06,26735,60.0000,4.391261e-03,1.4517,0.0,2026-09-29 08:00,,AUSENTE
2026-09-29 08:30:06,26735,60.0000,4.391261e-03,1.4517,0.0,2026-09-29 08:30,,AUSENTE
2026-09-29 09:00:07,26735,60.0000,4.391261e-03,1.4517,0.0,2026-09-29 09:00,,AUSENTE
2026-09-29 09:30:06,26735,60.0000,4.391261e-03,1.4517,0.0,2026-09-29 09:30,,AUSENTE
2026-09-29 10:00:07,26735,60.0000,4.391261e-03,1.4517,0.0,2026-09-29 10:00,,AUSENTE
2026-09-29 10:30:06,26735,60.0000,4.391261e-03,1.4517,0.0,2026-09-29 10:30,,AUSENTE
2026-09-29 11:00:06,26735,60.0000,4.391261e-03,1.4517,0.0,2026-09-29 11:00,,AUSENTE
2026-09-29 11:30:06,26735,60.0000,4.391261e-03,1.4517,0.0,2026-09-29 11:30,,AUSENTE
2026-09-29 12:00:06,26735,60.0000,4.391261e-03,1.4517,0.0,2026-09-29 12:00,,AUSENTE
2026-09-29 12:30:06,26735,60.0000,4.391261e-03,1.4517,0.0,2026-09-29 12:30,,AUSENTE
2026-09-29 13:00:07,26735,60.0000,4.391261e-03,1.4517,0.0,2026-09-29 13:00,,AUSENTE
2026-09-29 13:30:05,26735,60.0000,4.391261e-03,1.4517,0.0,2026-09-29 13:30,,AUSENTE
2026-09-29 14:00:07,26735,60.0000,4.391261e-03,1.4517,0.0,2026-09-29 14:00,,AUSENTE
2026-09-29 14:30:06,26735,60.0000,4.391261e-03,1.4517,0.0,2026-09-29 14:30,,AUSENTE
2026-09-29 15:00:07,26735,60.0000,4.391261e-03,1.4517,0.0,2026-09-29 15:00,,AUSENTE
2026-09-29 15:30:06,26735,60.0000,4.391261e-03,1.4517,0.0,2026-09-29 15:30,,AUSENTE
2026-09-29 16:00:07,26735,60.0000,4.391261e-03,1.4517,0.0,2026-09-29 16:00,,AUSENTE
2026-09-29 16:30:05,26735,60.0000,4.391261e-03,1.4517,0.0,2026-09-29 16:30,,AUSENTE
2026-09-29 17:00:04,26735,60.0000,4.391261e-03,1.4517,0.0,2026-09-29 17:00,,AUSENTE
2026-09-29 17:30:06,26735,60.0000,4.391261e-03,1.4517,0.0,2026-09-29 17:30,,AUSENTE
2026-09-29 18:00:05,26735,60.0000,4.391261e-03,1.4517,0.0,2026-09-29 18:00,,AUSENTE
2026-09-29 18:30:05,26735,60.0000,4.391261e-03,1.4517,0.0,2026-09-29 18:30,,AUSENTE
2026-09-29 19:00:06,26735,60.0000,4.391261e-03,1.4517,0.0,2026-09-29 19:00,,AUSENTE
2026-09-29 19:30:05,26735,60.0000,4.391261e-03,1.4517,0.0,2026-09-29 19:30,,AUSENTE
2026-09-29 20:00:05,26735,60.0000,4.391261e-03,1.4517,0.0,2026-09-29 20:00,,AUSENTE
2026-09-29 20:30:07,26735,60.0000,4.391261e-03,1.4517,0.0,2026-09-29 20:30,,AUSENTE
2026-09-29 21:00:06,26735,60.0000,4.391261e-03,1.4517,0.0,2026-09-29 21:00,,AUSENTE
2026-09-29 21:30:06,26735,60.0000,4.391261e-03,1.4517,0.0,2026-09-29 21:30,,AUSENTE
2026-09-29 22:00:06,26735,60.0000,4.391261e-03,1.4517,0.0,2026-09-29 22:00,,AUSENTE
2026-09-29 22:30:04,26735,60.0000,4.391261e-03,1.4517,0.0,2026-09-29 22:30,,AUSENTE
2026-09-29 23:00:06,26735,60.0000,4.391261e-03,1.4517,0.0,2026-09-29 23:00,,AUSENTE
2026-09-29 23:30:05,26735,60.0000,4.391261e-03,1.4517,0.0,2026-09-29 23:30,,AUSENTE
2026-09-30 00:00:07,26735,60.0000,4.391261e-03,1.4517,0.0,2026-09-30 00:00,,AUSENTE
2026-09-30 00:30:06,26735,60.0000,4.391261e-03,1.4517,0.0,2026-09-30 00:30,,AUSENTE
2026-09-30 01:00:06,26735,60.0000,4.391261e-03,1.4517,0.0,2026-09-30 01:00,,AUSENTE
2026-09-30 01:30:06,26735,60.0000,4.391261e-03,1.4517,0.0,2026-09-30 01:30,,AUSENTE
2026-09-30 02:00:06,26735,60.0000,4.391261e-03,1.4517,0.0,2026-09-30 02:00,,AUSENTE
2026-09-30 02:30:06,26735,60.0000,4.391261e-03,1.4517,0.0,2026-09-30 02:30,,AUSENTE
2026-09-30 03:00:07,26735,60.0000,4.391261e-03,1.4517,0.0,2026-09-30 03:00,,AUSENTE
2026-09-30 03:30:06,26735,60.0000,4.391261e-03,1.4517,0.0,2026-09-30 03:30,,AUSENTE
2026-09-30 04:00:07,26735,60.0000,4.391261e-03,1.4517,0.0,2026-09-30 04:00,,AUSENTE
2026-09-30 04:30:07,26735,60.0000,4.391261e-03,1.4517,0.0,2026-09-30 04:30,,AUSENTE
2026-09-30 05:00:06,26735,60.0000,4.391261e-03,1.4517,0.0,2026-09-30 05:00,,AUSENTE
2026-09-30 05:30:07,26735,60.0000,4.391261e-03,1.4517,0.0,2026-09-30 05:30,,AUSENTE
2026-09-30 06:00:07,26735,60.0000,4.391261e-03,1.4517,0.0,2026-09-30 06:00,,AUSENTE
2026-09-30 06:30:06,26735,60.0000,4.391261e-03,1.4517,0.0,2026-09-30 06:30,,AUSENTE
2026-09-30 07:00:07,26735,60.0000,4.391261e-03,1.4517,0.0,2026-09-30 07:00,,AUSENTE
2026-09-30 07:30:07,26735,60.0000,4.391261e-03,1.4517,0.0,2026-09-30 07:30,,AUSENTE
2026-09-30 08:00:06,26735,60.0000,4.391261e-03,1.4517,0.0,2026-09-30 08:00,,AUSENTE
2026-09-30 08:30:07,26735,60.0000,4.391261e-03,1.4517,0.0,2026-09-30 08:30,,AUSENTE
2026-09-30 09:00:06,26735,60.0000,4.391261e-03,1.4517,0.0,2026-09-30 09:00,,AUSENTE
