# norot192: tools/fbtbp.cpp sobre todos os plotfiles, rho_cut = 1.0e5 g/cm^3.
# Energias em erg (convencao 0.5*B^2 do Castro). Campos de pico em G. B_c = 4.4140e13 G.
# Massa em Msun e raios em 1e8 cm sobre as celulas acima do corte. Lz em g cm^2/s, Omega em rad/s.
t,E_tor,E_pol,Et_over_Ep,Et_over_Emag,Btor_max_G,Bpol_max_G,B_max_G,Bt_over_Bp_amp,B_over_Bc,M_Msun,R_eq_e8,R_pol_e8,R_vol_e8,Rpol_over_Req,Lz,Omega_mean,Omega_in,Omega_mid,Omega_out,Lz_in,Lz_out,Lzout_over_Lzin,R_half_e8
0.000000e+00,3.456600e+49,2.226670e+44,1.552360e+05,9.999936e-01,2.916560e+13,1.023230e+11,2.916560e+13,2.850350e+02,6.607520e-01,1.408620e+00,1.867960e+00,1.875000e+00,1.871840e+00,1.003800e+00,0.000000e+00,0.000000e+00,0.000000e+00,0.000000e+00,0.000000e+00,0.000000e+00,0.000000e+00,0.000000e+00,4.774160e-01
7.520500e-01,1.679810e+49,1.399570e+47,1.200230e+02,9.917371e-01,3.306320e+13,3.196370e+12,3.306400e+13,1.034400e+01,7.490710e-01,1.408680e+00,1.957560e+00,1.968750e+00,1.979360e+00,1.005700e+00,-3.719140e+42,-2.865630e-07,-4.037610e-04,6.983300e-07,0.000000e+00,1.065250e+43,-1.437160e+43,-1.349130e+00,5.508650e-01
1.750340e+00,6.130300e+48,7.021770e+47,8.730430e+00,8.972296e-01,1.534560e+13,1.305270e+13,1.539500e+13,1.175670e+00,3.487780e-01,1.408640e+00,2.096310e+00,1.968750e+00,2.085630e+00,9.391000e-01,-1.212270e+45,-8.472070e-05,1.452240e-02,8.009850e-07,0.000000e+00,-1.297050e+45,8.478380e+43,0.000000e+00,5.753470e-01
2.669650e+00,3.702590e+48,1.357670e+48,2.727160e+00,7.316988e-01,1.693830e+13,1.266220e+13,1.743100e+13,1.337710e+00,3.949030e-01,1.408370e+00,1.791090e+00,1.687500e+00,1.787000e+00,9.422000e-01,-1.228290e+46,-1.168710e-03,4.686430e-03,1.174220e-03,0.000000e+00,6.909640e+43,-1.235200e+46,-1.787650e+02,4.774160e-01
3.625930e+00,2.874710e+48,1.488670e+48,1.931070e+00,6.588271e-01,2.133090e+13,1.543750e+13,2.146380e+13,1.381760e+00,4.862660e-01,1.408670e+00,1.898290e+00,1.781250e+00,1.890940e+00,9.383000e-01,-6.445750e+45,-5.442220e-04,-6.728980e-02,-1.105610e-04,0.000000e+00,-3.724500e+46,3.079920e+46,0.000000e+00,5.263820e-01
4.533330e+00,1.517580e+48,1.590790e+48,9.539810e-01,4.882244e-01,2.434030e+13,2.149320e+13,2.440820e+13,1.132470e+00,5.529710e-01,1.408670e+00,1.743850e+00,1.687500e+00,1.748130e+00,9.677000e-01,1.114600e+46,1.127080e-03,-4.558310e-02,0.000000e+00,0.000000e+00,2.257880e+46,-1.143280e+46,-5.063520e-01,4.774160e-01
5.461760e+00,7.893630e+47,1.341880e+48,5.882520e-01,3.703770e-01,1.765680e+13,1.558800e+13,1.780640e+13,1.132720e+00,4.034080e-01,1.408810e+00,1.849040e+00,1.781250e+00,1.847050e+00,9.633000e-01,1.133590e+46,1.017360e-03,-9.112580e-02,-1.533510e-04,0.000000e+00,-6.508570e+46,7.642150e+46,0.000000e+00,5.018990e-01
6.346800e+00,6.967210e+47,1.349350e+48,5.163370e-01,3.405162e-01,2.196480e+13,1.583610e+13,2.218850e+13,1.387010e+00,5.026860e-01,1.408840e+00,1.743850e+00,1.687500e+00,1.735360e+00,9.677000e-01,7.035150e+45,7.195840e-04,1.595100e-02,0.000000e+00,0.000000e+00,-1.225500e+46,1.929020e+46,0.000000e+00,4.774160e-01
7.260560e+00,5.450280e+47,1.386980e+48,3.929590e-01,2.821039e-01,1.291010e+13,1.295200e+13,1.466910e+13,9.967700e-01,3.323310e-01,1.408920e+00,1.820300e+00,1.781250e+00,1.844490e+00,9.785000e-01,2.390990e+46,2.155570e-03,1.700720e-01,-2.508040e-04,0.000000e+00,1.331760e+47,-1.092660e+47,-8.204630e-01,5.018990e-01
8.146520e+00,6.455420e+47,1.596490e+48,4.043520e-01,2.879277e-01,1.613760e+13,1.581760e+13,1.799390e+13,1.020230e+00,4.076550e-01,1.408960e+00,1.743850e+00,1.687500e+00,1.744950e+00,9.677000e-01,2.678840e+46,2.712610e-03,-3.215010e-02,0.000000e+00,0.000000e+00,3.637050e+45,2.315130e+46,6.365420e+00,4.774160e-01
9.056730e+00,5.795730e+47,1.365330e+48,4.244920e-01,2.979955e-01,1.262200e+13,1.404270e+13,1.420470e+13,8.988330e-01,3.218110e-01,1.409010e+00,1.820300e+00,1.781250e+00,1.836050e+00,9.785000e-01,5.588310e+45,5.077130e-04,-9.265530e-02,1.062630e-02,0.000000e+00,-6.298740e+46,6.857570e+46,0.000000e+00,5.018990e-01
9.944910e+00,5.490330e+47,1.482190e+48,3.704200e-01,2.702965e-01,1.377960e+13,1.390020e+13,1.474110e+13,9.913210e-01,3.339630e-01,1.409060e+00,1.743850e+00,1.687500e+00,1.744130e+00,9.677000e-01,-1.843050e+46,-1.871240e-03,-2.614380e-02,0.000000e+00,0.000000e+00,1.845960e+46,-3.689010e+46,-1.998420e+00,4.774160e-01
1.085241e+01,5.092620e+47,1.464470e+48,3.477450e-01,2.580199e-01,1.101960e+13,1.420460e+13,1.519840e+13,7.757770e-01,3.443230e-01,1.409110e+00,1.820300e+00,1.781250e+00,1.834260e+00,9.785000e-01,-1.520140e+46,-1.387730e-03,-1.842420e-02,2.654120e-02,0.000000e+00,7.742670e+45,-2.294410e+46,-2.963330e+00,5.018990e-01
1.172152e+01,7.096140e+47,1.782150e+48,3.981780e-01,2.847833e-01,1.638800e+13,1.932380e+13,2.176330e+13,8.480730e-01,4.930530e-01,1.409160e+00,1.743850e+00,1.687500e+00,1.747250e+00,9.677000e-01,-1.427700e+46,-1.446780e-03,-1.549550e-01,0.000000e+00,0.000000e+00,-9.628980e+46,8.201280e+46,0.000000e+00,4.774160e-01
1.261320e+01,7.623630e+47,1.798290e+48,4.239370e-01,2.977220e-01,2.119860e+13,1.957590e+13,2.377530e+13,1.082890e+00,5.386340e-01,1.409210e+00,1.820300e+00,1.781250e+00,1.845200e+00,9.785000e-01,-9.662010e+45,-8.705070e-04,-1.658560e-01,7.044380e-03,0.000000e+00,-1.575860e+47,1.479240e+47,0.000000e+00,5.018990e-01
1.349419e+01,9.956620e+47,2.356620e+48,4.224960e-01,2.970105e-01,3.174810e+13,2.695830e+13,3.212490e+13,1.177670e+00,7.277960e-01,1.409250e+00,1.743850e+00,1.687500e+00,1.748820e+00,9.677000e-01,-3.157380e+45,-3.186530e-04,-9.825790e-02,0.000000e+00,0.000000e+00,-5.193360e+46,4.877620e+46,0.000000e+00,4.774160e-01
1.439850e+01,1.151800e+48,2.652030e+48,4.343090e-01,3.028001e-01,2.409670e+13,2.322800e+13,2.658030e+13,1.037400e+00,6.021820e-01,1.409320e+00,1.875000e+00,1.781250e+00,1.872570e+00,9.500000e-01,-5.903600e+45,-5.127260e-04,-8.430520e-02,-1.212130e-02,0.000000e+00,-4.587430e+46,3.997070e+46,0.000000e+00,5.018990e-01
1.528717e+01,1.277010e+48,2.848330e+48,4.483360e-01,3.095526e-01,1.439130e+13,2.164610e+13,2.166050e+13,6.648440e-01,4.907230e-01,1.409370e+00,1.820300e+00,1.687500e+00,1.783130e+00,9.270000e-01,2.669150e+46,2.597290e-03,5.364040e-03,-7.973540e-02,0.000000e+00,3.439580e+46,-7.704240e+45,-2.239880e-01,4.774160e-01
1.622726e+01,1.172420e+48,2.933960e+48,3.996040e-01,2.855120e-01,1.602200e+13,2.139650e+13,2.139660e+13,7.488120e-01,4.847430e-01,1.409430e+00,1.932710e+00,1.781250e+00,1.890750e+00,9.216000e-01,4.460690e+46,3.886300e-03,1.788070e-01,4.795140e-02,0.000000e+00,2.806270e+47,-2.360210e+47,-8.410460e-01,5.018990e-01
1.714130e+01,1.387650e+48,3.861530e+48,3.593530e-01,2.643560e-01,2.188100e+13,2.513240e+13,2.626320e+13,8.706320e-01,5.949980e-01,1.409490e+00,1.895980e+00,1.781250e+00,1.813680e+00,9.395000e-01,4.495020e+46,4.362480e-03,1.860670e-01,-8.583700e-02,0.000000e+00,2.437320e+47,-1.987820e+47,-8.155750e-01,4.774160e-01
1.806253e+01,1.376490e+48,4.105120e+48,3.353120e-01,2.511112e-01,2.006400e+13,1.948420e+13,2.098100e+13,1.029760e+00,4.753280e-01,1.409500e+00,2.081590e+00,2.062500e+00,1.903090e+00,9.908000e-01,7.070850e+46,6.202510e-03,1.660110e-01,-2.687880e-02,0.000000e+00,3.000710e+47,-2.293620e+47,-7.643610e-01,5.018990e-01
1.870152e+01,1.306270e+48,4.032860e+48,3.239080e-01,2.446604e-01,2.125680e+13,1.858760e+13,2.137680e+13,1.143600e+00,4.842960e-01,1.409410e+00,1.875000e+00,2.062500e+00,1.770250e+00,1.100000e+00,8.520840e+46,8.899620e-03,2.825120e-01,-1.389540e-01,0.000000e+00,3.465540e+47,-2.613460e+47,-7.541270e-01,4.774160e-01
1.917282e+01,1.165400e+48,3.461630e+48,3.366630e-01,2.518682e-01,1.338140e+13,1.554580e+13,1.683180e+13,8.607740e-01,3.813270e-01,1.409570e+00,2.006340e+00,2.062500e+00,1.890000e+00,1.028000e+00,9.463680e+46,8.876930e-03,3.257790e-01,-3.737790e-02,0.000000e+00,3.628900e+47,-2.682530e+47,-7.392130e-01,4.774160e-01
2.005661e+01,1.259360e+48,4.207610e+48,2.993050e-01,2.303577e-01,1.737430e+13,1.866220e+13,2.133840e+13,9.309910e-01,4.834240e-01,1.409480e+00,2.058230e+00,1.875000e+00,1.851210e+00,9.110000e-01,1.118920e+47,1.070260e-02,1.818180e-01,-7.393410e-02,0.000000e+00,2.173080e+47,-1.054160e+47,-4.850980e-01,4.774160e-01
2.074239e+01,1.201880e+48,4.014780e+48,2.993630e-01,2.303920e-01,2.090310e+13,2.165820e+13,2.486030e+13,9.651370e-01,5.632150e-01,1.409530e+00,1.957560e+00,1.968750e+00,1.825350e+00,1.005700e+00,1.096080e+47,1.095470e-02,3.607470e-02,-9.437850e-02,0.000000e+00,-5.837920e+45,1.154460e+47,0.000000e+00,4.774160e-01
2.136885e+01,1.045220e+48,3.586360e+48,2.914440e-01,2.256727e-01,1.728770e+13,1.952410e+13,2.004660e+13,8.854570e-01,4.541590e-01,1.409650e+00,2.174520e+00,2.062500e+00,1.945380e+00,9.485000e-01,1.050590e+47,9.182620e-03,-1.064260e-01,-1.121690e-02,0.000000e+00,-2.019910e+47,3.070500e+47,0.000000e+00,5.018990e-01
2.190546e+01,9.497280e+47,3.360130e+48,2.826460e-01,2.203615e-01,2.107790e+13,2.255780e+13,2.355580e+13,9.343950e-01,5.336620e-01,1.409500e+00,2.106770e+00,2.062500e+00,1.830680e+00,9.790000e-01,1.005830e+47,1.007020e-02,-1.307730e-01,1.045610e-01,0.000000e+00,-2.216380e+47,3.222210e+47,0.000000e+00,4.774160e-01
2.243818e+01,1.066120e+48,3.342200e+48,3.189870e-01,2.418425e-01,2.722580e+13,2.677800e+13,3.012350e+13,1.016730e+00,6.824530e-01,1.409500e+00,2.121320e+00,1.781250e+00,1.796330e+00,8.397000e-01,6.926780e+46,7.388560e-03,-2.044420e-01,3.710260e-01,0.000000e+00,-2.749230e+47,3.441910e+47,0.000000e+00,4.774160e-01
2.302848e+01,1.176460e+48,3.360070e+48,3.501310e-01,2.593309e-01,2.295080e+13,1.960450e+13,2.376050e+13,1.170690e+00,5.382990e-01,1.409660e+00,2.212580e+00,2.062500e+00,1.949800e+00,9.322000e-01,2.724640e+46,2.419920e-03,-1.393270e-01,7.127850e-02,0.000000e+00,-2.022190e+47,2.294660e+47,0.000000e+00,5.018990e-01
2.357223e+01,1.180890e+48,3.523850e+48,3.351130e-01,2.509995e-01,2.241200e+13,1.818460e+13,2.284950e+13,1.232480e+00,5.176600e-01,1.409490e+00,2.188620e+00,1.968750e+00,1.851080e+00,8.995000e-01,-1.648740e+44,-1.586510e-05,-1.424570e-01,2.166030e-02,0.000000e+00,-1.434220e+47,1.432570e+47,0.000000e+00,4.774160e-01
2.392039e+01,1.181420e+48,3.574250e+48,3.305370e-01,2.484238e-01,2.049000e+13,1.815410e+13,2.098260e+13,1.128670e+00,4.753640e-01,1.409380e+00,2.174520e+00,1.687500e+00,1.742600e+00,7.760000e-01,-1.365620e+46,-1.493920e-03,-1.555350e-01,-6.779420e-02,0.000000e+00,-1.774380e+47,1.637820e+47,0.000000e+00,4.774160e-01
2.411298e+01,1.141630e+48,3.491940e+48,3.269310e-01,2.463815e-01,1.674160e+13,1.807050e+13,1.966740e+13,9.264570e-01,4.455680e-01,1.409370e+00,2.137830e+00,1.968750e+00,1.728690e+00,9.209000e-01,-2.070920e+46,-2.324170e-03,-1.239810e-01,-2.020650e-02,0.000000e+00,-1.592500e+47,1.385410e+47,0.000000e+00,4.774160e-01
2.427350e+01,1.092600e+48,3.416010e+48,3.198470e-01,2.423367e-01,1.457010e+13,1.769430e+13,1.818140e+13,8.234330e-01,4.119040e-01,1.409420e+00,2.137830e+00,1.875000e+00,1.757690e+00,8.771000e-01,-2.640800e+46,-2.910460e-03,-7.358480e-02,-3.584450e-02,0.000000e+00,-1.151470e+47,8.873900e+46,0.000000e+00,4.774160e-01
2.444108e+01,1.028310e+48,3.307670e+48,3.108870e-01,2.371576e-01,1.241210e+13,1.833650e+13,1.864180e+13,6.769060e-01,4.223330e-01,1.409490e+00,2.137830e+00,1.781250e+00,1.813660e+00,8.332000e-01,-3.259510e+46,-3.428530e-03,-1.781380e-02,-5.731240e-02,0.000000e+00,-5.977290e+46,2.717780e+46,0.000000e+00,4.774160e-01
2.463538e+01,9.461550e+47,3.149200e+48,3.004430e-01,2.310312e-01,1.162400e+13,1.613530e+13,1.729150e+13,7.204100e-01,3.917430e-01,1.409560e+00,2.188620e+00,1.875000e+00,1.879610e+00,8.567000e-01,-3.914310e+46,-3.862510e-03,1.954180e-02,-9.619040e-03,0.000000e+00,-1.226390e+46,-2.687920e+46,0.000000e+00,4.774160e-01
2.490345e+01,8.448190e+47,3.013330e+48,2.803610e-01,2.189702e-01,1.151890e+13,1.426790e+13,1.573750e+13,8.073250e-01,3.565370e-01,1.409600e+00,2.206610e+00,1.968750e+00,1.926590e+00,8.922000e-01,-4.512950e+46,-4.214140e-03,2.876500e-02,-4.028870e-02,0.000000e+00,2.718920e+45,-4.784840e+46,-1.759830e+01,5.018990e-01
2.509570e+01,7.810250e+47,2.912340e+48,2.681770e-01,2.114668e-01,1.052070e+13,1.652030e+13,1.652040e+13,6.368320e-01,3.742740e-01,1.409550e+00,2.251950e+00,1.968750e+00,1.910210e+00,8.742000e-01,-5.234650e+46,-4.924850e-03,6.101200e-03,-9.996670e-02,0.000000e+00,2.839740e+45,-5.518620e+46,-1.943350e+01,4.774160e-01
2.523234e+01,7.447340e+47,2.835280e+48,2.626670e-01,2.080256e-01,9.936230e+12,1.649190e+13,1.649930e+13,6.024900e-01,3.737940e-01,1.409490e+00,2.257800e+00,1.968750e+00,1.873760e+00,8.720000e-01,-5.786400e+46,-5.612380e-03,-9.415520e-03,-1.087380e-01,0.000000e+00,-9.853690e+45,-4.801030e+46,0.000000e+00,4.774160e-01
2.533779e+01,7.188230e+47,2.784860e+48,2.581190e-01,2.051624e-01,1.006840e+13,1.618080e+13,1.622790e+13,6.222460e-01,3.676460e-01,1.409450e+00,2.251950e+00,1.968750e+00,1.841770e+00,8.742000e-01,-6.236750e+46,-6.264720e-03,-2.012100e-02,-1.001890e-01,0.000000e+00,-2.071120e+46,-4.165630e+46,0.000000e+00,4.774160e-01
2.543202e+01,6.973040e+47,2.749470e+48,2.536140e-01,2.023063e-01,9.709100e+12,1.573370e+13,1.583260e+13,6.170880e-01,3.586900e-01,1.409400e+00,2.251950e+00,1.968750e+00,1.808060e+00,8.742000e-01,-6.651410e+46,-6.932270e-03,-2.854610e-02,-9.910590e-02,0.000000e+00,-3.021220e+46,-3.630190e+46,0.000000e+00,4.774160e-01
2.551738e+01,6.788060e+47,2.725490e+48,2.490580e-01,1.993969e-01,9.157790e+12,1.546050e+13,1.554780e+13,5.923350e-01,3.522370e-01,1.409370e+00,2.257800e+00,1.968750e+00,1.777520e+00,8.720000e-01,-7.003490e+46,-7.559350e-03,-3.458090e-02,-1.856000e-01,0.000000e+00,-3.771690e+46,-3.231800e+46,0.000000e+00,4.774160e-01
2.560020e+01,6.606740e+47,2.708100e+48,2.439620e-01,1.961168e-01,8.846100e+12,1.543590e+13,1.550380e+13,5.730850e-01,3.512410e-01,1.409330e+00,2.257800e+00,1.687500e+00,1.747660e+00,7.474000e-01,-7.254110e+46,-8.087810e-03,-3.844800e-02,-3.027360e-01,0.000000e+00,-4.335900e+46,-2.918200e+46,0.000000e+00,4.774160e-01
2.567389e+01,6.463330e+47,2.694920e+48,2.398340e-01,1.934402e-01,8.485150e+12,1.535580e+13,1.540550e+13,5.525710e-01,3.490140e-01,1.409310e+00,2.251950e+00,1.687500e+00,1.725720e+00,7.493000e-01,-7.407210e+46,-8.466360e-03,-4.019370e-02,-2.923190e-01,0.000000e+00,-4.716100e+46,-2.691110e+46,0.000000e+00,4.774160e-01
2.575328e+01,6.322070e+47,2.684430e+48,2.355090e-01,1.906170e-01,8.018940e+12,1.504120e+13,1.506990e+13,5.331300e-01,3.414120e-01,1.409290e+00,2.257800e+00,1.781250e+00,1.709300e+00,7.889000e-01,-7.484390e+46,-8.727570e-03,-4.053610e-02,-1.584380e-01,0.000000e+00,-4.946040e+46,-2.538350e+46,0.000000e+00,4.774160e-01
2.584020e+01,6.176800e+47,2.674890e+48,2.309180e-01,1.875982e-01,8.032420e+12,1.480240e+13,1.528490e+13,5.426420e-01,3.462820e-01,1.409280e+00,2.267510e+00,1.781250e+00,1.697960e+00,7.856000e-01,-7.471480e+46,-8.815390e-03,-3.885120e-02,-2.831190e-03,0.000000e+00,-4.901940e+46,-2.569540e+46,0.000000e+00,4.774160e-01
2.591939e+01,6.060530e+47,2.663440e+48,2.275450e-01,1.853662e-01,8.270440e+12,1.516920e+13,1.566620e+13,5.452130e-01,3.549200e-01,1.409280e+00,2.164390e+00,1.781250e+00,1.696110e+00,8.230000e-01,-7.387340e+46,-8.721180e-03,-3.600690e-02,-1.575550e-02,0.000000e+00,-4.505380e+46,-2.881960e+46,0.000000e+00,4.774160e-01
2.599207e+01,5.964970e+47,2.648800e+48,2.251960e-01,1.838038e-01,8.532990e+12,1.542270e+13,1.614320e+13,5.532750e-01,3.657280e-01,1.409300e+00,2.164390e+00,1.781250e+00,1.705470e+00,8.230000e-01,-7.273160e+46,-8.519970e-03,-3.287250e-02,-2.147660e-02,0.000000e+00,-3.902420e+46,-3.370740e+46,0.000000e+00,4.774160e-01
