# norot192b: tools/fbtbp.cpp sobre todos os plotfiles, rho_cut = 1.0e5 g/cm^3.
# Energias em erg (convencao 0.5*B^2 do Castro). Campos de pico em G. B_c = 4.4140e13 G.
# Massa em Msun e raios em 1e8 cm sobre as celulas acima do corte. Lz em g cm^2/s, Omega em rad/s.
t,E_tor,E_pol,Et_over_Ep,Et_over_Emag,Btor_max_G,Bpol_max_G,B_max_G,Bt_over_Bp_amp,B_over_Bc,M_Msun,R_eq_e8,R_pol_e8,R_vol_e8,Rpol_over_Req,Lz,Omega_mean,Omega_in,Omega_mid,Omega_out,Lz_in,Lz_out,Lzout_over_Lzin,R_half_e8
0.000000e+00,3.456600e+49,2.226670e+44,1.552360e+05,9.999936e-01,2.916560e+13,1.023230e+11,2.916560e+13,2.850350e+02,6.607520e-01,1.408620e+00,1.867960e+00,1.875000e+00,1.871840e+00,1.003800e+00,0.000000e+00,0.000000e+00,0.000000e+00,0.000000e+00,0.000000e+00,0.000000e+00,0.000000e+00,0.000000e+00,4.774160e-01
7.520500e-01,1.679810e+49,1.399580e+47,1.200230e+02,9.917371e-01,3.306320e+13,3.196370e+12,3.306400e+13,1.034400e+01,7.490720e-01,1.408680e+00,1.957560e+00,1.968750e+00,1.979360e+00,1.005700e+00,-3.670970e+42,-2.828510e-07,-4.036350e-04,6.983340e-07,0.000000e+00,1.071050e+43,-1.438150e+43,-1.342750e+00,5.508650e-01
1.750340e+00,6.130270e+48,7.021290e+47,8.730970e+00,8.972353e-01,1.534620e+13,1.305160e+13,1.539550e+13,1.175810e+00,3.487890e-01,1.408640e+00,2.096310e+00,1.968750e+00,2.085630e+00,9.391000e-01,-1.212690e+45,-8.475030e-05,1.451470e-02,5.544280e-07,0.000000e+00,-1.300270e+45,8.757820e+43,0.000000e+00,5.753470e-01
2.669640e+00,3.702760e+48,1.357790e+48,2.727050e+00,7.316911e-01,1.693890e+13,1.266090e+13,1.743200e+13,1.337900e+00,3.949250e-01,1.408370e+00,1.791090e+00,1.687500e+00,1.787000e+00,9.422000e-01,-1.225940e+46,-1.166460e-03,4.729080e-03,1.207820e-03,0.000000e+00,1.477720e+44,-1.240720e+46,-8.396120e+01,4.774160e-01
3.625940e+00,2.874900e+48,1.488540e+48,1.931350e+00,6.588607e-01,2.132940e+13,1.545910e+13,2.146210e+13,1.379730e+00,4.862270e-01,1.408670e+00,1.898290e+00,1.781250e+00,1.890920e+00,9.383000e-01,-6.410560e+45,-5.412530e-04,-6.736890e-02,-1.013430e-04,0.000000e+00,-3.731140e+46,3.090080e+46,0.000000e+00,5.263820e-01
4.533370e+00,1.517500e+48,1.590810e+48,9.539170e-01,4.882077e-01,2.430870e+13,2.150420e+13,2.437940e+13,1.130420e+00,5.523200e-01,1.408670e+00,1.743850e+00,1.687500e+00,1.748150e+00,9.677000e-01,1.108820e+46,1.121200e-03,-4.547850e-02,0.000000e+00,0.000000e+00,2.265170e+46,-1.156350e+46,-5.104920e-01,4.774160e-01
5.461890e+00,7.882220e+47,1.343220e+48,5.868170e-01,3.698077e-01,1.751170e+13,1.560420e+13,1.766420e+13,1.122240e+00,4.001870e-01,1.408810e+00,1.849040e+00,1.781250e+00,1.847070e+00,9.633000e-01,1.097190e+46,9.847090e-04,-9.167120e-02,-1.546070e-04,0.000000e+00,-6.511440e+46,7.608630e+46,0.000000e+00,5.018990e-01
6.346760e+00,6.944140e+47,1.351400e+48,5.138460e-01,3.394309e-01,2.173240e+13,1.582270e+13,2.195720e+13,1.373490e+00,4.974440e-01,1.408840e+00,1.743850e+00,1.687500e+00,1.735290e+00,9.677000e-01,6.607500e+45,6.758720e-04,1.535760e-02,0.000000e+00,0.000000e+00,-1.272970e+46,1.933720e+46,0.000000e+00,4.774160e-01
7.260710e+00,5.484680e+47,1.405650e+48,3.901890e-01,2.806734e-01,1.312560e+13,1.328050e+13,1.485900e+13,9.883410e-01,3.366330e-01,1.408920e+00,1.820300e+00,1.781250e+00,1.844630e+00,9.785000e-01,2.383720e+46,2.148520e-03,1.675000e-01,-1.450150e-04,0.000000e+00,1.309450e+47,-1.071080e+47,-8.179600e-01,5.018990e-01
8.147000e+00,6.386810e+47,1.599450e+48,3.993130e-01,2.853637e-01,1.564930e+13,1.546410e+13,1.754090e+13,1.011980e+00,3.973920e-01,1.408960e+00,1.743850e+00,1.687500e+00,1.744860e+00,9.677000e-01,3.192430e+46,3.232650e-03,-2.681800e-02,0.000000e+00,0.000000e+00,4.884110e+45,2.704020e+46,5.536360e+00,4.774160e-01
9.057250e+00,5.942100e+47,1.397670e+48,4.251430e-01,2.983159e-01,1.226490e+13,1.408580e+13,1.423740e+13,8.707270e-01,3.225510e-01,1.409010e+00,1.820300e+00,1.781250e+00,1.836070e+00,9.785000e-01,1.663310e+46,1.511390e-03,-8.794780e-02,1.102570e-02,0.000000e+00,-5.952770e+46,7.616080e+46,0.000000e+00,5.018990e-01
9.948110e+00,5.608490e+47,1.546760e+48,3.625960e-01,2.661069e-01,1.237170e+13,1.422080e+13,1.463820e+13,8.699770e-01,3.316320e-01,1.409060e+00,1.743850e+00,1.687500e+00,1.745940e+00,9.677000e-01,-3.295670e+45,-3.341080e-04,-1.884680e-02,0.000000e+00,0.000000e+00,4.212740e+46,-4.542310e+46,-1.078230e+00,4.774160e-01
1.085830e+01,5.451060e+47,1.555330e+48,3.504770e-01,2.595209e-01,1.185080e+13,1.599420e+13,1.602290e+13,7.409430e-01,3.630010e-01,1.409110e+00,1.820300e+00,1.781250e+00,1.834180e+00,9.785000e-01,4.120980e+45,3.762440e-04,2.391210e-02,2.643180e-02,0.000000e+00,3.878870e+46,-3.466770e+46,-8.937580e-01,5.018990e-01
1.172947e+01,7.618950e+47,1.854900e+48,4.107480e-01,2.911560e-01,1.670980e+13,1.777820e+13,1.810890e+13,9.399080e-01,4.102610e-01,1.409160e+00,1.743850e+00,1.687500e+00,1.750900e+00,9.677000e-01,-3.021120e+45,-3.045380e-04,-1.695590e-01,0.000000e+00,0.000000e+00,-1.259570e+47,1.229360e+47,0.000000e+00,4.774160e-01
1.262015e+01,7.686250e+47,1.996130e+48,3.850580e-01,2.780088e-01,2.473410e+13,2.032170e+13,2.509730e+13,1.217130e+00,5.685830e-01,1.409210e+00,1.820300e+00,1.781250e+00,1.837290e+00,9.785000e-01,-1.052460e+46,-9.564650e-04,-1.151870e-01,9.794930e-03,0.000000e+00,-1.588360e+47,1.483120e+47,0.000000e+00,5.018990e-01
1.350002e+01,1.128790e+48,2.475520e+48,4.559810e-01,3.131778e-01,2.997350e+13,3.343580e+13,3.845390e+13,8.964490e-01,8.711800e-01,1.409260e+00,1.743850e+00,1.687500e+00,1.756140e+00,9.677000e-01,-1.751030e+46,-1.751960e-03,-1.872570e-01,0.000000e+00,0.000000e+00,-1.798560e+47,1.623460e+47,0.000000e+00,4.774160e-01
1.440359e+01,1.305850e+48,2.863250e+48,4.560720e-01,3.132206e-01,2.212640e+13,3.260100e+13,3.260150e+13,6.787020e-01,7.385920e-01,1.409320e+00,1.860880e+00,1.781250e+00,1.864150e+00,9.572000e-01,-2.171310e+46,-1.909870e-03,-2.274190e-01,-8.931200e-03,0.000000e+00,-2.580180e+47,2.363050e+47,0.000000e+00,5.018990e-01
1.528670e+01,1.480210e+48,2.871450e+48,5.154920e-01,3.401482e-01,1.768470e+13,1.393320e+13,1.796740e+13,1.269250e+00,4.070550e-01,1.409390e+00,1.898290e+00,1.781250e+00,1.807740e+00,9.383000e-01,-2.268840e+46,-2.152300e-03,-1.355270e-01,-3.305490e-02,0.000000e+00,-5.921020e+46,3.652190e+46,0.000000e+00,4.774160e-01
1.619077e+01,1.300430e+48,2.117710e+48,6.140730e-01,3.804492e-01,1.176550e+13,1.705490e+13,1.726260e+13,6.898590e-01,3.910880e-01,1.409430e+00,2.466180e+00,1.968750e+00,2.002720e+00,7.983000e-01,-1.250020e+46,-1.066530e-03,-2.188750e-02,-2.527720e-01,0.000000e+00,-5.399520e+46,4.149500e+46,0.000000e+00,5.263820e-01
1.675517e+01,1.278930e+48,2.011320e+48,6.358650e-01,3.887026e-01,1.427840e+13,1.736980e+13,1.802250e+13,8.220240e-01,4.083040e-01,1.409110e+00,2.269450e+00,1.875000e+00,1.785310e+00,8.262000e-01,1.620860e+46,1.719960e-03,8.812250e-02,-2.108940e-01,0.000000e+00,1.379600e+47,-1.217510e+47,-8.825120e-01,4.774160e-01
1.705223e+01,1.186840e+48,2.053240e+48,5.780350e-01,3.663004e-01,1.217640e+13,1.276260e+13,1.324950e+13,9.540660e-01,3.001700e-01,1.409170e+00,2.257800e+00,1.875000e+00,1.817240e+00,8.305000e-01,3.540730e+46,3.669430e-03,1.881640e-01,-1.192240e-01,0.000000e+00,2.336400e+47,-1.982320e+47,-8.484530e-01,4.774160e-01
1.760727e+01,1.016490e+48,2.335140e+48,4.353000e-01,3.032817e-01,1.201640e+13,1.166780e+13,1.363720e+13,1.029870e+00,3.089530e-01,1.409350e+00,2.410310e+00,2.062500e+00,1.979010e+00,8.557000e-01,7.455590e+46,6.523940e-03,1.267860e-01,-1.214560e-01,0.000000e+00,1.451960e+47,-7.063970e+46,-4.865140e-01,5.018990e-01
1.828591e+01,8.466340e+47,2.724670e+48,3.107290e-01,2.370657e-01,1.487650e+13,1.371820e+13,1.752540e+13,1.084440e+00,3.970420e-01,1.409130e+00,2.403000e+00,1.968750e+00,1.815140e+00,8.193000e-01,1.150330e+47,1.168650e-02,-4.104650e-02,-6.652570e-02,0.000000e+00,-4.197540e+46,1.570080e+47,0.000000e+00,4.774160e-01
1.876651e+01,8.954930e+47,3.090840e+48,2.897250e-01,2.246409e-01,1.608950e+13,1.538490e+13,1.890140e+13,1.045790e+00,4.282140e-01,1.409130e+00,2.351240e+00,1.875000e+00,1.777320e+00,7.975000e-01,1.442740e+47,1.553770e-02,2.756640e-02,-3.573230e-03,0.000000e+00,5.402770e+46,9.024600e+46,1.670370e+00,4.774160e-01
1.911188e+01,9.388090e+47,2.919060e+48,3.216130e-01,2.433489e-01,1.475450e+13,1.462490e+13,1.518140e+13,1.008870e+00,3.439370e-01,1.409280e+00,2.305950e+00,1.875000e+00,1.886230e+00,8.131000e-01,1.610920e+47,1.550270e-02,8.982210e-02,4.104290e-02,0.000000e+00,1.397360e+47,2.135620e+46,1.528330e-01,4.774160e-01
1.965358e+01,9.031610e+47,2.744280e+48,3.291070e-01,2.476150e-01,1.433550e+13,1.160890e+13,1.434640e+13,1.234880e+00,3.250210e-01,1.409280e+00,2.349370e+00,1.875000e+00,1.915000e+00,7.981000e-01,1.745550e+47,1.599360e-02,1.903240e-01,1.596160e-02,0.000000e+00,2.824850e+47,-1.079300e+47,-3.820740e-01,5.018990e-01
1.998473e+01,8.061650e+47,2.561750e+48,3.146930e-01,2.393661e-01,1.365130e+13,1.238760e+13,1.373030e+13,1.102020e+00,3.110630e-01,1.409160e+00,2.315450e+00,1.781250e+00,1.811210e+00,7.693000e-01,1.815710e+47,1.867280e-02,2.367370e-01,8.568990e-03,0.000000e+00,3.032460e+47,-1.216750e+47,-4.012420e-01,4.774160e-01
2.041424e+01,7.530840e+47,2.676920e+48,2.813250e-01,2.195579e-01,1.535160e+13,1.543730e+13,1.597470e+13,9.944470e-01,3.619090e-01,1.409090e+00,2.269450e+00,1.687500e+00,1.719740e+00,7.436000e-01,2.020150e+47,2.299210e-02,2.860260e-01,-2.902830e-02,0.000000e+00,3.246660e+47,-1.226500e+47,-3.777740e-01,4.774160e-01
2.074871e+01,7.566930e+47,2.644390e+48,2.861500e-01,2.224857e-01,1.485570e+13,1.622280e+13,1.627950e+13,9.157280e-01,3.688160e-01,1.409220e+00,2.257800e+00,1.875000e+00,1.822090e+00,8.305000e-01,2.311820e+47,2.374240e-02,2.674580e-01,8.659430e-02,0.000000e+00,2.652550e+47,-3.407320e+46,-1.284550e-01,4.774160e-01
2.121241e+01,7.867920e+47,2.561300e+48,3.071840e-01,2.349970e-01,1.340590e+13,1.637550e+13,1.637650e+13,8.186530e-01,3.710120e-01,1.409360e+00,2.321140e+00,1.968750e+00,1.945690e+00,8.482000e-01,2.682950e+47,2.402230e-02,2.247460e-01,6.325640e-02,0.000000e+00,2.369050e+47,3.138970e+46,1.324990e-01,5.018990e-01
2.170652e+01,8.026390e+47,2.661000e+48,3.016300e-01,2.317327e-01,1.443550e+13,1.713590e+13,1.768050e+13,8.424080e-01,4.005560e-01,1.409200e+00,2.343750e+00,1.875000e+00,1.819500e+00,8.000000e-01,2.960970e+47,2.991770e-02,2.659290e-01,-1.468070e-01,0.000000e+00,2.251750e+47,7.092220e+46,3.149650e-01,4.774160e-01
2.213040e+01,8.198960e+47,2.882360e+48,2.844530e-01,2.214586e-01,1.531970e+13,1.959430e+13,2.055170e+13,7.818430e-01,4.656030e-01,1.409110e+00,2.269450e+00,1.687500e+00,1.712700e+00,7.436000e-01,3.195350e+47,3.642670e-02,2.654420e-01,-7.877650e-02,0.000000e+00,2.440460e+47,7.548960e+46,3.093260e-01,4.774160e-01
2.237343e+01,8.207990e+47,2.861720e+48,2.868200e-01,2.228903e-01,1.327210e+13,1.833910e+13,1.878400e+13,7.237020e-01,4.255560e-01,1.409180e+00,2.269450e+00,1.875000e+00,1.759130e+00,8.262000e-01,3.349600e+47,3.642290e-02,2.334870e-01,-5.839990e-02,0.000000e+00,1.958650e+47,1.390950e+47,7.101570e-01,4.774160e-01
2.283194e+01,8.302160e+47,2.722090e+48,3.049920e-01,2.337117e-01,1.491510e+13,1.537810e+13,1.562430e+13,9.698910e-01,3.539700e-01,1.409380e+00,2.328700e+00,1.968750e+00,1.922620e+00,8.454000e-01,3.562210e+47,3.280780e-02,1.736240e-01,5.067710e-03,0.000000e+00,1.662130e+47,1.900090e+47,1.143170e+00,5.018990e-01
2.344949e+01,8.282440e+47,2.704040e+48,3.062980e-01,2.344779e-01,1.817600e+13,1.621770e+13,1.988780e+13,1.120750e+00,4.505620e-01,1.409260e+00,2.328700e+00,1.968750e+00,1.816190e+00,8.454000e-01,3.635080e+47,3.644250e-02,1.206230e-01,6.782150e-02,0.000000e+00,8.102550e+46,2.824820e+47,3.486340e+00,4.774160e-01
2.397576e+01,9.117140e+47,2.953400e+48,3.086990e-01,2.358826e-01,1.966450e+13,1.701570e+13,2.001380e+13,1.155670e+00,4.534160e-01,1.409210e+00,2.269450e+00,1.875000e+00,1.717940e+00,8.262000e-01,3.589020e+47,4.002250e-02,7.893180e-02,8.084890e-02,0.000000e+00,4.034100e+46,3.185610e+47,7.896710e+00,4.774160e-01
2.444390e+01,9.239770e+47,2.791410e+48,3.310070e-01,2.486891e-01,1.563450e+13,1.656250e+13,1.659500e+13,9.439700e-01,3.759620e-01,1.409430e+00,2.269450e+00,1.968750e+00,1.873590e+00,8.675000e-01,3.397920e+47,3.217300e-02,5.583750e-02,1.140800e-01,0.000000e+00,2.171270e+46,3.180790e+47,1.464940e+01,4.774160e-01
2.488902e+01,8.616110e+47,2.599960e+48,3.313940e-01,2.489075e-01,1.235510e+13,1.759840e+13,1.769530e+13,7.020560e-01,4.008900e-01,1.409470e+00,2.321140e+00,2.062500e+00,1.904480e+00,8.886000e-01,3.240340e+47,2.907620e-02,2.562050e-02,1.117870e-01,0.000000e+00,1.593660e+46,3.080970e+47,1.933270e+01,5.018990e-01
2.521948e+01,8.145420e+47,2.484700e+48,3.278230e-01,2.468878e-01,1.344120e+13,1.482480e+13,1.510600e+13,9.066700e-01,3.422300e-01,1.409360e+00,2.288730e+00,2.062500e+00,1.803840e+00,9.012000e-01,3.167690e+47,3.163280e-02,1.574920e-02,1.173950e-01,0.000000e+00,3.684760e+46,2.799210e+47,7.596730e+00,4.774160e-01
2.554270e+01,7.954100e+47,2.523570e+48,3.151920e-01,2.396548e-01,1.344310e+13,1.817400e+13,1.840680e+13,7.396890e-01,4.170100e-01,1.409270e+00,2.257800e+00,1.968750e+00,1.700910e+00,8.720000e-01,3.120250e+47,3.521720e-02,1.224750e-03,3.348050e-02,0.000000e+00,6.471390e+46,2.473110e+47,3.821600e+00,4.774160e-01
2.579930e+01,7.756420e+47,2.555290e+48,3.035430e-01,2.328603e-01,1.117910e+13,1.552420e+13,1.564350e+13,7.201110e-01,3.544070e-01,1.409300e+00,2.196630e+00,1.781250e+00,1.704730e+00,8.109000e-01,3.060150e+47,3.456620e-02,1.805610e-02,4.758870e-02,0.000000e+00,8.631630e+46,2.196990e+47,2.545270e+00,4.774160e-01
2.597542e+01,7.395590e+47,2.477530e+48,2.985070e-01,2.298847e-01,1.001440e+13,1.654000e+13,1.654000e+13,6.054650e-01,3.747180e-01,1.409370e+00,2.257800e+00,1.875000e+00,1.759770e+00,8.305000e-01,3.021150e+47,3.222420e-02,3.864140e-02,4.660840e-02,0.000000e+00,9.427360e+46,2.078420e+47,2.204670e+00,4.774160e-01
2.607379e+01,7.174390e+47,2.388200e+48,3.004100e-01,2.310118e-01,9.086630e+12,1.421370e+13,1.425220e+13,6.392870e-01,3.228860e-01,1.409420e+00,2.257800e+00,2.062500e+00,1.800450e+00,9.135000e-01,2.996450e+47,3.064650e-02,4.758470e-02,4.531530e-02,0.000000e+00,9.433610e+46,2.053090e+47,2.176360e+00,4.774160e-01
2.616042e+01,7.006290e+47,2.309050e+48,3.034280e-01,2.327922e-01,8.246080e+12,1.170500e+13,1.186050e+13,7.044890e-01,2.687030e-01,1.409460e+00,2.196630e+00,2.062500e+00,1.838090e+00,9.389000e-01,2.972210e+47,2.929750e-02,5.341680e-02,5.596290e-02,0.000000e+00,9.237010e+46,2.048510e+47,2.217720e+00,4.774160e-01
2.628148e+01,6.795410e+47,2.212920e+48,3.070790e-01,2.349353e-01,7.409520e+12,1.092200e+13,1.117310e+13,6.784010e-01,2.531280e-01,1.409500e+00,2.206610e+00,2.062500e+00,1.878290e+00,9.347000e-01,2.930350e+47,2.761940e-02,5.839230e-02,7.273460e-02,0.000000e+00,8.782380e+46,2.052110e+47,2.336620e+00,4.774160e-01
2.645712e+01,6.584740e+47,2.126700e+48,3.096220e-01,2.364210e-01,6.768420e+12,1.059890e+13,1.068950e+13,6.386000e-01,2.421720e-01,1.409520e+00,2.257800e+00,2.062500e+00,1.910990e+00,9.135000e-01,2.869520e+47,2.599620e-02,6.342990e-02,1.012280e-01,0.000000e+00,1.040210e+47,1.829310e+47,1.758590e+00,5.018990e-01
2.671574e+01,6.409530e+47,2.102430e+48,3.048630e-01,2.336362e-01,7.162220e+12,1.265980e+13,1.277370e+13,5.657440e-01,2.893900e-01,1.409470e+00,2.282960e+00,2.062500e+00,1.888440e+00,9.034000e-01,2.809330e+47,2.577770e-02,6.882960e-02,1.281940e-01,0.000000e+00,9.428530e+46,1.866480e+47,1.979610e+00,5.018990e-01
2.695375e+01,6.323260e+47,2.132370e+48,2.965370e-01,2.287144e-01,7.713600e+12,1.402470e+13,1.404740e+13,5.500010e-01,3.182470e-01,1.409380e+00,2.269450e+00,1.875000e+00,1.814940e+00,8.262000e-01,2.758490e+47,2.745900e-02,7.047670e-02,7.400470e-02,0.000000e+00,7.426230e+46,2.015870e+47,2.714530e+00,4.774160e-01
2.718661e+01,6.366410e+47,2.214370e+48,2.875040e-01,2.233033e-01,8.605650e+12,1.527690e+13,1.541900e+13,5.633100e-01,3.493200e-01,1.409290e+00,2.212580e+00,1.968750e+00,1.727880e+00,8.898000e-01,2.705210e+47,2.984960e-02,7.734150e-02,7.923090e-02,0.000000e+00,8.442400e+46,1.860970e+47,2.204310e+00,4.774160e-01
2.749910e+01,6.748620e+47,2.416330e+48,2.792930e-01,2.183181e-01,1.108600e+13,1.678240e+13,1.684730e+13,6.605730e-01,3.816790e-01,1.409270e+00,2.196630e+00,1.968750e+00,1.685660e+00,8.963000e-01,2.587870e+47,3.021370e-02,5.826760e-02,5.184490e-02,0.000000e+00,8.164970e+46,1.771370e+47,2.169470e+00,4.774160e-01
2.789491e+01,7.177690e+47,2.610780e+48,2.749250e-01,2.156401e-01,1.172880e+13,1.491510e+13,1.491540e+13,7.863700e-01,3.379100e-01,1.409470e+00,2.164390e+00,2.062500e+00,1.834730e+00,9.529000e-01,2.445360e+47,2.463770e-02,-3.480970e-03,1.597860e-01,0.000000e+00,3.120140e+46,2.133350e+47,6.837350e+00,4.774160e-01
2.833140e+01,6.595050e+47,2.656010e+48,2.483060e-01,1.989146e-01,1.159770e+13,1.448980e+13,1.451350e+13,8.004030e-01,3.288050e-01,1.409590e+00,2.228410e+00,1.968750e+00,1.947780e+00,8.835000e-01,2.340480e+47,2.095190e-02,-5.487260e-02,9.939200e-02,0.000000e+00,-1.285750e+46,2.469060e+47,0.000000e+00,5.018990e-01
2.879648e+01,6.066200e+47,2.721700e+48,2.228820e-01,1.822599e-01,1.054160e+13,1.687690e+13,1.688330e+13,6.246160e-01,3.824940e-01,1.409410e+00,2.281040e+00,2.062500e+00,1.808560e+00,9.042000e-01,2.227840e+47,2.296010e-02,-1.158650e-01,-2.135020e-02,0.000000e+00,-7.358640e+46,2.963710e+47,0.000000e+00,4.774160e-01
2.917796e+01,6.272870e+47,2.870270e+48,2.185460e-01,1.793500e-01,1.331470e+13,1.823210e+13,1.830950e+13,7.302890e-01,4.148060e-01,1.409320e+00,2.137830e+00,1.968750e+00,1.705770e+00,9.209000e-01,2.175620e+47,2.537270e-02,-1.643210e-01,8.541090e-02,0.000000e+00,-1.109080e+47,3.284700e+47,0.000000e+00,4.774160e-01
2.941021e+01,6.375870e+47,2.854990e+48,2.233240e-01,1.825547e-01,1.135360e+13,1.703770e+13,1.705080e+13,6.663790e-01,3.862890e-01,1.409400e+00,2.071010e+00,1.875000e+00,1.759130e+00,9.054000e-01,2.156360e+47,2.412550e-02,-1.443230e-01,6.231110e-03,0.000000e+00,-1.117530e+47,3.273890e+47,0.000000e+00,4.774160e-01
2.958680e+01,6.330720e+47,2.769590e+48,2.285800e-01,1.860520e-01,9.858850e+12,1.513870e+13,1.575380e+13,6.512340e-01,3.569050e-01,1.409480e+00,2.188620e+00,1.968750e+00,1.828200e+00,8.995000e-01,2.156060e+47,2.236660e-02,-1.149560e-01,7.677280e-02,0.000000e+00,-1.020370e+47,3.176430e+47,0.000000e+00,4.774160e-01
2.981892e+01,6.200830e+47,2.674730e+48,2.318300e-01,1.881996e-01,9.405080e+12,1.321460e+13,1.324450e+13,7.117160e-01,3.000570e-01,1.409570e+00,2.281040e+00,2.062500e+00,1.914360e+00,9.042000e-01,2.151520e+47,2.029100e-02,-8.053920e-02,8.007790e-02,0.000000e+00,-8.125700e+46,2.964090e+47,0.000000e+00,4.774160e-01
3.008550e+01,6.043700e+47,2.574830e+48,2.347220e-01,1.901010e-01,8.534990e+12,1.430060e+13,1.434620e+13,5.968260e-01,3.250170e-01,1.409550e+00,2.281040e+00,2.156250e+00,1.927360e+00,9.453000e-01,2.133530e+47,1.929780e-02,-4.868660e-02,4.575730e-02,0.000000e+00,-6.737980e+46,2.807330e+47,0.000000e+00,5.018990e-01
3.033081e+01,5.942260e+47,2.514490e+48,2.363210e-01,1.911486e-01,9.104950e+12,1.310730e+13,1.310730e+13,6.946480e-01,2.969480e-01,1.409450e+00,2.281040e+00,2.156250e+00,1.869610e+00,9.453000e-01,2.089600e+47,1.980830e-02,-2.047070e-02,4.916450e-02,0.000000e+00,-4.150630e+46,2.504670e+47,0.000000e+00,4.774160e-01
3.058160e+01,5.894610e+47,2.528830e+48,2.330960e-01,1.890332e-01,1.030580e+13,1.432210e+13,1.432210e+13,7.195790e-01,3.244690e-01,1.409340e+00,2.343750e+00,2.156250e+00,1.773800e+00,9.200000e-01,2.017410e+47,2.127310e-02,7.454540e-03,9.534700e-03,0.000000e+00,-2.843380e+46,2.301750e+47,0.000000e+00,4.774160e-01
3.080292e+01,5.911030e+47,2.614810e+48,2.260590e-01,1.843789e-01,1.054740e+13,1.484250e+13,1.484460e+13,7.106210e-01,3.363080e-01,1.409270e+00,2.206610e+00,2.062500e+00,1.697960e+00,9.347000e-01,1.936560e+47,2.224530e-02,2.114030e-02,2.133270e-02,0.000000e+00,-2.155560e+46,2.152110e+47,0.000000e+00,4.774160e-01
3.100498e+01,5.911750e+47,2.720580e+48,2.172970e-01,1.785080e-01,1.160290e+13,1.440430e+13,1.511740e+13,8.055130e-01,3.424870e-01,1.409270e+00,2.115100e+00,2.062500e+00,1.683780e+00,9.751000e-01,1.854120e+47,2.165660e-02,2.076210e-02,-2.569190e-03,0.000000e+00,-1.611460e+46,2.015270e+47,0.000000e+00,4.774160e-01
3.115475e+01,5.874220e+47,2.753060e+48,2.133710e-01,1.758498e-01,1.168540e+13,1.532110e+13,1.536820e+13,7.627000e-01,3.481690e-01,1.409320e+00,2.236290e+00,2.062500e+00,1.720910e+00,9.223000e-01,1.796680e+47,2.025360e-02,1.890770e-02,-1.499220e-02,0.000000e+00,-9.900470e+45,1.895680e+47,0.000000e+00,4.774160e-01
3.123737e+01,5.831120e+47,2.735680e+48,2.131510e-01,1.757000e-01,1.108290e+13,1.545020e+13,1.548200e+13,7.173300e-01,3.507480e-01,1.409360e+00,2.236290e+00,2.062500e+00,1.750870e+00,9.223000e-01,1.767210e+47,1.929720e-02,2.061020e-02,-3.551860e-02,0.000000e+00,-4.859470e+45,1.815800e+47,0.000000e+00,4.774160e-01
3.130937e+01,5.779250e+47,2.708450e+48,2.133780e-01,1.758548e-01,1.025970e+13,1.526670e+13,1.528690e+13,6.720350e-01,3.463270e-01,1.409400e+00,2.236290e+00,1.968750e+00,1.780180e+00,8.804000e-01,1.742990e+47,1.844760e-02,2.323290e-02,-3.440950e-02,0.000000e+00,-2.459610e+43,1.743240e+47,0.000000e+00,4.774160e-01
3.137795e+01,5.728330e+47,2.675930e+48,2.140690e-01,1.763233e-01,1.022100e+13,1.490700e+13,1.492310e+13,6.856520e-01,3.380850e-01,1.409430e+00,2.236290e+00,2.062500e+00,1.807780e+00,9.223000e-01,1.721970e+47,1.767780e-02,2.624760e-02,-4.369840e-02,0.000000e+00,4.722520e+45,1.674740e+47,3.546290e+01,4.774160e-01
3.144132e+01,5.676730e+47,2.641210e+48,2.149290e-01,1.769069e-01,1.007530e+13,1.433690e+13,1.435320e+13,7.027500e-01,3.251740e-01,1.409450e+00,2.137830e+00,2.062500e+00,1.830370e+00,9.648000e-01,1.705570e+47,1.704020e-02,2.941650e-02,-4.738280e-02,0.000000e+00,9.130210e+45,1.614270e+47,1.768050e+01,4.774160e-01
3.150603e+01,5.624750e+47,2.602180e+48,2.161550e-01,1.777364e-01,9.919400e+12,1.353760e+13,1.355580e+13,7.327300e-01,3.071080e-01,1.409480e+00,2.137830e+00,2.062500e+00,1.854080e+00,9.648000e-01,1.691470e+47,1.647520e-02,3.380400e-02,-4.068380e-02,0.000000e+00,1.376790e+46,1.553790e+47,1.128550e+01,4.774160e-01
3.159015e+01,5.549800e+47,2.551710e+48,2.174930e-01,1.786401e-01,9.733390e+12,1.254030e+13,1.255780e+13,7.761720e-01,2.845000e-01,1.409500e+00,2.137830e+00,2.156250e+00,1.879130e+00,1.008600e+00,1.675130e+47,1.587360e-02,4.334610e-02,-4.804890e-02,0.000000e+00,2.052980e+46,1.469830e+47,7.159520e+00,4.774160e-01
3.170910e+01,5.433290e+47,2.482030e+48,2.189050e-01,1.795917e-01,9.369870e+12,1.157660e+13,1.157770e+13,8.093830e-01,2.622950e-01,1.409510e+00,2.164390e+00,2.156250e+00,1.895510e+00,9.962000e-01,1.661340e+47,1.536140e-02,5.956470e-02,-7.686340e-02,0.000000e+00,2.139140e+46,1.447420e+47,6.766370e+00,5.018990e-01
3.181990e+01,5.328860e+47,2.413410e+48,2.208020e-01,1.808665e-01,8.662090e+12,1.105010e+13,1.106100e+13,7.838960e-01,2.505890e-01,1.409500e+00,2.180570e+00,2.156250e+00,1.895380e+00,9.888000e-01,1.667140e+47,1.533650e-02,6.914820e-02,-8.500130e-02,0.000000e+00,3.334810e+46,1.333650e+47,3.999200e+00,5.018990e-01
3.191442e+01,5.234900e+47,2.359430e+48,2.218710e-01,1.815831e-01,7.915110e+12,1.116340e+13,1.116880e+13,7.090250e-01,2.530300e-01,1.409480e+00,2.315450e+00,2.156250e+00,1.884010e+00,9.312000e-01,1.672120e+47,1.553590e-02,7.332670e-02,-9.144820e-02,0.000000e+00,4.295230e+46,1.242600e+47,2.892980e+00,5.018990e-01
3.201556e+01,5.130010e+47,2.311650e+48,2.219200e-01,1.816160e-01,7.256820e+12,1.126030e+13,1.126360e+13,6.444610e-01,2.551800e-01,1.409450e+00,2.343750e+00,2.156250e+00,1.861320e+00,9.200000e-01,1.672730e+47,1.593060e-02,6.833930e-02,-9.299920e-02,0.000000e+00,5.678700e+46,1.104860e+47,1.945620e+00,4.774160e-01
3.212522e+01,5.024310e+47,2.267310e+48,2.215980e-01,1.814003e-01,7.616580e+12,1.138530e+13,1.139100e+13,6.689830e-01,2.580640e-01,1.409400e+00,2.343750e+00,2.250000e+00,1.824540e+00,9.600000e-01,1.668790e+47,1.655770e-02,5.996330e-02,-6.604090e-02,0.000000e+00,5.622380e+46,1.106550e+47,1.968120e+00,4.774160e-01
3.221689e+01,4.960450e+47,2.235910e+48,2.218530e-01,1.815712e-01,7.607020e+12,1.143930e+13,1.144570e+13,6.649900e-01,2.593040e-01,1.409360e+00,2.343750e+00,2.250000e+00,1.786490e+00,9.600000e-01,1.660080e+47,1.718820e-02,5.322930e-02,-3.126750e-02,0.000000e+00,5.218770e+46,1.138210e+47,2.180990e+00,4.774160e-01
3.230424e+01,4.929970e+47,2.217230e+48,2.223480e-01,1.819025e-01,7.832510e+12,1.171600e+13,1.179980e+13,6.685290e-01,2.673270e-01,1.409320e+00,2.366140e+00,2.250000e+00,1.750190e+00,9.509000e-01,1.647770e+47,1.783530e-02,4.811140e-02,-1.712420e-02,0.000000e+00,4.588860e+46,1.188880e+47,2.590800e+00,4.774160e-01
3.240358e+01,4.927440e+47,2.210200e+48,2.229410e-01,1.822990e-01,8.437040e+12,1.202520e+13,1.216030e+13,7.016140e-01,2.754930e-01,1.409270e+00,2.366140e+00,2.156250e+00,1.708850e+00,9.113000e-01,1.628230e+47,1.852490e-02,4.087580e-02,-3.524710e-02,0.000000e+00,3.696730e+46,1.258560e+47,3.404530e+00,4.774160e-01
3.254946e+01,4.968650e+47,2.235470e+48,2.222650e-01,1.818466e-01,8.870270e+12,1.301370e+13,1.324130e+13,6.816120e-01,2.999830e-01,1.409230e+00,2.137830e+00,2.156250e+00,1.659090e+00,1.008600e+00,1.591180e+47,1.916230e-02,2.612720e-02,-1.679760e-03,0.000000e+00,2.269600e+46,1.364220e+47,6.010850e+00,4.774160e-01
3.283070e+01,5.184100e+47,2.363610e+48,2.193300e-01,1.798775e-01,8.323230e+12,1.478360e+13,1.508990e+13,5.630040e-01,3.418640e-01,1.409270e+00,2.115100e+00,2.156250e+00,1.670730e+00,1.019500e+00,1.495880e+47,1.783790e-02,1.786400e-02,-2.097740e-02,0.000000e+00,1.146940e+45,1.484410e+47,1.294230e+02,4.774160e-01
3.308619e+01,5.263360e+47,2.328040e+48,2.260860e-01,1.843962e-01,7.887590e+12,1.350990e+13,1.359990e+13,5.838380e-01,3.081090e-01,1.409420e+00,2.419400e+00,2.062500e+00,1.787470e+00,8.525000e-01,1.403390e+47,1.474820e-02,2.297110e-02,-4.875130e-02,0.000000e+00,-6.491600e+44,1.409890e+47,0.000000e+00,4.774160e-01
3.329997e+01,5.178160e+47,2.224520e+48,2.327770e-01,1.888232e-01,7.246190e+12,1.276070e+13,1.297020e+13,5.678540e-01,2.938420e-01,1.409530e+00,2.419400e+00,2.062500e+00,1.885290e+00,8.525000e-01,1.339000e+47,1.266850e-02,2.954020e-02,-4.029850e-02,0.000000e+00,2.922400e+45,1.309770e+47,4.481830e+01,4.774160e-01
3.356789e+01,5.025220e+47,2.093560e+48,2.400320e-01,1.935693e-01,6.886480e+12,1.226450e+13,1.291310e+13,5.614990e-01,2.925490e-01,1.409540e+00,2.164390e+00,2.156250e+00,1.914090e+00,9.962000e-01,1.282200e+47,1.153710e-02,3.933070e-02,-1.113490e-02,0.000000e+00,-6.106920e+45,1.343270e+47,0.000000e+00,5.018990e-01
3.380842e+01,4.838890e+47,1.994940e+48,2.425590e-01,1.952089e-01,7.141130e+12,1.296300e+13,1.348160e+13,5.508870e-01,3.054290e-01,1.409470e+00,2.164390e+00,2.156250e+00,1.858610e+00,9.962000e-01,1.256100e+47,1.190970e-02,5.753440e-02,-9.820820e-03,0.000000e+00,1.592800e+46,1.096820e+47,6.886120e+00,4.774160e-01
3.402310e+01,4.702750e+47,1.963000e+48,2.395690e-01,1.932682e-01,7.266400e+12,1.382130e+13,1.430240e+13,5.257390e-01,3.240220e-01,1.409360e+00,2.137830e+00,2.156250e+00,1.766410e+00,1.008600e+00,1.248830e+47,1.318540e-02,6.995160e-02,-4.307170e-02,0.000000e+00,3.235150e+46,9.253110e+46,2.860180e+00,4.774160e-01
3.421107e+01,4.695790e+47,2.014280e+48,2.331260e-01,1.890526e-01,1.010670e+13,1.425630e+13,1.440900e+13,7.089270e-01,3.264390e-01,1.409270e+00,2.115100e+00,2.156250e+00,1.679630e+00,1.019500e+00,1.253450e+47,1.463820e-02,7.182620e-02,-1.633060e-02,0.000000e+00,5.066670e+46,7.467800e+46,1.473910e+00,4.774160e-01
3.438734e+01,4.771850e+47,2.115950e+48,2.255180e-01,1.840184e-01,1.160570e+13,1.424850e+13,1.449460e+13,8.145150e-01,3.283770e-01,1.409240e+00,2.137830e+00,2.156250e+00,1.637660e+00,1.008600e+00,1.250520e+47,1.541910e-02,6.363640e-02,-3.911360e-03,0.000000e+00,6.310200e+46,6.195020e+46,9.817470e-01,4.284500e-01
3.458662e+01,4.776000e+47,2.186890e+48,2.183930e-01,1.792465e-01,1.043360e+13,1.484020e+13,1.494250e+13,7.030610e-01,3.385260e-01,1.409290e+00,2.137830e+00,2.156250e+00,1.663800e+00,1.008600e+00,1.239860e+47,1.491690e-02,5.706790e-02,1.212790e-02,0.000000e+00,6.838590e+46,5.560010e+46,8.130340e-01,4.774160e-01
3.475389e+01,4.674890e+47,2.139460e+48,2.185070e-01,1.793238e-01,7.456670e+12,1.442310e+13,1.484750e+13,5.169970e-01,3.363730e-01,1.409390e+00,2.137830e+00,2.062500e+00,1.745490e+00,9.648000e-01,1.235850e+47,1.364380e-02,5.618140e-02,-5.135850e-02,0.000000e+00,7.188020e+46,5.170500e+46,7.193220e-01,4.774160e-01
3.493845e+01,4.532340e+47,2.017510e+48,2.246510e-01,1.834406e-01,6.253000e+12,1.377940e+13,1.420080e+13,4.537950e-01,3.217220e-01,1.409520e+00,2.115100e+00,2.062500e+00,1.849280e+00,9.751000e-01,1.213580e+47,1.192990e-02,5.960010e-02,-2.848560e-02,0.000000e+00,7.454980e+46,4.680840e+46,6.278810e-01,4.774160e-01
3.509820e+01,4.398700e+47,1.886320e+48,2.331890e-01,1.890945e-01,6.007510e+12,1.327270e+13,1.342870e+13,4.526210e-01,3.042310e-01,1.409610e+00,2.206610e+00,2.062500e+00,1.927660e+00,9.347000e-01,1.182190e+47,1.073080e-02,6.094950e-02,-3.201930e-02,0.000000e+00,6.558640e+46,5.263220e+46,8.024870e-01,5.018990e-01
3.542419e+01,4.066740e+47,1.767450e+48,2.300900e-01,1.870517e-01,6.918110e+12,1.245830e+13,1.285900e+13,5.553010e-01,2.913240e-01,1.409580e+00,2.228410e+00,2.156250e+00,1.926480e+00,9.676000e-01,1.102070e+47,9.678030e-03,4.042510e-02,-1.055500e-02,0.000000e+00,4.498290e+46,6.522420e+46,1.449980e+00,5.018990e-01
3.574759e+01,3.716240e+47,1.722300e+48,2.157730e-01,1.774778e-01,8.298900e+12,1.502710e+13,1.511080e+13,5.522640e-01,3.423390e-01,1.409410e+00,2.194630e+00,2.062500e+00,1.791080e+00,9.398000e-01,1.032750e+47,1.050710e-02,1.342800e-02,-5.269200e-02,0.000000e+00,1.582210e+46,8.745330e+46,5.527270e+00,4.774160e-01
3.600164e+01,3.623250e+47,1.775020e+48,2.041240e-01,1.695210e-01,1.165710e+13,1.974060e+13,1.986090e+13,5.905160e-01,4.499530e-01,1.409270e+00,2.164390e+00,2.156250e+00,1.651650e+00,9.962000e-01,9.858840e+46,1.184800e-02,2.484010e-04,7.865780e-03,0.000000e+00,-1.710760e+46,1.156960e+47,0.000000e+00,4.774160e-01
3.620481e+01,3.663320e+47,1.876210e+48,1.952510e-01,1.633557e-01,1.110690e+13,2.188700e+13,2.224610e+13,5.074630e-01,5.039900e-01,1.409230e+00,2.164390e+00,2.156250e+00,1.598090e+00,9.962000e-01,9.203330e+46,1.179130e-02,-1.188170e-02,7.322330e-04,0.000000e+00,-2.637200e+46,1.184050e+47,0.000000e+00,4.284500e-01
3.634339e+01,3.743700e+47,1.927440e+48,1.942320e-01,1.626418e-01,1.166170e+13,2.159380e+13,2.204690e+13,5.400500e-01,4.994770e-01,1.409270e+00,2.047530e+00,2.156250e+00,1.622160e+00,1.053100e+00,8.413870e+46,1.055520e-02,-1.973350e-02,2.003500e-02,0.000000e+00,-3.234300e+46,1.164820e+47,0.000000e+00,4.284500e-01
3.645107e+01,3.808270e+47,1.929760e+48,1.973440e-01,1.648180e-01,1.062590e+13,2.013550e+13,2.064080e+13,5.277180e-01,4.676210e-01,1.409330e+00,2.064630e+00,2.062500e+00,1.663750e+00,9.990000e-01,7.721950e+46,9.225310e-03,-3.304320e-02,1.268450e-02,0.000000e+00,-4.493330e+46,1.221530e+47,0.000000e+00,4.774160e-01
3.658170e+01,3.893960e+47,1.905620e+48,2.043410e-01,1.696701e-01,8.600540e+12,1.764310e+13,1.807590e+13,4.874740e-01,4.095140e-01,1.409410e+00,1.932710e+00,1.968750e+00,1.736270e+00,1.018600e+00,6.930490e+46,7.639130e-03,-5.500330e-02,-3.906930e-02,0.000000e+00,-4.766120e+46,1.169660e+47,0.000000e+00,4.774160e-01
3.679599e+01,4.031900e+47,1.837600e+48,2.194120e-01,1.799324e-01,8.183910e+12,1.389270e+13,1.423670e+13,5.890790e-01,3.225350e-01,1.409560e+00,2.056100e+00,1.968750e+00,1.852780e+00,9.575000e-01,6.103410e+46,5.883360e-03,-7.166310e-02,-3.459550e-02,0.000000e+00,-4.233690e+46,1.033710e+47,0.000000e+00,4.774160e-01
3.698399e+01,4.032730e+47,1.765390e+48,2.284330e-01,1.859548e-01,7.854670e+12,1.248760e+13,1.281660e+13,6.289960e-01,2.903630e-01,1.409650e+00,2.158290e+00,2.062500e+00,1.927170e+00,9.556000e-01,5.484880e+46,4.897490e-03,-6.813840e-02,-9.419640e-03,0.000000e+00,-4.020630e+46,9.505510e+46,0.000000e+00,5.018990e-01
3.734509e+01,3.934340e+47,1.756620e+48,2.239720e-01,1.829876e-01,9.162580e+12,1.269820e+13,1.340280e+13,7.215680e-01,3.036430e-01,1.409570e+00,2.164390e+00,2.062500e+00,1.880290e+00,9.529000e-01,4.711720e+46,4.328030e-03,-3.586450e-02,4.580200e-02,0.000000e+00,-1.516200e+46,6.227930e+46,0.000000e+00,5.018990e-01
3.771706e+01,3.769990e+47,1.927050e+48,1.956350e-01,1.636247e-01,9.421400e+12,1.708850e+13,1.774310e+13,5.513290e-01,4.019740e-01,1.409380e+00,2.106770e+00,1.968750e+00,1.704190e+00,9.345000e-01,4.635520e+46,5.239070e-03,4.050590e-02,3.639960e-02,0.000000e+00,2.127650e+46,2.507870e+46,1.178700e+00,4.774160e-01
3.802426e+01,3.938080e+47,2.107250e+48,1.868820e-01,1.574565e-01,8.716000e+12,1.699720e+13,1.759320e+13,5.127900e-01,3.985770e-01,1.409330e+00,2.056100e+00,1.781250e+00,1.627430e+00,8.663000e-01,4.177580e+46,5.172690e-03,6.054490e-02,2.695150e-02,0.000000e+00,5.014660e+46,-8.370830e+45,-1.669270e-01,4.284500e-01
3.828176e+01,4.201200e+47,2.026860e+48,2.072770e-01,1.716894e-01,9.022600e+12,1.531550e+13,1.564240e+13,5.891160e-01,3.543800e-01,1.409470e+00,2.023780e+00,1.875000e+00,1.722730e+00,9.265000e-01,3.759570e+46,4.215170e-03,4.800320e-02,7.463430e-02,0.000000e+00,6.567760e+46,-2.808190e+46,-4.275720e-01,4.774160e-01
3.851242e+01,4.311790e+47,1.848810e+48,2.332200e-01,1.891146e-01,8.532680e+12,1.470420e+13,1.470730e+13,5.802870e-01,3.331960e-01,1.409640e+00,2.012900e+00,2.062500e+00,1.858070e+00,1.024600e+00,3.561830e+46,3.459840e-03,6.104300e-02,3.543420e-02,0.000000e+00,6.775210e+46,-3.213380e+46,-4.742840e-01,4.774160e-01
3.896205e+01,4.440920e+47,1.735590e+48,2.558730e-01,2.037413e-01,1.002270e+13,1.330860e+13,1.334870e+13,7.530980e-01,3.024180e-01,1.409740e+00,2.139880e+00,2.156250e+00,1.938390e+00,1.007600e+00,3.334000e+46,2.901710e-03,9.097700e-02,5.272440e-02,0.000000e+00,8.069130e+46,-4.735130e+46,-5.868210e-01,5.018990e-01
3.930527e+01,4.005150e+47,1.625530e+48,2.463910e-01,1.976835e-01,8.833440e+12,1.492040e+13,1.523680e+13,5.920360e-01,3.451920e-01,1.409560e+00,2.056100e+00,2.156250e+00,1.796390e+00,1.048700e+00,2.853030e+46,2.875960e-03,7.328700e-02,2.021440e-02,0.000000e+00,7.000850e+46,-4.147830e+46,-5.924750e-01,4.774160e-01
3.952991e+01,3.855500e+47,1.621740e+48,2.377380e-01,1.920747e-01,1.040860e+13,1.615870e+13,1.618930e+13,6.441480e-01,3.667720e-01,1.409430e+00,2.064630e+00,2.062500e+00,1.672590e+00,9.990000e-01,2.306310e+46,2.698740e-03,5.354020e-02,5.708390e-03,0.000000e+00,9.061600e+46,-6.755280e+46,-7.454850e-01,4.774160e-01
3.968794e+01,3.897260e+47,1.644590e+48,2.369750e-01,1.915762e-01,1.219540e+13,1.759270e+13,1.763810e+13,6.932110e-01,3.995940e-01,1.409370e+00,2.028120e+00,2.156250e+00,1.608720e+00,1.063200e+00,1.970530e+46,2.476190e-03,5.183630e-02,2.423790e-02,0.000000e+00,8.231720e+46,-6.261180e+46,-7.606170e-01,4.284500e-01
3.985340e+01,3.935360e+47,1.671600e+48,2.354240e-01,1.905612e-01,1.391710e+13,1.807060e+13,1.812710e+13,7.701530e-01,4.106730e-01,1.409390e+00,1.932710e+00,2.062500e+00,1.610140e+00,1.067200e+00,1.862280e+46,2.348460e-03,6.241780e-02,-2.408800e-02,0.000000e+00,8.183310e+46,-6.321030e+46,-7.724290e-01,4.284500e-01
4.011690e+01,3.909870e+47,1.666090e+48,2.346730e-01,1.900690e-01,1.557380e+13,1.549860e+13,1.620930e+13,1.004850e+00,3.672260e-01,1.409560e+00,1.898290e+00,1.875000e+00,1.733790e+00,9.877000e-01,1.995220e+46,2.194150e-03,7.453100e-02,-4.555530e-02,0.000000e+00,8.956890e+46,-6.961670e+46,-7.772420e-01,4.774160e-01
4.032516e+01,3.798800e+47,1.566230e+48,2.425440e-01,1.951997e-01,1.385920e+13,1.382800e+13,1.434630e+13,1.002260e+00,3.250180e-01,1.409710e+00,1.993150e+00,2.062500e+00,1.856880e+00,1.034800e+00,2.072130e+46,1.984010e-03,7.901750e-02,-7.806180e-02,0.000000e+00,7.809950e+46,-5.737820e+46,-7.346800e-01,4.774160e-01
4.064837e+01,3.637970e+47,1.466080e+48,2.481430e-01,1.988098e-01,1.004910e+13,1.369360e+13,1.371640e+13,7.338560e-01,3.107470e-01,1.409800e+00,2.137830e+00,2.156250e+00,1.935970e+00,1.008600e+00,2.123950e+46,1.838880e-03,8.128140e-02,-6.856830e-02,0.000000e+00,1.191530e+47,-9.791380e+46,-8.217460e-01,5.018990e-01
4.112318e+01,3.141230e+47,1.332760e+48,2.356950e-01,1.907386e-01,1.258010e+13,1.616550e+13,1.619040e+13,7.782070e-01,3.667960e-01,1.409600e+00,2.058230e+00,2.062500e+00,1.759850e+00,1.002100e+00,1.792370e+46,1.863020e-03,9.537160e-02,1.872680e-02,0.000000e+00,1.109900e+47,-9.306610e+46,-8.385110e-01,4.774160e-01
4.171804e+01,3.234500e+47,1.447980e+48,2.233800e-01,1.825926e-01,1.331290e+13,1.712530e+13,1.733280e+13,7.773830e-01,3.926780e-01,1.409590e+00,1.743850e+00,1.687500e+00,1.663610e+00,9.677000e-01,6.464000e+45,7.481820e-04,6.216640e-02,0.000000e+00,0.000000e+00,7.196270e+46,-6.549870e+46,-9.101760e-01,4.774160e-01
4.258076e+01,2.993840e+47,1.444160e+48,2.073060e-01,1.717096e-01,1.088730e+13,1.675110e+13,1.695920e+13,6.499460e-01,3.842150e-01,1.409980e+00,2.141940e+00,1.875000e+00,1.936640e+00,8.754000e-01,-1.883470e+46,-1.567420e-03,-3.097940e-02,-5.565620e-02,0.000000e+00,-4.985050e+46,3.101580e+46,0.000000e+00,5.263820e-01
4.333423e+01,3.071960e+47,1.445740e+48,2.124840e-01,1.752467e-01,1.147030e+13,2.376390e+13,2.376590e+13,4.826750e-01,5.384210e-01,1.409680e+00,1.690100e+00,1.500000e+00,1.591670e+00,8.875000e-01,-3.973240e+46,-4.955350e-03,8.411910e-02,0.000000e+00,0.000000e+00,4.509610e+46,-8.482850e+46,-1.881060e+00,4.284500e-01
4.414547e+01,3.258360e+47,1.326810e+48,2.455790e-01,1.971603e-01,9.726840e+12,1.917580e+13,1.917590e+13,5.072460e-01,4.344340e-01,1.410170e+00,2.115100e+00,1.968750e+00,1.959430e+00,9.308000e-01,-5.943640e+46,-4.732590e-03,1.087910e-01,-3.167030e-02,0.000000e+00,7.189700e+46,-1.313330e+47,-1.826690e+00,5.508650e-01
4.504531e+01,3.944300e+47,1.258900e+48,3.133140e-01,2.385673e-01,1.369090e+13,1.853820e+13,1.880730e+13,7.385270e-01,4.260830e-01,1.409810e+00,1.612940e+00,1.593750e+00,1.586060e+00,9.881000e-01,-7.038410e+46,-8.785380e-03,7.251030e-02,0.000000e+00,0.000000e+00,1.368650e+45,-7.175280e+46,-5.242590e+01,4.284500e-01
4.594592e+01,3.759710e+47,9.922360e+47,3.789120e-01,2.747908e-01,7.891570e+12,1.391800e+13,1.414000e+13,5.670060e-01,3.203450e-01,1.410310e+00,2.006340e+00,1.968750e+00,1.975100e+00,9.813000e-01,-7.841590e+46,-6.096110e-03,2.223390e-03,-3.563400e-02,0.000000e+00,-4.130760e+46,-3.710820e+46,0.000000e+00,5.508650e-01
4.684086e+01,4.816930e+47,1.011860e+48,4.760490e-01,3.225157e-01,1.546350e+13,1.654490e+13,1.654770e+13,9.346390e-01,3.748920e-01,1.409910e+00,1.596500e+00,1.593750e+00,1.577230e+00,9.983000e-01,-7.737090e+46,-9.712830e-03,3.121400e-02,0.000000e+00,0.000000e+00,3.219240e+46,-1.095630e+47,-3.403390e+00,4.284500e-01
4.772086e+01,3.526110e+47,9.045480e+47,3.898200e-01,2.804824e-01,7.135280e+12,1.156040e+13,1.158380e+13,6.172190e-01,2.624330e-01,1.410420e+00,2.006340e+00,1.968750e+00,1.980060e+00,9.813000e-01,-8.307620e+46,-6.402980e-03,-3.388720e-02,-5.010480e-02,0.000000e+00,1.130750e+45,-8.420690e+46,-7.447010e+01,5.508650e-01
4.860471e+01,4.310460e+47,1.204090e+48,3.579840e-01,2.636144e-01,1.120610e+13,2.230680e+13,2.284880e+13,5.023610e-01,5.176430e-01,1.409990e+00,1.590990e+00,1.500000e+00,1.566720e+00,9.428000e-01,-1.086270e+47,-1.384260e-02,-1.396710e-01,0.000000e+00,0.000000e+00,-7.039700e+46,-3.823000e+46,0.000000e+00,4.284500e-01
4.949342e+01,4.177180e+47,1.286850e+48,3.246050e-01,2.450578e-01,7.035270e+12,1.415180e+13,1.422640e+13,4.971300e-01,3.223010e-01,1.410530e+00,2.028120e+00,1.968750e+00,2.000600e+00,9.707000e-01,-1.457240e+47,-1.098640e-02,-2.059740e-01,-5.620060e-02,0.000000e+00,-1.853760e+47,3.965180e+46,0.000000e+00,5.508650e-01
5.038867e+01,3.958470e+47,1.444200e+48,2.740940e-01,2.151288e-01,1.217170e+13,2.265510e+13,2.272450e+13,5.372620e-01,5.148280e-01,1.410040e+00,1.560310e+00,1.500000e+00,1.543480e+00,9.613000e-01,-1.743230e+47,-2.290770e-02,-1.415950e-01,0.000000e+00,0.000000e+00,-1.192470e+47,-5.507620e+46,0.000000e+00,4.284500e-01
5.129114e+01,3.360830e+47,1.134330e+48,2.962840e-01,2.285643e-01,1.279320e+13,1.393970e+13,1.452110e+13,9.177530e-01,3.289780e-01,1.410640e+00,2.028120e+00,1.968750e+00,2.019660e+00,9.707000e-01,-1.815640e+47,-1.344950e-02,-6.569880e-02,-1.476830e-02,0.000000e+00,-4.378050e+46,-1.377830e+47,0.000000e+00,5.508650e-01
5.218827e+01,3.695980e+47,1.113600e+48,3.318940e-01,2.491894e-01,1.880550e+13,2.164540e+13,2.219910e+13,8.687980e-01,5.029240e-01,1.410100e+00,1.537610e+00,1.500000e+00,1.525070e+00,9.755000e-01,-1.818520e+47,-2.449340e-02,-1.404990e-01,0.000000e+00,0.000000e+00,-5.503180e+46,-1.268200e+47,0.000000e+00,4.284500e-01
5.310352e+01,3.936380e+47,9.849610e+47,3.996490e-01,2.855350e-01,1.457510e+13,1.763630e+13,1.764170e+13,8.264300e-01,3.996760e-01,1.410740e+00,2.028120e+00,1.968750e+00,2.033830e+00,9.707000e-01,-1.829870e+47,-1.331870e-02,-1.456760e-01,4.168350e-02,0.000000e+00,-1.974050e+47,1.441770e+46,0.000000e+00,5.753470e-01
5.399793e+01,3.137670e+47,8.844350e+47,3.547660e-01,2.618652e-01,1.790640e+13,1.643880e+13,1.810750e+13,1.089280e+00,4.102290e-01,1.410170e+00,1.526140e+00,1.500000e+00,1.512790e+00,9.829000e-01,-2.289680e+47,-3.131760e-02,-3.343050e-01,0.000000e+00,0.000000e+00,-2.968010e+47,6.783320e+46,0.000000e+00,4.284500e-01
5.489947e+01,2.263060e+47,7.687750e+47,2.943720e-01,2.274247e-01,1.030570e+13,1.086240e+13,1.099500e+13,9.487480e-01,2.490950e-01,1.410830e+00,2.064630e+00,1.968750e+00,2.041960e+00,9.536000e-01,-2.734110e+47,-1.972260e-02,-2.134610e-01,2.271460e-02,0.000000e+00,-2.461240e+47,-2.728740e+46,0.000000e+00,5.753470e-01
5.578909e+01,2.561990e+47,8.507350e+47,3.011500e-01,2.314490e-01,1.521560e+13,1.867910e+13,2.022390e+13,8.145790e-01,4.581750e-01,1.410260e+00,1.537610e+00,1.500000e+00,1.511440e+00,9.755000e-01,-2.859590e+47,-3.922340e-02,2.839840e-02,0.000000e+00,0.000000e+00,4.326660e+46,-3.292250e+47,-7.609220e+00,4.284500e-01
5.670917e+01,3.063500e+47,7.085430e+47,4.323670e-01,3.018547e-01,9.722070e+12,1.025760e+13,1.076000e+13,9.477900e-01,2.437710e-01,1.410940e+00,2.096310e+00,1.968750e+00,2.066340e+00,9.391000e-01,-2.378600e+47,-1.672760e-02,1.912660e-01,2.682140e-02,0.000000e+00,1.212640e+47,-3.591240e+47,-2.961510e+00,5.753470e-01
5.759319e+01,3.242640e+47,7.958740e+47,4.074310e-01,2.894855e-01,1.412490e+13,1.439620e+13,1.646370e+13,9.811550e-01,3.729880e-01,1.410310e+00,1.537610e+00,1.406250e+00,1.504990e+00,9.146000e-01,-2.203640e+47,-3.051150e-02,-1.127470e-01,0.000000e+00,0.000000e+00,-1.086880e+47,-1.116760e+47,0.000000e+00,4.039670e-01
5.851107e+01,2.558240e+47,7.927980e+47,3.226850e-01,2.439620e-01,8.525460e+12,1.082170e+13,1.085090e+13,7.878080e-01,2.458290e-01,1.411040e+00,2.081590e+00,2.062500e+00,2.072930e+00,9.908000e-01,-2.353870e+47,-1.654040e-02,-2.776900e-01,1.574280e-02,0.000000e+00,-3.081530e+47,7.276590e+46,0.000000e+00,5.753470e-01
5.939050e+01,3.304840e+47,1.066570e+48,3.098570e-01,2.365578e-01,2.033050e+13,2.096570e+13,2.188980e+13,9.697060e-01,4.959180e-01,1.410380e+00,1.482320e+00,1.500000e+00,1.491580e+00,1.011900e+00,-2.744460e+47,-3.898270e-02,-2.859660e-01,0.000000e+00,0.000000e+00,-2.518870e+47,-2.255820e+46,0.000000e+00,4.039670e-01
6.000000e+01,2.328310e+47,9.237350e+47,2.520540e-01,2.013122e-01,6.992700e+12,1.336820e+13,1.337300e+13,5.230830e-01,3.029670e-01,1.411180e+00,2.081590e+00,2.062500e+00,2.074150e+00,9.908000e-01,-2.861850e+47,-2.006090e-02,-2.237860e-01,3.919870e-02,0.000000e+00,-1.722380e+47,-1.139480e+47,0.000000e+00,5.753470e-01
