step,t,dt,max_subcycles,walltime_s
0.00000000e+00,0.00000000e+00,0.00000000e+00,0.00000000e+00,0.00000000e+00
1.00000000e+01,7.72054717e-04,1.14225773e-04,1.00000000e+00,1.31410792e+01
2.00000000e+01,2.77456582e-03,2.96272236e-04,1.00000000e+00,1.25103361e+01
3.00000000e+01,7.96856389e-03,7.68453879e-04,1.00000000e+00,1.29401518e+01
4.00000000e+01,2.14404572e-02,1.99317145e-03,1.00000000e+00,1.29981628e+01
5.00000000e+01,5.60870055e-02,4.87369997e-03,1.00000000e+00,1.38140092e+01
6.00000000e+01,1.04854971e-01,4.87848394e-03,1.00000000e+00,1.34700177e+01
7.00000000e+01,1.53620393e-01,4.87078838e-03,1.00000000e+00,1.34272645e+01
8.00000000e+01,2.02182514e-01,4.84405208e-03,1.00000000e+00,1.31055018e+01
9.00000000e+01,2.50463976e-01,4.81433304e-03,1.00000000e+00,1.37055987e+01
1.00000000e+02,2.98425424e-01,4.78151125e-03,1.00000000e+00,1.31123055e+01
1.10000000e+02,3.46027360e-01,4.74222953e-03,1.00000000e+00,1.34748222e+01
1.20000000e+02,3.93224577e-01,4.70323077e-03,1.00000000e+00,1.29536229e+01
1.30000000e+02,4.39535753e-01,4.56515029e-03,1.00000000e+00,1.27617949e+01
1.40000000e+02,4.84695113e-01,4.48658188e-03,1.00000000e+00,1.26493015e+01
1.50000000e+02,5.29267868e-01,4.42778900e-03,1.00000000e+00,1.30839399e+01
1.60000000e+02,5.73321847e-01,4.39661259e-03,1.00000000e+00,1.25917596e+01
1.70000000e+02,6.17357211e-01,4.41355922e-03,1.00000000e+00,1.34541128e+01
1.80000000e+02,6.61689081e-01,4.45003882e-03,1.00000000e+00,1.33888790e+01
1.90000000e+02,7.06522407e-01,4.51303770e-03,1.00000000e+00,1.26894398e+01
2.00000000e+02,7.52046047e-01,4.58537985e-03,1.00000000e+00,1.30728341e+01
2.10000000e+02,7.98286641e-01,4.65303159e-03,1.00000000e+00,1.30889878e+01
2.20000000e+02,8.45204315e-01,4.72361291e-03,1.00000000e+00,1.34051221e+01
2.30000000e+02,8.92844696e-01,4.79819625e-03,1.00000000e+00,1.24784422e+01
2.40000000e+02,9.41179944e-01,4.86033930e-03,1.00000000e+00,1.35692542e+01
2.50000000e+02,9.90061453e-01,4.91178641e-03,1.00000000e+00,1.33898280e+01
2.60000000e+02,1.03942432e+00,4.95391778e-03,1.00000000e+00,1.32483457e+01
2.70000000e+02,1.08918602e+00,4.99359476e-03,1.00000000e+00,1.33261747e+01
2.80000000e+02,1.13933118e+00,5.03209631e-03,1.00000000e+00,1.35624706e+01
2.90000000e+02,1.18985628e+00,5.06986795e-03,1.00000000e+00,1.25562759e+01
3.00000000e+02,1.24073407e+00,5.10109582e-03,1.00000000e+00,1.32202685e+01
3.10000000e+02,1.29190178e+00,5.12547896e-03,1.00000000e+00,1.32398773e+01
3.20000000e+02,1.34321253e+00,5.13524484e-03,1.00000000e+00,1.35443518e+01
3.30000000e+02,1.39460238e+00,5.14171237e-03,1.00000000e+00,1.26721294e+01
3.40000000e+02,1.44605036e+00,5.14717245e-03,1.00000000e+00,1.34461829e+01
3.50000000e+02,1.49752954e+00,5.14325986e-03,1.00000000e+00,1.27345767e+01
3.60000000e+02,1.54879150e+00,5.11191645e-03,1.00000000e+00,1.33828643e+01
3.70000000e+02,1.59971913e+00,5.07678872e-03,1.00000000e+00,1.31379024e+01
3.80000000e+02,1.65029072e+00,5.04095024e-03,1.00000000e+00,1.33902740e+01
3.90000000e+02,1.70050218e+00,5.00482207e-03,1.00000000e+00,1.25990374e+01
4.00000000e+02,1.75034498e+00,4.95953473e-03,1.00000000e+00,1.26185293e+01
4.10000000e+02,1.79908470e+00,4.80989287e-03,1.00000000e+00,1.33418707e+01
4.20000000e+02,1.84662962e+00,4.71850914e-03,1.00000000e+00,1.30358475e+01
4.30000000e+02,1.89343754e+00,4.64397602e-03,1.00000000e+00,1.26710868e+01
4.40000000e+02,1.93956002e+00,4.59274248e-03,1.00000000e+00,1.29805239e+01
4.50000000e+02,1.98538180e+00,4.57797001e-03,1.00000000e+00,1.35017574e+01
4.60000000e+02,2.03116997e+00,4.58092688e-03,1.00000000e+00,1.25651071e+01
4.70000000e+02,2.07691457e+00,4.56039005e-03,1.00000000e+00,1.30151949e+01
4.80000000e+02,2.12240781e+00,4.54423774e-03,1.00000000e+00,1.28056616e+01
4.90000000e+02,2.16786961e+00,4.54922774e-03,1.00000000e+00,1.34626020e+01
5.00000000e+02,2.21329538e+00,4.53959578e-03,1.00000000e+00,1.29642682e+01
5.10000000e+02,2.25871217e+00,4.54534723e-03,1.00000000e+00,1.31065293e+01
5.20000000e+02,2.30424129e+00,4.55853771e-03,1.00000000e+00,1.31156264e+01
5.30000000e+02,2.34987721e+00,4.56888723e-03,1.00000000e+00,1.25605749e+01
5.40000000e+02,2.39557998e+00,4.56610393e-03,1.00000000e+00,1.34429903e+01
5.50000000e+02,2.44120255e+00,4.56015955e-03,1.00000000e+00,1.25891483e+01
5.60000000e+02,2.48680011e+00,4.55922804e-03,1.00000000e+00,1.30945061e+01
5.70000000e+02,2.53238533e+00,4.55902922e-03,1.00000000e+00,1.28550812e+01
5.80000000e+02,2.57801107e+00,4.56631336e-03,1.00000000e+00,1.32903577e+01
5.90000000e+02,2.62374256e+00,4.57976798e-03,1.00000000e+00,1.30251628e+01
6.00000000e+02,2.66964541e+00,4.60004648e-03,1.00000000e+00,1.33456252e+01
6.10000000e+02,2.71578170e+00,4.62521191e-03,1.00000000e+00,1.20566569e+01
6.20000000e+02,2.76218502e+00,4.65311472e-03,1.00000000e+00,1.29009783e+01
6.30000000e+02,2.80888010e+00,4.68316555e-03,1.00000000e+00,1.30870944e+01
6.40000000e+02,2.85588404e+00,4.71470398e-03,1.00000000e+00,1.33527210e+01
6.50000000e+02,2.90321368e+00,4.74825826e-03,1.00000000e+00,1.25532076e+01
6.60000000e+02,2.95089338e+00,4.78455386e-03,1.00000000e+00,1.30561969e+01
6.70000000e+02,2.99894127e+00,4.81749727e-03,1.00000000e+00,1.33150196e+01
6.80000000e+02,3.04720856e+00,4.83418696e-03,1.00000000e+00,1.25339961e+01
6.90000000e+02,3.09563825e+00,4.84999110e-03,1.00000000e+00,1.29425766e+01
7.00000000e+02,3.14421980e+00,4.86444435e-03,1.00000000e+00,1.34945345e+01
7.10000000e+02,3.19291381e+00,4.87155514e-03,1.00000000e+00,1.33844877e+01
7.20000000e+02,3.24163804e+00,4.87262617e-03,1.00000000e+00,1.32944473e+01
7.30000000e+02,3.29035947e+00,4.87126809e-03,1.00000000e+00,1.25667320e+01
7.40000000e+02,3.33894131e+00,4.84905336e-03,1.00000000e+00,1.31469343e+01
7.50000000e+02,3.38735330e+00,4.83398225e-03,1.00000000e+00,1.32145215e+01
7.60000000e+02,3.43555405e+00,4.80981868e-03,1.00000000e+00,1.31458594e+01
7.70000000e+02,3.48354734e+00,4.79132248e-03,1.00000000e+00,1.27086194e+01
7.80000000e+02,3.53130460e+00,4.76189909e-03,1.00000000e+00,1.28043276e+01
7.90000000e+02,3.57876064e+00,4.73251970e-03,1.00000000e+00,1.25082889e+01
8.00000000e+02,3.62593206e+00,4.70484904e-03,1.00000000e+00,1.33665972e+01
8.10000000e+02,3.67283620e+00,4.67895687e-03,1.00000000e+00,1.28863742e+01
8.20000000e+02,3.71949749e+00,4.65618117e-03,1.00000000e+00,1.24373345e+01
8.30000000e+02,3.76593980e+00,4.63255362e-03,1.00000000e+00,1.29857188e+01
8.40000000e+02,3.81210872e+00,4.60447826e-03,1.00000000e+00,1.31597743e+01
8.50000000e+02,3.85800891e+00,4.57853568e-03,1.00000000e+00,1.32067893e+01
8.60000000e+02,3.90366735e+00,4.55605454e-03,1.00000000e+00,1.27058608e+01
8.70000000e+02,3.94911777e+00,4.53645818e-03,1.00000000e+00,1.30649707e+01
8.80000000e+02,3.99437807e+00,4.51664722e-03,1.00000000e+00,1.34762198e+01
8.90000000e+02,4.03943849e+00,4.49806441e-03,1.00000000e+00,1.24572468e+01
9.00000000e+02,4.08433832e+00,4.48390564e-03,1.00000000e+00,1.28422350e+01
9.10000000e+02,4.12912051e+00,4.47423408e-03,1.00000000e+00,1.28922195e+01
9.20000000e+02,4.17383668e+00,4.47049360e-03,1.00000000e+00,1.34232288e+01
9.30000000e+02,4.21854531e+00,4.47201298e-03,1.00000000e+00,1.29659116e+01
9.40000000e+02,4.26329139e+00,4.47687338e-03,1.00000000e+00,1.25630961e+01
9.50000000e+02,4.30809722e+00,4.48388073e-03,1.00000000e+00,1.29392872e+01
9.60000000e+02,4.35295703e+00,4.48646718e-03,1.00000000e+00,1.23531191e+01
9.70000000e+02,4.39785342e+00,4.49338103e-03,1.00000000e+00,1.26105197e+01
9.80000000e+02,4.44285367e+00,4.50628778e-03,1.00000000e+00,1.32463187e+01
9.90000000e+02,4.48801483e+00,4.52357157e-03,1.00000000e+00,1.31865672e+01
1.00000000e+03,4.53333135e+00,4.53878275e-03,1.00000000e+00,1.26028169e+01
1.01000000e+03,4.57881225e+00,4.55583664e-03,1.00000000e+00,1.33048903e+01
1.02000000e+03,4.62447025e+00,4.57417178e-03,1.00000000e+00,1.26834251e+01
1.03000000e+03,4.67031667e+00,4.59326470e-03,1.00000000e+00,1.33340741e+01
1.04000000e+03,4.71635263e+00,4.61181426e-03,1.00000000e+00,1.25598098e+01
1.05000000e+03,4.76256637e+00,4.62902806e-03,1.00000000e+00,1.32488543e+01
1.06000000e+03,4.80894836e+00,4.64551135e-03,1.00000000e+00,1.32389993e+01
1.07000000e+03,4.85548577e+00,4.66024256e-03,1.00000000e+00,1.25365528e+01
1.08000000e+03,4.90216705e+00,4.67463615e-03,1.00000000e+00,1.33256814e+01
1.09000000e+03,4.94898834e+00,4.68792108e-03,1.00000000e+00,1.34719156e+01
1.10000000e+03,4.99593193e+00,4.69944072e-03,1.00000000e+00,1.25075703e+01
1.11000000e+03,5.04297949e+00,4.70866852e-03,1.00000000e+00,1.28295716e+01
1.12000000e+03,5.09010559e+00,4.71541870e-03,1.00000000e+00,1.26791960e+01
1.13000000e+03,5.13725808e+00,4.71062270e-03,1.00000000e+00,1.33764735e+01
1.14000000e+03,5.18427884e+00,4.69444188e-03,1.00000000e+00,1.24403727e+01
1.15000000e+03,5.23111223e+00,4.67392466e-03,1.00000000e+00,1.29630385e+01
1.16000000e+03,5.27773187e+00,4.65216738e-03,1.00000000e+00,1.32903154e+01
1.17000000e+03,5.32413496e+00,4.63064458e-03,1.00000000e+00,1.30285222e+01
1.18000000e+03,5.37029478e+00,4.60320171e-03,1.00000000e+00,1.32702932e+01
1.19000000e+03,5.41616933e+00,4.57471258e-03,1.00000000e+00,1.30306271e+01
1.20000000e+03,5.46175989e+00,4.54616629e-03,1.00000000e+00,1.32777813e+01
1.21000000e+03,5.50706846e+00,4.51861684e-03,1.00000000e+00,1.32209556e+01
1.22000000e+03,5.55210977e+00,4.49252001e-03,1.00000000e+00,1.32795816e+01
1.23000000e+03,5.59689948e+00,4.46818918e-03,1.00000000e+00,1.25578301e+01
1.24000000e+03,5.64145825e+00,4.44618878e-03,1.00000000e+00,1.31525049e+01
1.25000000e+03,5.68581259e+00,4.42707808e-03,1.00000000e+00,1.26695414e+01
1.26000000e+03,5.72999581e+00,4.41171561e-03,1.00000000e+00,1.25291289e+01
1.27000000e+03,5.77404330e+00,4.39954016e-03,1.00000000e+00,1.29180452e+01
1.28000000e+03,5.81798503e+00,4.39011841e-03,1.00000000e+00,1.27200897e+01
1.29000000e+03,5.86184607e+00,4.38334909e-03,1.00000000e+00,1.26093938e+01
1.30000000e+03,5.90565871e+00,4.37985894e-03,1.00000000e+00,1.32173725e+01
1.31000000e+03,5.94944570e+00,4.37807251e-03,1.00000000e+00,1.32380584e+01
1.32000000e+03,5.99322974e+00,4.37910026e-03,1.00000000e+00,1.27006653e+01
1.33000000e+03,6.03703598e+00,4.38231606e-03,1.00000000e+00,1.32599187e+01
1.34000000e+03,6.08089394e+00,4.38909199e-03,1.00000000e+00,1.24799599e+01
1.35000000e+03,6.12483647e+00,4.39928508e-03,1.00000000e+00,1.32630739e+01
1.36000000e+03,6.16890841e+00,4.41417748e-03,1.00000000e+00,1.27731527e+01
1.37000000e+03,6.21314497e+00,4.43174579e-03,1.00000000e+00,1.29619606e+01
1.38000000e+03,6.25756552e+00,4.45037516e-03,1.00000000e+00,1.29361487e+01
1.39000000e+03,6.30214270e+00,4.46143328e-03,1.00000000e+00,1.31185507e+01
1.40000000e+03,6.34680265e+00,4.47011544e-03,1.00000000e+00,1.36030301e+01
1.41000000e+03,6.39156331e+00,4.48129119e-03,1.00000000e+00,1.27786118e+01
1.42000000e+03,6.43644936e+00,4.49492301e-03,1.00000000e+00,1.32096668e+01
1.43000000e+03,6.48148196e+00,4.51027700e-03,1.00000000e+00,1.25647998e+01
1.44000000e+03,6.52667398e+00,4.52655647e-03,1.00000000e+00,1.32391149e+01
1.45000000e+03,6.57202878e+00,4.54269973e-03,1.00000000e+00,1.28584711e+01
1.46000000e+03,6.61754005e+00,4.55788668e-03,1.00000000e+00,1.25940146e+01
1.47000000e+03,6.66319817e+00,4.57206132e-03,1.00000000e+00,1.29588555e+01
1.48000000e+03,6.70898656e+00,4.58405099e-03,1.00000000e+00,1.32898615e+01
1.49000000e+03,6.75488382e+00,4.59407890e-03,1.00000000e+00,1.30408682e+01
1.50000000e+03,6.80087052e+00,4.60204874e-03,1.00000000e+00,1.26950840e+01
1.51000000e+03,6.84692431e+00,4.60792840e-03,1.00000000e+00,1.32538275e+01
1.52000000e+03,6.89303004e+00,4.61243849e-03,1.00000000e+00,1.31205009e+01
1.53000000e+03,6.93916885e+00,4.61483690e-03,1.00000000e+00,1.30392235e+01
1.54000000e+03,6.98529769e+00,4.61093155e-03,1.00000000e+00,1.29999734e+01
1.55000000e+03,7.03137665e+00,4.60510105e-03,1.00000000e+00,1.29046811e+01
1.56000000e+03,7.07738665e+00,4.59744237e-03,1.00000000e+00,1.33066028e+01
1.57000000e+03,7.12331496e+00,4.58904748e-03,1.00000000e+00,1.29380376e+01
1.58000000e+03,7.16915865e+00,4.58050869e-03,1.00000000e+00,1.25427804e+01
1.59000000e+03,7.21491445e+00,4.57147233e-03,1.00000000e+00,1.32630295e+01
1.60000000e+03,7.26056441e+00,4.55913398e-03,1.00000000e+00,1.32672225e+01
1.61000000e+03,7.30608197e+00,4.54567518e-03,1.00000000e+00,1.34618101e+01
1.62000000e+03,7.35146024e+00,4.53008767e-03,1.00000000e+00,1.25867334e+01
1.63000000e+03,7.39665035e+00,4.51059345e-03,1.00000000e+00,1.27645977e+01
1.64000000e+03,7.44166898e+00,4.49536289e-03,1.00000000e+00,1.36103736e+01
1.65000000e+03,7.48652083e+00,4.47680227e-03,1.00000000e+00,1.25781179e+01
1.66000000e+03,7.53119982e+00,4.46110096e-03,1.00000000e+00,1.25316080e+01
1.67000000e+03,7.57573780e+00,4.44816038e-03,1.00000000e+00,1.34246473e+01
1.68000000e+03,7.62015882e+00,4.43749653e-03,1.00000000e+00,1.30012369e+01
1.69000000e+03,7.66448865e+00,4.42978109e-03,1.00000000e+00,1.25096799e+01
1.70000000e+03,7.70873757e+00,4.41717255e-03,1.00000000e+00,1.33647047e+01
1.71000000e+03,7.75280197e+00,4.39871686e-03,1.00000000e+00,1.27824675e+01
1.72000000e+03,7.79671462e+00,4.38591016e-03,1.00000000e+00,1.29257431e+01
1.73000000e+03,7.84052614e+00,4.37810073e-03,1.00000000e+00,1.27239072e+01
1.74000000e+03,7.88428811e+00,4.37518211e-03,1.00000000e+00,1.27429964e+01
1.75000000e+03,7.92802330e+00,4.37086474e-03,1.00000000e+00,1.32992370e+01
1.76000000e+03,7.97171631e+00,4.36886347e-03,1.00000000e+00,1.27694200e+01
1.77000000e+03,8.01539452e+00,4.36579561e-03,1.00000000e+00,1.32101442e+01
1.78000000e+03,8.05904938e+00,4.36622673e-03,1.00000000e+00,1.33273483e+01
1.79000000e+03,8.10274096e+00,4.37239079e-03,1.00000000e+00,1.24957516e+01
1.80000000e+03,8.14652443e+00,4.38403108e-03,1.00000000e+00,1.29589588e+01
1.81000000e+03,8.19045046e+00,4.40019337e-03,1.00000000e+00,1.33058724e+01
1.82000000e+03,8.23455457e+00,4.41900777e-03,1.00000000e+00,1.32714876e+01
1.83000000e+03,8.27885921e+00,4.44012258e-03,1.00000000e+00,1.24230116e+01
1.84000000e+03,8.32338615e+00,4.46310810e-03,1.00000000e+00,1.34398643e+01
1.85000000e+03,8.36814877e+00,4.48724164e-03,1.00000000e+00,1.25662949e+01
1.86000000e+03,8.41315995e+00,4.51257532e-03,1.00000000e+00,1.29442544e+01
1.87000000e+03,8.45842599e+00,4.53795978e-03,1.00000000e+00,1.31941061e+01
1.88000000e+03,8.50394118e+00,4.56239513e-03,1.00000000e+00,1.32528070e+01
1.89000000e+03,8.54969238e+00,4.58524891e-03,1.00000000e+00,1.32932196e+01
1.90000000e+03,8.59559183e+00,4.59361052e-03,1.00000000e+00,1.28808597e+01
1.91000000e+03,8.64157720e+00,4.60266704e-03,1.00000000e+00,1.30519890e+01
1.92000000e+03,8.68765571e+00,4.61195799e-03,1.00000000e+00,1.24850611e+01
1.93000000e+03,8.73382036e+00,4.61999685e-03,1.00000000e+00,1.24944271e+01
1.94000000e+03,8.78005594e+00,4.62594947e-03,1.00000000e+00,1.29484168e+01
1.95000000e+03,8.82632992e+00,4.62789085e-03,1.00000000e+00,1.26006136e+01
1.96000000e+03,8.87259770e+00,4.62524100e-03,1.00000000e+00,1.24742530e+01
1.97000000e+03,8.91881559e+00,4.61834421e-03,1.00000000e+00,1.29819734e+01
1.98000000e+03,8.96493816e+00,4.60656531e-03,1.00000000e+00,1.30600001e+01
1.99000000e+03,9.01092031e+00,4.59089042e-03,1.00000000e+00,1.29543032e+01
2.00000000e+03,9.05672984e+00,4.57250270e-03,1.00000000e+00,1.32880101e+01
2.01000000e+03,9.10234466e+00,4.55215764e-03,1.00000000e+00,1.34215367e+01
2.02000000e+03,9.14775052e+00,4.53116239e-03,1.00000000e+00,1.24618830e+01
2.03000000e+03,9.19294832e+00,4.50964540e-03,1.00000000e+00,1.31490697e+01
2.04000000e+03,9.23789860e+00,4.48327715e-03,1.00000000e+00,1.33583632e+01
2.05000000e+03,9.28259641e+00,4.45912722e-03,1.00000000e+00,1.25330144e+01
2.06000000e+03,9.32706862e+00,4.43789496e-03,1.00000000e+00,1.28195211e+01
2.07000000e+03,9.37134393e+00,4.41955008e-03,1.00000000e+00,1.24609600e+01
2.08000000e+03,9.41545427e+00,4.40462314e-03,1.00000000e+00,1.33993797e+01
2.09000000e+03,9.45943545e+00,4.39326306e-03,1.00000000e+00,1.28392471e+01
2.10000000e+03,9.50331808e+00,4.38487260e-03,1.00000000e+00,1.27543434e+01
2.11000000e+03,9.54714025e+00,4.38048572e-03,1.00000000e+00,1.33551087e+01
2.12000000e+03,9.59093735e+00,4.37979564e-03,1.00000000e+00,1.28921481e+01
2.13000000e+03,9.63475484e+00,4.38399961e-03,1.00000000e+00,1.25272552e+01
2.14000000e+03,9.67863609e+00,4.39212886e-03,1.00000000e+00,1.25129374e+01
2.15000000e+03,9.72262044e+00,4.40412486e-03,1.00000000e+00,1.29944789e+01
2.16000000e+03,9.76674462e+00,4.41977633e-03,1.00000000e+00,1.30924028e+01
2.17000000e+03,9.81104105e+00,4.43693217e-03,1.00000000e+00,1.33848938e+01
2.18000000e+03,9.85549138e+00,4.45212013e-03,1.00000000e+00,1.28114454e+01
2.19000000e+03,9.90011090e+00,4.46987981e-03,1.00000000e+00,1.30098759e+01
2.20000000e+03,9.94490777e+00,4.48820708e-03,1.00000000e+00,1.24737878e+01
2.21000000e+03,9.98990459e+00,4.50927711e-03,1.00000000e+00,1.25025870e+01
2.22000000e+03,1.00350876e+01,4.52576072e-03,1.00000000e+00,1.31843896e+01
2.23000000e+03,1.00804392e+01,4.54227460e-03,1.00000000e+00,1.28235847e+01
2.24000000e+03,1.01258622e+01,4.54268338e-03,1.00000000e+00,1.29410060e+01
2.25000000e+03,1.01713003e+01,4.54490580e-03,1.00000000e+00,1.32829679e+01
2.26000000e+03,1.02167727e+01,4.54969853e-03,1.00000000e+00,1.31739319e+01
2.27000000e+03,1.02623066e+01,4.55568848e-03,1.00000000e+00,1.25789278e+01
2.28000000e+03,1.03078703e+01,4.55706163e-03,1.00000000e+00,1.33882924e+01
2.29000000e+03,1.03534496e+01,4.55869679e-03,1.00000000e+00,1.32936589e+01
2.30000000e+03,1.03990465e+01,4.56054484e-03,1.00000000e+00,1.34005996e+01
2.31000000e+03,1.04446622e+01,4.56231106e-03,1.00000000e+00,1.32860320e+01
2.32000000e+03,1.04902884e+01,4.56255228e-03,1.00000000e+00,1.24936667e+01
2.33000000e+03,1.05359070e+01,4.56104305e-03,1.00000000e+00,1.24709996e+01
2.34000000e+03,1.05815007e+01,4.55769110e-03,1.00000000e+00,1.30084160e+01
2.35000000e+03,1.06270346e+01,4.54819794e-03,1.00000000e+00,1.31603086e+01
2.36000000e+03,1.06724395e+01,4.53392898e-03,1.00000000e+00,1.34107780e+01
2.37000000e+03,1.07176928e+01,4.51806708e-03,1.00000000e+00,1.26823922e+01
2.38000000e+03,1.07627804e+01,4.50094521e-03,1.00000000e+00,1.29583377e+01
2.39000000e+03,1.08076891e+01,4.48248069e-03,1.00000000e+00,1.31845193e+01
2.40000000e+03,1.08524089e+01,4.46330698e-03,1.00000000e+00,1.25070407e+01
2.41000000e+03,1.08969349e+01,4.44385351e-03,1.00000000e+00,1.32041503e+01
2.42000000e+03,1.09412675e+01,4.42466750e-03,1.00000000e+00,1.25260095e+01
2.43000000e+03,1.09854110e+01,4.40601324e-03,1.00000000e+00,1.31299814e+01
2.44000000e+03,1.10293745e+01,4.38858213e-03,1.00000000e+00,1.26828548e+01
2.45000000e+03,1.10731701e+01,4.37235263e-03,1.00000000e+00,1.32670134e+01
2.46000000e+03,1.11168087e+01,4.35703924e-03,1.00000000e+00,1.32152417e+01
2.47000000e+03,1.11602997e+01,4.34291054e-03,1.00000000e+00,1.26741342e+01
2.48000000e+03,1.12036646e+01,4.33173703e-03,1.00000000e+00,1.31845029e+01
2.49000000e+03,1.12469364e+01,4.32399798e-03,1.00000000e+00,1.33017603e+01
2.50000000e+03,1.12901534e+01,4.32055589e-03,1.00000000e+00,1.30095289e+01
2.51000000e+03,1.13333609e+01,4.32147650e-03,1.00000000e+00,1.25638754e+01
2.52000000e+03,1.13765783e+01,4.31894597e-03,1.00000000e+00,1.28806191e+01
2.53000000e+03,1.14197236e+01,4.31132928e-03,1.00000000e+00,1.29623127e+01
2.54000000e+03,1.14628052e+01,4.30608941e-03,1.00000000e+00,1.27264853e+01
2.55000000e+03,1.15058540e+01,4.30429027e-03,1.00000000e+00,1.23862094e+01
2.56000000e+03,1.15488994e+01,4.30515656e-03,1.00000000e+00,1.30559396e+01
2.57000000e+03,1.15919660e+01,4.30816734e-03,1.00000000e+00,1.32208378e+01
2.58000000e+03,1.16350740e+01,4.31348163e-03,1.00000000e+00,1.28681041e+01
2.59000000e+03,1.16782515e+01,4.32142238e-03,1.00000000e+00,1.28916212e+01
2.60000000e+03,1.17215173e+01,4.33099592e-03,1.00000000e+00,1.32520224e+01
2.61000000e+03,1.17648871e+01,4.34186328e-03,1.00000000e+00,1.33770279e+01
2.62000000e+03,1.18083645e+01,4.35272332e-03,1.00000000e+00,1.32544424e+01
2.63000000e+03,1.18519577e+01,4.36490404e-03,1.00000000e+00,1.25491914e+01
2.64000000e+03,1.18956765e+01,4.37753877e-03,1.00000000e+00,1.31959899e+01
2.65000000e+03,1.19395187e+01,4.38976423e-03,1.00000000e+00,1.26017049e+01
2.66000000e+03,1.19834843e+01,4.40222645e-03,1.00000000e+00,1.28982058e+01
2.67000000e+03,1.20275770e+01,4.41502137e-03,1.00000000e+00,1.24923270e+01
2.68000000e+03,1.20717994e+01,4.42832424e-03,1.00000000e+00,1.30234788e+01
2.69000000e+03,1.21161614e+01,4.44272616e-03,1.00000000e+00,1.33376111e+01
2.70000000e+03,1.21606636e+01,4.45633855e-03,1.00000000e+00,1.27838599e+01
2.71000000e+03,1.22053023e+01,4.47023017e-03,1.00000000e+00,1.30945488e+01
2.72000000e+03,1.22500813e+01,4.48413070e-03,1.00000000e+00,1.34013337e+01
2.73000000e+03,1.22950028e+01,4.49889491e-03,1.00000000e+00,1.23486253e+01
2.74000000e+03,1.23400773e+01,4.51458261e-03,1.00000000e+00,1.26394956e+01
2.75000000e+03,1.23853090e+01,4.53024973e-03,1.00000000e+00,1.33661988e+01
2.76000000e+03,1.24306975e+01,4.54585379e-03,1.00000000e+00,1.25394048e+01
2.77000000e+03,1.24762355e+01,4.55979349e-03,1.00000000e+00,1.34168563e+01
2.78000000e+03,1.25219062e+01,4.57268158e-03,1.00000000e+00,1.23922563e+01
2.79000000e+03,1.25676113e+01,4.56556745e-03,1.00000000e+00,1.29327380e+01
2.80000000e+03,1.26131993e+01,4.55315983e-03,1.00000000e+00,1.32288666e+01
2.81000000e+03,1.26586577e+01,4.53972641e-03,1.00000000e+00,1.32825597e+01
2.82000000e+03,1.27039802e+01,4.52618217e-03,1.00000000e+00,1.30295839e+01
2.83000000e+03,1.27491394e+01,4.50558965e-03,1.00000000e+00,1.25121583e+01
2.84000000e+03,1.27940674e+01,4.48185544e-03,1.00000000e+00,1.29874215e+01
2.85000000e+03,1.28387338e+01,4.45435653e-03,1.00000000e+00,1.34387715e+01
2.86000000e+03,1.28831352e+01,4.42891862e-03,1.00000000e+00,1.32252576e+01
2.87000000e+03,1.29272974e+01,4.40623924e-03,1.00000000e+00,1.29164001e+01
2.88000000e+03,1.29712481e+01,4.38638606e-03,1.00000000e+00,1.24795563e+01
2.89000000e+03,1.30150224e+01,4.37070272e-03,1.00000000e+00,1.32779719e+01
2.90000000e+03,1.30586595e+01,4.35856636e-03,1.00000000e+00,1.28361824e+01
2.91000000e+03,1.31021968e+01,4.35033324e-03,1.00000000e+00,1.31943346e+01
2.92000000e+03,1.31456713e+01,4.34556599e-03,1.00000000e+00,1.26738008e+01
2.93000000e+03,1.31891175e+01,4.34437584e-03,1.00000000e+00,1.32147588e+01
2.94000000e+03,1.32325677e+01,4.34586090e-03,1.00000000e+00,1.27899789e+01
2.95000000e+03,1.32760448e+01,4.34951122e-03,1.00000000e+00,1.33672480e+01
2.96000000e+03,1.33195652e+01,4.35420197e-03,1.00000000e+00,1.32425960e+01
2.97000000e+03,1.33631375e+01,4.35975953e-03,1.00000000e+00,1.25696919e+01
2.98000000e+03,1.34067653e+01,4.36518814e-03,1.00000000e+00,1.24572900e+01
2.99000000e+03,1.34504477e+01,4.37082908e-03,1.00000000e+00,1.33545859e+01
3.00000000e+03,1.34941909e+01,4.37731015e-03,1.00000000e+00,1.24743652e+01
3.01000000e+03,1.35380049e+01,4.38501169e-03,1.00000000e+00,1.32020110e+01
3.02000000e+03,1.35819080e+01,4.39513554e-03,1.00000000e+00,1.25165380e+01
3.03000000e+03,1.36259304e+01,4.40856983e-03,1.00000000e+00,1.29648364e+01
3.04000000e+03,1.36701058e+01,4.42540734e-03,1.00000000e+00,1.33982020e+01
3.05000000e+03,1.37144695e+01,4.44594291e-03,1.00000000e+00,1.27531227e+01
3.06000000e+03,1.37590596e+01,4.47022998e-03,1.00000000e+00,1.26132520e+01
3.07000000e+03,1.38039111e+01,4.49779158e-03,1.00000000e+00,1.32751231e+01
3.08000000e+03,1.38490530e+01,4.52800025e-03,1.00000000e+00,1.25140829e+01
3.09000000e+03,1.38945067e+01,4.55974506e-03,1.00000000e+00,1.34145493e+01
3.10000000e+03,1.39402800e+01,4.59167485e-03,1.00000000e+00,1.24735159e+01
3.11000000e+03,1.39863692e+01,4.62279935e-03,1.00000000e+00,1.18656211e+01
3.12000000e+03,1.40325922e+01,4.61729772e-03,1.00000000e+00,1.32459492e+01
3.13000000e+03,1.40787064e+01,4.60679525e-03,1.00000000e+00,1.35078354e+01
3.14000000e+03,1.41247196e+01,4.59675843e-03,1.00000000e+00,1.25703690e+01
3.15000000e+03,1.41706304e+01,4.58643390e-03,1.00000000e+00,1.31913310e+01
3.16000000e+03,1.42164370e+01,4.57586768e-03,1.00000000e+00,1.29204520e+01
3.17000000e+03,1.42621351e+01,4.56480878e-03,1.00000000e+00,1.33384048e+01
3.18000000e+03,1.43077191e+01,4.55303749e-03,1.00000000e+00,1.25359862e+01
3.19000000e+03,1.43531793e+01,4.54007419e-03,1.00000000e+00,1.26682542e+01
3.20000000e+03,1.43985039e+01,4.52616983e-03,1.00000000e+00,1.31115118e+01
3.21000000e+03,1.44436866e+01,4.51171561e-03,1.00000000e+00,1.29317907e+01
3.22000000e+03,1.44887227e+01,4.49695522e-03,1.00000000e+00,1.34386119e+01
3.23000000e+03,1.45336111e+01,4.48224912e-03,1.00000000e+00,1.25623581e+01
3.24000000e+03,1.45783559e+01,4.46832654e-03,1.00000000e+00,1.27624803e+01
3.25000000e+03,1.46229710e+01,4.45624629e-03,1.00000000e+00,1.26814366e+01
3.26000000e+03,1.46674791e+01,4.44678964e-03,1.00000000e+00,1.24503753e+01
3.27000000e+03,1.47118993e+01,4.43736956e-03,1.00000000e+00,1.31111743e+01
3.28000000e+03,1.47562234e+01,4.42877309e-03,1.00000000e+00,1.32668693e+01
3.29000000e+03,1.48004770e+01,4.42309258e-03,1.00000000e+00,1.29001662e+01
3.30000000e+03,1.48446889e+01,4.41969913e-03,1.00000000e+00,1.27205764e+01
3.31000000e+03,1.48888637e+01,4.41385738e-03,1.00000000e+00,1.27808346e+01
3.32000000e+03,1.49329551e+01,4.40596659e-03,1.00000000e+00,1.30055761e+01
3.33000000e+03,1.49769945e+01,4.40307898e-03,1.00000000e+00,1.27433507e+01
3.34000000e+03,1.50210289e+01,4.40423705e-03,1.00000000e+00,1.24196311e+01
3.35000000e+03,1.50650965e+01,4.40943183e-03,1.00000000e+00,1.33537612e+01
3.36000000e+03,1.51092367e+01,4.41824449e-03,1.00000000e+00,1.26650099e+01
3.37000000e+03,1.51534807e+01,4.42994844e-03,1.00000000e+00,1.29125928e+01
3.38000000e+03,1.51978622e+01,4.44543237e-03,1.00000000e+00,1.34591736e+01
3.39000000e+03,1.52424171e+01,4.46411508e-03,1.00000000e+00,1.24836301e+01
3.40000000e+03,1.52871745e+01,4.48568471e-03,1.00000000e+00,1.29074390e+01
3.41000000e+03,1.53321638e+01,4.51011535e-03,1.00000000e+00,1.25564724e+01
3.42000000e+03,1.53774078e+01,4.53634825e-03,1.00000000e+00,1.25314141e+01
3.43000000e+03,1.54229264e+01,4.56488318e-03,1.00000000e+00,1.21825556e+01
3.44000000e+03,1.54687423e+01,4.59553671e-03,1.00000000e+00,1.32518704e+01
3.45000000e+03,1.55148739e+01,4.62791927e-03,1.00000000e+00,1.31466009e+01
3.46000000e+03,1.55613360e+01,4.66122779e-03,1.00000000e+00,1.29177770e+01
3.47000000e+03,1.56081261e+01,4.69161553e-03,1.00000000e+00,1.31135286e+01
3.48000000e+03,1.56551719e+01,4.71507790e-03,1.00000000e+00,1.32831990e+01
3.49000000e+03,1.57024494e+01,4.73808458e-03,1.00000000e+00,1.22468328e+01
3.50000000e+03,1.57499533e+01,4.76033846e-03,1.00000000e+00,1.31091317e+01
3.51000000e+03,1.57976445e+01,4.77510864e-03,1.00000000e+00,1.27493904e+01
3.52000000e+03,1.58454675e+01,4.78809808e-03,1.00000000e+00,1.26658276e+01
3.53000000e+03,1.58933977e+01,4.79492522e-03,1.00000000e+00,1.30498950e+01
3.54000000e+03,1.59413483e+01,4.79398515e-03,1.00000000e+00,1.31610172e+01
3.55000000e+03,1.59892562e+01,4.78733452e-03,1.00000000e+00,1.28661339e+01
3.56000000e+03,1.60370791e+01,4.77777800e-03,1.00000000e+00,1.32884256e+01
3.57000000e+03,1.60847989e+01,4.76705350e-03,1.00000000e+00,1.32167582e+01
3.58000000e+03,1.61324071e+01,4.75571490e-03,1.00000000e+00,1.24936471e+01
3.59000000e+03,1.61799007e+01,4.74422415e-03,1.00000000e+00,1.29024256e+01
3.60000000e+03,1.62272626e+01,4.72662071e-03,1.00000000e+00,1.31530720e+01
3.61000000e+03,1.62743939e+01,4.70217626e-03,1.00000000e+00,1.32294343e+01
3.62000000e+03,1.63212850e+01,4.67861189e-03,1.00000000e+00,1.26007967e+01
3.63000000e+03,1.63679451e+01,4.65593967e-03,1.00000000e+00,1.24683308e+01
3.64000000e+03,1.64143852e+01,4.63450227e-03,1.00000000e+00,1.32540947e+01
3.65000000e+03,1.64606245e+01,4.61567542e-03,1.00000000e+00,1.23464221e+01
3.66000000e+03,1.65066621e+01,4.59322452e-03,1.00000000e+00,1.23428910e+01
3.67000000e+03,1.65524742e+01,4.57188786e-03,1.00000000e+00,1.27994588e+01
3.68000000e+03,1.65980856e+01,4.55268091e-03,1.00000000e+00,1.33396244e+01
3.69000000e+03,1.66435179e+01,4.53601778e-03,1.00000000e+00,1.31428909e+01
3.70000000e+03,1.66888223e+01,4.52607650e-03,1.00000000e+00,1.25241746e+01
3.71000000e+03,1.67340457e+01,4.52000126e-03,1.00000000e+00,1.32415140e+01
3.72000000e+03,1.67792371e+01,4.51928717e-03,1.00000000e+00,1.27921135e+01
3.73000000e+03,1.68243984e+01,4.51384806e-03,1.00000000e+00,1.24319408e+01
3.74000000e+03,1.68695240e+01,4.51216933e-03,1.00000000e+00,1.29304434e+01
3.75000000e+03,1.69146606e+01,4.51572446e-03,1.00000000e+00,1.31567674e+01
3.76000000e+03,1.69598659e+01,4.52553012e-03,1.00000000e+00,1.32731976e+01
3.77000000e+03,1.70051998e+01,4.54023246e-03,1.00000000e+00,1.33198732e+01
3.78000000e+03,1.70505625e+01,4.53207661e-03,1.00000000e+00,1.34921093e+01
3.79000000e+03,1.70958854e+01,4.53494887e-03,1.00000000e+00,1.32742984e+01
3.80000000e+03,1.71412976e+01,4.54370783e-03,1.00000000e+00,1.30520809e+01
3.81000000e+03,1.71867845e+01,4.55400811e-03,1.00000000e+00,1.33673828e+01
3.82000000e+03,1.72324320e+01,4.57507750e-03,1.00000000e+00,1.33428288e+01
3.83000000e+03,1.72783330e+01,4.60292734e-03,1.00000000e+00,1.29328669e+01
3.84000000e+03,1.73245271e+01,4.63067671e-03,1.00000000e+00,1.30265210e+01
3.85000000e+03,1.73710088e+01,4.66196389e-03,1.00000000e+00,1.32348967e+01
3.86000000e+03,1.74177992e+01,4.69322469e-03,1.00000000e+00,1.30833462e+01
3.87000000e+03,1.74649007e+01,4.72337400e-03,1.00000000e+00,1.25585596e+01
3.88000000e+03,1.75120141e+01,4.74527659e-03,1.00000000e+00,1.25527579e+01
3.89000000e+03,1.75595232e+01,4.75505768e-03,1.00000000e+00,1.27532327e+01
3.90000000e+03,1.76071189e+01,4.76307407e-03,1.00000000e+00,1.35052272e+01
3.91000000e+03,1.76547865e+01,4.76945277e-03,1.00000000e+00,1.32461803e+01
3.92000000e+03,1.77025096e+01,4.77463299e-03,1.00000000e+00,1.33387962e+01
3.93000000e+03,1.77502799e+01,4.77887493e-03,1.00000000e+00,1.33399766e+01
3.94000000e+03,1.77980109e+01,4.76470659e-03,1.00000000e+00,1.25726354e+01
3.95000000e+03,1.78455430e+01,4.74375214e-03,1.00000000e+00,1.26982464e+01
3.96000000e+03,1.78894400e+01,4.50957151e-03,1.00000000e+00,1.32804267e+01
3.97000000e+03,1.79320137e+01,4.13803209e-03,1.00000000e+00,1.25317485e+01
3.98000000e+03,1.79735339e+01,4.32056136e-03,1.00000000e+00,1.24144681e+01
3.99000000e+03,1.80176559e+01,4.46500985e-03,1.00000000e+00,1.25928399e+01
4.00000000e+03,1.80625335e+01,4.48710923e-03,1.00000000e+00,1.29675844e+01
4.01000000e+03,1.81070494e+01,4.42937216e-03,1.00000000e+00,1.34130359e+01
4.02000000e+03,1.81471845e+01,3.61032287e-03,1.00000000e+00,1.23091073e+01
4.03000000e+03,1.81825581e+01,3.61859687e-03,1.00000000e+00,1.32553073e+01
4.04000000e+03,1.82192683e+01,3.72416835e-03,1.00000000e+00,1.28564910e+01
4.05000000e+03,1.82561694e+01,3.79617429e-03,1.00000000e+00,1.33459587e+01
4.06000000e+03,1.82942738e+01,3.84309231e-03,1.00000000e+00,1.27033412e+01
4.07000000e+03,1.83326420e+01,3.70937023e-03,1.00000000e+00,1.26762511e+01
4.08000000e+03,1.83660861e+01,3.33879189e-03,1.00000000e+00,1.24266465e+01
4.09000000e+03,1.83985839e+01,3.13654771e-03,2.00000000e+00,3.85893537e+01
4.10000000e+03,1.84289751e+01,2.96259117e-03,1.00000000e+00,1.26798693e+01
4.11000000e+03,1.84576481e+01,2.82481588e-03,1.00000000e+00,1.30551279e+01
4.12000000e+03,1.84856504e+01,2.77259108e-03,1.00000000e+00,1.22646690e+01
4.13000000e+03,1.85126913e+01,2.54207009e-03,1.00000000e+00,1.28842026e+01
4.14000000e+03,1.85373961e+01,2.43617416e-03,1.00000000e+00,1.24206990e+01
4.15000000e+03,1.85617590e+01,2.44308551e-03,1.00000000e+00,1.26228256e+01
4.16000000e+03,1.85868637e+01,2.58133462e-03,1.00000000e+00,1.25414861e+01
4.17000000e+03,1.86135832e+01,2.74791935e-03,2.00000000e+00,3.77046968e+01
4.18000000e+03,1.86416443e+01,2.85535258e-03,1.00000000e+00,1.32120710e+01
4.19000000e+03,1.86709111e+01,2.98539574e-03,1.00000000e+00,1.22355572e+01
4.20000000e+03,1.87015241e+01,3.12910578e-03,1.00000000e+00,1.27963154e+01
4.21000000e+03,1.87337714e+01,3.31013096e-03,1.00000000e+00,1.31558492e+01
4.22000000e+03,1.87680369e+01,3.44043273e-03,1.00000000e+00,1.22266412e+01
4.23000000e+03,1.88008845e+01,3.20962608e-03,1.00000000e+00,1.33058535e+01
4.24000000e+03,1.88323708e+01,3.10653913e-03,1.00000000e+00,1.32276077e+01
4.25000000e+03,1.88630631e+01,3.04097029e-03,1.00000000e+00,1.30439585e+01
4.26000000e+03,1.88924413e+01,2.79222926e-03,2.00000000e+00,3.74121040e+01
4.27000000e+03,1.89186996e+01,2.48878234e-03,1.00000000e+00,1.30452563e+01
4.28000000e+03,1.89420059e+01,2.20724744e-03,1.00000000e+00,1.27846114e+01
4.29000000e+03,1.89627760e+01,1.97966292e-03,1.00000000e+00,1.26678212e+01
4.30000000e+03,1.89815628e+01,1.80715067e-03,1.00000000e+00,1.25449055e+01
4.31000000e+03,1.89991390e+01,1.72974876e-03,1.00000000e+00,1.31059192e+01
4.32000000e+03,1.90164173e+01,1.74101659e-03,1.00000000e+00,1.30702562e+01
4.33000000e+03,1.90342807e+01,1.83931076e-03,1.00000000e+00,1.24859558e+01
4.34000000e+03,1.90536708e+01,2.04423802e-03,1.00000000e+00,1.32870029e+01
4.35000000e+03,1.90756526e+01,2.32889417e-03,1.00000000e+00,1.28085106e+01
4.36000000e+03,1.90980818e+01,2.14415679e-03,1.00000000e+00,1.28679209e+01
4.37000000e+03,1.91184199e+01,1.95089118e-03,1.00000000e+00,1.23858389e+01
4.38000000e+03,1.91371738e+01,1.82450145e-03,1.00000000e+00,1.30117886e+01
4.39000000e+03,1.91549524e+01,1.74774561e-03,1.00000000e+00,1.26939649e+01
4.40000000e+03,1.91728212e+01,1.86125401e-03,1.00000000e+00,1.26346337e+01
4.41000000e+03,1.91937411e+01,2.46004958e-03,1.00000000e+00,1.23786407e+01
4.42000000e+03,1.92230205e+01,3.75568966e-03,1.00000000e+00,1.32668150e+01
4.43000000e+03,1.92663014e+01,4.64404769e-03,1.00000000e+00,1.33048470e+01
4.44000000e+03,1.93128589e+01,4.65705230e-03,1.00000000e+00,1.32731539e+01
4.45000000e+03,1.93596054e+01,4.68322135e-03,1.00000000e+00,1.26569699e+01
4.46000000e+03,1.94065175e+01,4.69725776e-03,1.00000000e+00,1.24049077e+01
4.47000000e+03,1.94535514e+01,4.70794547e-03,1.00000000e+00,1.32005774e+01
4.48000000e+03,1.95006811e+01,4.71688733e-03,1.00000000e+00,1.24280159e+01
4.49000000e+03,1.95478775e+01,4.72007053e-03,1.00000000e+00,1.32830931e+01
4.50000000e+03,1.95951168e+01,4.72351712e-03,1.00000000e+00,1.29217217e+01
4.51000000e+03,1.96423857e+01,4.72764020e-03,1.00000000e+00,1.23869482e+01
4.52000000e+03,1.96896507e+01,4.72528332e-03,1.00000000e+00,1.28408040e+01
4.53000000e+03,1.97368493e+01,4.71908608e-03,1.00000000e+00,1.25133583e+01
4.54000000e+03,1.97839999e+01,4.71198530e-03,1.00000000e+00,1.25661250e+01
4.55000000e+03,1.98310782e+01,4.70396360e-03,1.00000000e+00,1.29329982e+01
4.56000000e+03,1.98770853e+01,4.46156546e-03,1.00000000e+00,1.26567148e+01
4.57000000e+03,1.99223973e+01,4.64785607e-03,1.00000000e+00,1.25306825e+01
4.58000000e+03,1.99691219e+01,4.65258008e-03,1.00000000e+00,1.24702262e+01
4.59000000e+03,2.00121740e+01,4.29156140e-03,1.00000000e+00,1.34169140e+01
4.60000000e+03,2.00566078e+01,4.58593730e-03,1.00000000e+00,1.26150614e+01
4.61000000e+03,2.01021576e+01,4.25761376e-03,1.00000000e+00,1.27216860e+01
4.62000000e+03,2.01411953e+01,3.73900053e-03,1.00000000e+00,1.28063837e+01
4.63000000e+03,2.01791015e+01,3.84408286e-03,1.00000000e+00,1.28062939e+01
4.64000000e+03,2.02182682e+01,3.94445221e-03,1.00000000e+00,1.29144125e+01
4.65000000e+03,2.02582907e+01,4.13153941e-03,1.00000000e+00,1.27657294e+01
4.66000000e+03,2.02981787e+01,3.77123581e-03,1.00000000e+00,1.33591470e+01
4.67000000e+03,2.03336685e+01,3.45599724e-03,1.00000000e+00,1.31974996e+01
4.68000000e+03,2.03686792e+01,3.56830769e-03,1.00000000e+00,1.31899402e+01
4.69000000e+03,2.04051434e+01,3.63231956e-03,1.00000000e+00,1.27034775e+01
4.70000000e+03,2.04415591e+01,3.67025949e-03,1.00000000e+00,1.31336643e+01
4.71000000e+03,2.04793186e+01,3.84730298e-03,1.00000000e+00,1.23549519e+01
4.72000000e+03,2.05150895e+01,3.41160533e-03,1.00000000e+00,1.23117553e+01
4.73000000e+03,2.05488275e+01,3.26666457e-03,1.00000000e+00,1.26549118e+01
4.74000000e+03,2.05798298e+01,2.98087200e-03,1.00000000e+00,1.28159060e+01
4.75000000e+03,2.06084939e+01,2.77628295e-03,1.00000000e+00,1.26119619e+01
4.76000000e+03,2.06354524e+01,2.64696439e-03,1.00000000e+00,1.32220751e+01
4.77000000e+03,2.06620173e+01,2.71774704e-03,1.00000000e+00,1.24390569e+01
4.78000000e+03,2.06904855e+01,2.81495439e-03,1.00000000e+00,1.30369005e+01
4.79000000e+03,2.07172251e+01,2.57781676e-03,1.00000000e+00,1.27292996e+01
4.80000000e+03,2.07423889e+01,2.47242805e-03,1.00000000e+00,1.25154268e+01
4.81000000e+03,2.07667485e+01,2.41820576e-03,1.00000000e+00,1.28743421e+01
4.82000000e+03,2.07911957e+01,2.47061956e-03,1.00000000e+00,1.24400319e+01
4.83000000e+03,2.08167896e+01,2.66463272e-03,1.00000000e+00,1.28181104e+01
4.84000000e+03,2.08460409e+01,3.22347961e-03,1.00000000e+00,1.32471025e+01
4.85000000e+03,2.08821596e+01,3.73352671e-03,1.00000000e+00,1.25360413e+01
4.86000000e+03,2.09204184e+01,3.87127463e-03,1.00000000e+00,1.33411025e+01
4.87000000e+03,2.09597684e+01,3.90929530e-03,1.00000000e+00,1.23582272e+01
4.88000000e+03,2.09986188e+01,3.90234391e-03,1.00000000e+00,1.33425797e+01
4.89000000e+03,2.10384221e+01,3.96992116e-03,1.00000000e+00,1.24199713e+01
4.90000000e+03,2.10763513e+01,3.68619671e-03,1.00000000e+00,1.32384093e+01
4.91000000e+03,2.11078316e+01,2.69006617e-03,1.00000000e+00,1.31641512e+01
4.92000000e+03,2.11376484e+01,3.16979308e-03,1.00000000e+00,1.29642675e+01
4.93000000e+03,2.11710745e+01,3.39863130e-03,2.00000000e+00,2.72000286e+01
4.94000000e+03,2.12038208e+01,3.06121755e-03,1.00000000e+00,9.43904543e+00
4.95000000e+03,2.12339140e+01,3.00802930e-03,1.00000000e+00,9.42769876e+00
4.96000000e+03,2.12625569e+01,2.66371206e-03,1.00000000e+00,9.38365094e+00
4.97000000e+03,2.12890431e+01,2.58362094e-03,1.00000000e+00,9.38703485e+00
4.98000000e+03,2.13153302e+01,2.66165077e-03,1.00000000e+00,9.39299795e+00
4.99000000e+03,2.13420025e+01,2.68144366e-03,1.00000000e+00,9.38560175e+00
5.00000000e+03,2.13688470e+01,2.47145190e-03,2.00000000e+00,2.79972969e+01
5.01000000e+03,2.13874872e+01,1.97417529e-03,1.00000000e+00,9.39362748e+00
5.02000000e+03,2.14072789e+01,1.84938523e-03,1.00000000e+00,9.39628094e+00
5.03000000e+03,2.14268464e+01,2.29290254e-03,1.00000000e+00,9.39755796e+00
5.04000000e+03,2.14517255e+01,2.63495181e-03,1.00000000e+00,9.38619596e+00
5.05000000e+03,2.14798073e+01,2.90197450e-03,1.00000000e+00,9.43797665e+00
5.06000000e+03,2.15090860e+01,3.00066741e-03,1.00000000e+00,9.44359725e+00
5.07000000e+03,2.15396109e+01,3.00348005e-03,1.00000000e+00,9.44203604e+00
5.08000000e+03,2.15681509e+01,3.18431439e-03,1.00000000e+00,9.43507285e+00
5.09000000e+03,2.15976469e+01,2.99001829e-03,1.00000000e+00,9.41485603e+00
5.10000000e+03,2.16292436e+01,3.15675859e-03,1.00000000e+00,9.43883806e+00
5.11000000e+03,2.16610457e+01,3.20664501e-03,1.00000000e+00,9.44302300e+00
5.12000000e+03,2.16863739e+01,1.92081433e-03,1.00000000e+00,9.44009210e+00
5.13000000e+03,2.17114486e+01,2.71056230e-03,1.00000000e+00,9.43701636e+00
5.14000000e+03,2.17391092e+01,2.80137469e-03,1.00000000e+00,9.42931287e+00
5.15000000e+03,2.17664749e+01,2.71761423e-03,1.00000000e+00,9.42702346e+00
5.16000000e+03,2.17943165e+01,2.83945316e-03,1.00000000e+00,9.43571877e+00
5.17000000e+03,2.18227235e+01,2.88604824e-03,1.00000000e+00,9.43209130e+00
5.18000000e+03,2.18515576e+01,2.82555499e-03,1.00000000e+00,9.43366393e+00
5.19000000e+03,2.18795747e+01,2.74139537e-03,1.00000000e+00,9.43080627e+00
5.20000000e+03,2.19054602e+01,2.49294733e-03,1.00000000e+00,9.43146185e+00
5.21000000e+03,2.19306809e+01,2.58680673e-03,1.00000000e+00,9.43139179e+00
5.22000000e+03,2.19573689e+01,2.65613471e-03,2.00000000e+00,2.81172915e+01
5.23000000e+03,2.19831598e+01,2.61570311e-03,1.00000000e+00,9.43990875e+00
5.24000000e+03,2.20092663e+01,2.55913193e-03,1.00000000e+00,9.43866477e+00
5.25000000e+03,2.20347329e+01,2.56783676e-03,1.00000000e+00,9.44546646e+00
5.26000000e+03,2.20607264e+01,2.61294650e-03,1.00000000e+00,9.44039855e+00
5.27000000e+03,2.20866349e+01,2.53263630e-03,1.00000000e+00,9.43289962e+00
5.28000000e+03,2.21115985e+01,2.48487136e-03,1.00000000e+00,9.43686878e+00
5.29000000e+03,2.21365340e+01,2.50849859e-03,1.00000000e+00,9.43718267e+00
5.30000000e+03,2.21620245e+01,2.62611098e-03,1.00000000e+00,9.43259017e+00
5.31000000e+03,2.21889023e+01,2.69133078e-03,1.00000000e+00,9.38885414e+00
5.32000000e+03,2.22161256e+01,2.76304883e-03,1.00000000e+00,9.39586959e+00
5.33000000e+03,2.22446271e+01,2.92614779e-03,1.00000000e+00,9.37709105e+00
5.34000000e+03,2.22733243e+01,2.85189128e-03,1.00000000e+00,9.39107485e+00
5.35000000e+03,2.23012688e+01,2.74611552e-03,1.00000000e+00,9.38968605e+00
5.36000000e+03,2.23284689e+01,2.71561049e-03,1.00000000e+00,9.38538248e+00
5.37000000e+03,2.23561770e+01,2.83970819e-03,1.00000000e+00,9.38411043e+00
5.38000000e+03,2.23844103e+01,2.80938063e-03,1.00000000e+00,9.43353627e+00
5.39000000e+03,2.24122072e+01,2.72450406e-03,1.00000000e+00,9.43455302e+00
5.40000000e+03,2.24381810e+01,2.56426894e-03,1.00000000e+00,9.42513068e+00
5.41000000e+03,2.24652177e+01,2.81369719e-03,1.00000000e+00,9.42441406e+00
5.42000000e+03,2.24942411e+01,2.92879179e-03,1.00000000e+00,9.42846682e+00
5.43000000e+03,2.25238093e+01,3.02781591e-03,1.00000000e+00,9.42566775e+00
5.44000000e+03,2.25541430e+01,3.04474314e-03,1.00000000e+00,9.42337478e+00
5.45000000e+03,2.25847309e+01,3.11975332e-03,1.00000000e+00,9.41754596e+00
5.46000000e+03,2.26167531e+01,3.14427336e-03,1.00000000e+00,9.43319722e+00
5.47000000e+03,2.26473330e+01,3.02080420e-03,1.00000000e+00,9.42762046e+00
5.48000000e+03,2.26774278e+01,3.01188445e-03,1.00000000e+00,9.42456610e+00
5.49000000e+03,2.27082819e+01,3.07813517e-03,1.00000000e+00,9.42265155e+00
5.50000000e+03,2.27383982e+01,2.99601390e-03,1.00000000e+00,9.42327597e+00
5.51000000e+03,2.27674900e+01,2.82215144e-03,1.00000000e+00,9.43462830e+00
5.52000000e+03,2.27951936e+01,2.74259380e-03,1.00000000e+00,9.42817591e+00
5.53000000e+03,2.28229905e+01,2.86690359e-03,1.00000000e+00,9.43295565e+00
5.54000000e+03,2.28520776e+01,2.85633345e-03,1.00000000e+00,9.42930368e+00
5.55000000e+03,2.28801433e+01,2.77355197e-03,1.00000000e+00,9.42270563e+00
5.56000000e+03,2.29082180e+01,2.88109506e-03,1.00000000e+00,9.42262926e+00
5.57000000e+03,2.29374304e+01,2.89675888e-03,1.00000000e+00,9.44100893e+00
5.58000000e+03,2.29669499e+01,3.01125635e-03,1.00000000e+00,9.43603931e+00
5.59000000e+03,2.29976776e+01,3.13263953e-03,1.00000000e+00,9.42760874e+00
5.60000000e+03,2.30284822e+01,2.99704349e-03,1.00000000e+00,9.44166725e+00
5.61000000e+03,2.30578948e+01,2.93141807e-03,1.00000000e+00,9.43031492e+00
5.62000000e+03,2.30879089e+01,3.08513155e-03,1.00000000e+00,9.39136884e+00
5.63000000e+03,2.31197239e+01,3.26075663e-03,1.00000000e+00,9.38064804e+00
5.64000000e+03,2.31532695e+01,3.34764291e-03,1.00000000e+00,9.39247062e+00
5.65000000e+03,2.31860206e+01,3.20475206e-03,1.00000000e+00,9.39292430e+00
5.66000000e+03,2.32164986e+01,2.92162103e-03,1.00000000e+00,9.38577462e+00
5.67000000e+03,2.32447100e+01,2.74724845e-03,1.00000000e+00,9.39504132e+00
5.68000000e+03,2.32714237e+01,2.62624272e-03,1.00000000e+00,9.44186492e+00
5.69000000e+03,2.32970903e+01,2.50532219e-03,1.00000000e+00,9.43524600e+00
5.70000000e+03,2.33215419e+01,2.40752923e-03,1.00000000e+00,9.43073457e+00
5.71000000e+03,2.33454141e+01,2.38114160e-03,1.00000000e+00,9.43267039e+00
5.72000000e+03,2.33693318e+01,2.41244544e-03,1.00000000e+00,9.43692510e+00
5.73000000e+03,2.33938995e+01,2.50074130e-03,1.00000000e+00,9.43579017e+00
5.74000000e+03,2.34196438e+01,2.64563550e-03,1.00000000e+00,9.43789348e+00
5.75000000e+03,2.34468227e+01,2.71508640e-03,1.00000000e+00,9.44051209e+00
5.76000000e+03,2.34734779e+01,2.62662139e-03,1.00000000e+00,9.43608975e+00
5.77000000e+03,2.34992785e+01,2.54180401e-03,1.00000000e+00,9.44512813e+00
5.78000000e+03,2.35242139e+01,2.45822423e-03,1.00000000e+00,9.43995286e+00
5.79000000e+03,2.35484947e+01,2.40759926e-03,1.00000000e+00,9.44248318e+00
5.80000000e+03,2.35722250e+01,2.33631303e-03,1.00000000e+00,9.44437476e+00
5.81000000e+03,2.35951636e+01,2.26264043e-03,1.00000000e+00,9.43678685e+00
5.82000000e+03,2.36174952e+01,2.21123647e-03,1.00000000e+00,9.42896119e+00
5.83000000e+03,2.36393831e+01,2.17268413e-03,1.00000000e+00,9.43068398e+00
5.84000000e+03,2.36609500e+01,2.14429582e-03,1.00000000e+00,9.43200726e+00
5.85000000e+03,2.36823001e+01,2.12827453e-03,1.00000000e+00,9.44356447e+00
5.86000000e+03,2.37035330e+01,2.12216826e-03,1.00000000e+00,9.43356888e+00
5.87000000e+03,2.37248164e+01,2.13637899e-03,1.00000000e+00,9.43513623e+00
5.88000000e+03,2.37463287e+01,2.16299923e-03,1.00000000e+00,9.42302273e+00
5.89000000e+03,2.37680617e+01,2.18036699e-03,1.00000000e+00,9.42628354e+00
5.90000000e+03,2.37897604e+01,2.19408823e-03,2.00000000e+00,2.80056123e+01
5.91000000e+03,2.38059525e+01,9.64692279e-04,1.00000000e+00,9.39080530e+00
5.92000000e+03,2.38163490e+01,1.07389825e-03,1.00000000e+00,9.39030441e+00
5.93000000e+03,2.38278954e+01,1.20813378e-03,1.00000000e+00,9.43935382e+00
5.94000000e+03,2.38403882e+01,1.28185719e-03,1.00000000e+00,9.43540958e+00
5.95000000e+03,2.38536042e+01,1.36082851e-03,1.00000000e+00,9.43934819e+00
5.96000000e+03,2.38674856e+01,1.39995147e-03,1.00000000e+00,9.43536059e+00
5.97000000e+03,2.38816670e+01,1.43503192e-03,1.00000000e+00,9.45931195e+00
5.98000000e+03,2.38945544e+01,1.31013464e-03,1.00000000e+00,9.41778372e+00
5.99000000e+03,2.39075033e+01,1.29463353e-03,2.00000000e+00,2.79859872e+01
6.00000000e+03,2.39203867e+01,1.28411527e-03,1.00000000e+00,9.40889385e+00
6.01000000e+03,2.39338010e+01,1.35466585e-03,1.00000000e+00,9.40297271e+00
6.02000000e+03,2.39471786e+01,1.33297576e-03,1.00000000e+00,9.40284722e+00
6.03000000e+03,2.39598472e+01,1.27325023e-03,1.00000000e+00,9.39819597e+00
6.04000000e+03,2.39720438e+01,1.05784729e-03,1.00000000e+00,9.37854264e+00
6.05000000e+03,2.39825156e+01,1.05065971e-03,2.00000000e+00,2.71594380e+01
6.06000000e+03,2.39913380e+01,9.79290821e-04,1.00000000e+00,9.38992999e+00
6.07000000e+03,2.40013112e+01,1.00204978e-03,1.00000000e+00,9.40409653e+00
6.08000000e+03,2.40112978e+01,1.00661103e-03,1.00000000e+00,9.39420754e+00
6.09000000e+03,2.40205921e+01,9.12678823e-04,1.00000000e+00,9.40356739e+00
6.10000000e+03,2.40294402e+01,8.60925577e-04,1.00000000e+00,9.39326827e+00
6.11000000e+03,2.40380243e+01,8.42613398e-04,1.00000000e+00,9.40001749e+00
6.12000000e+03,2.40462689e+01,8.83268461e-04,1.00000000e+00,9.39994599e+00
6.13000000e+03,2.40545677e+01,8.16573172e-04,1.00000000e+00,9.40417476e+00
6.14000000e+03,2.40637272e+01,9.58825308e-04,1.00000000e+00,9.40103517e+00
6.15000000e+03,2.40724763e+01,8.97091583e-04,1.00000000e+00,9.39375666e+00
6.16000000e+03,2.40812316e+01,7.32177518e-04,1.00000000e+00,9.39597424e+00
6.17000000e+03,2.40883176e+01,7.35611379e-04,1.00000000e+00,9.38746224e+00
6.18000000e+03,2.40963933e+01,9.27596505e-04,2.00000000e+00,2.79089830e+01
6.19000000e+03,2.41045097e+01,8.33852382e-04,1.00000000e+00,9.39276000e+00
6.20000000e+03,2.41129844e+01,8.40276752e-04,1.00000000e+00,9.35761039e+00
6.21000000e+03,2.41224114e+01,9.38200381e-04,1.00000000e+00,9.38587455e+00
6.22000000e+03,2.41322819e+01,1.01760161e-03,1.00000000e+00,9.42784639e+00
6.23000000e+03,2.41415650e+01,7.54230526e-04,1.00000000e+00,9.38454035e+00
6.24000000e+03,2.41497195e+01,8.71516152e-04,1.00000000e+00,9.38458743e+00
6.25000000e+03,2.41589459e+01,8.62092356e-04,1.00000000e+00,9.39757840e+00
6.26000000e+03,2.41683371e+01,9.85620107e-04,1.00000000e+00,9.38468857e+00
6.27000000e+03,2.41774468e+01,9.53216218e-04,1.00000000e+00,9.39129576e+00
6.28000000e+03,2.41852175e+01,7.69402223e-04,1.00000000e+00,9.37855141e+00
6.29000000e+03,2.41933325e+01,7.93446064e-04,1.00000000e+00,9.39105775e+00
6.30000000e+03,2.42008884e+01,8.05637265e-04,1.00000000e+00,9.37666542e+00
6.31000000e+03,2.42084519e+01,7.22808985e-04,1.00000000e+00,9.37971589e+00
6.32000000e+03,2.42149035e+01,6.38135092e-04,1.00000000e+00,9.38219285e+00
6.33000000e+03,2.42215894e+01,7.45466241e-04,1.00000000e+00,9.38188675e+00
6.34000000e+03,2.42284669e+01,6.58014699e-04,1.00000000e+00,9.40189481e+00
6.35000000e+03,2.42357673e+01,7.06802758e-04,1.00000000e+00,9.40005648e+00
6.36000000e+03,2.42432530e+01,7.76046455e-04,1.00000000e+00,9.38830184e+00
6.37000000e+03,2.42496810e+01,6.54927508e-04,1.00000000e+00,9.38102521e+00
6.38000000e+03,2.42573110e+01,9.21082527e-04,1.00000000e+00,9.39859031e+00
6.39000000e+03,2.42654526e+01,7.41379689e-04,1.00000000e+00,9.38233696e+00
6.40000000e+03,2.42734960e+01,8.32806842e-04,1.00000000e+00,9.37842557e+00
6.41000000e+03,2.42806444e+01,6.91604874e-04,1.00000000e+00,9.38997424e+00
6.42000000e+03,2.42886658e+01,8.84003073e-04,1.00000000e+00,9.38306608e+00
6.43000000e+03,2.42976694e+01,8.66763684e-04,1.00000000e+00,9.41364819e+00
6.44000000e+03,2.43066187e+01,8.91480574e-04,1.00000000e+00,9.38525532e+00
6.45000000e+03,2.43151457e+01,7.94974375e-04,1.00000000e+00,9.39486128e+00
6.46000000e+03,2.43238941e+01,8.26464324e-04,1.00000000e+00,9.39613969e+00
6.47000000e+03,2.43325476e+01,9.41690755e-04,1.00000000e+00,9.39316981e+00
6.48000000e+03,2.43420617e+01,8.71014789e-04,1.00000000e+00,9.39709941e+00
6.49000000e+03,2.43493060e+01,5.91788598e-04,1.00000000e+00,9.40788838e+00
6.50000000e+03,2.43575272e+01,8.82805275e-04,1.00000000e+00,9.38639362e+00
6.51000000e+03,2.43668839e+01,9.80470323e-04,1.00000000e+00,9.38098619e+00
6.52000000e+03,2.43766552e+01,9.00397981e-04,1.00000000e+00,9.40597189e+00
6.53000000e+03,2.43854750e+01,8.43926047e-04,1.00000000e+00,9.38639686e+00
6.54000000e+03,2.43942855e+01,8.64995962e-04,1.00000000e+00,9.38375931e+00
6.55000000e+03,2.44022418e+01,7.84845570e-04,1.00000000e+00,9.38619121e+00
6.56000000e+03,2.44097281e+01,6.55412704e-04,1.00000000e+00,9.38605778e+00
6.57000000e+03,2.44175027e+01,8.17201891e-04,1.00000000e+00,9.38956216e+00
6.58000000e+03,2.44252910e+01,7.37040061e-04,2.00000000e+00,2.79785991e+01
6.59000000e+03,2.44322696e+01,6.92916014e-04,1.00000000e+00,9.38240326e+00
6.60000000e+03,2.44410787e+01,8.85191092e-04,1.00000000e+00,9.38581365e+00
6.61000000e+03,2.44503030e+01,9.62801228e-04,1.00000000e+00,9.37553804e+00
6.62000000e+03,2.44599509e+01,1.00209230e-03,1.00000000e+00,9.39128783e+00
6.63000000e+03,2.44708363e+01,1.12612934e-03,1.00000000e+00,9.38580702e+00
6.64000000e+03,2.44819868e+01,1.08561413e-03,1.00000000e+00,9.39051650e+00
6.65000000e+03,2.44920802e+01,9.49742067e-04,1.00000000e+00,9.37460158e+00
6.66000000e+03,2.45017337e+01,9.48062851e-04,1.00000000e+00,9.39178531e+00
6.67000000e+03,2.45110441e+01,9.16617311e-04,1.00000000e+00,9.38048092e+00
6.68000000e+03,2.45200855e+01,8.96868517e-04,1.00000000e+00,9.39705810e+00
6.69000000e+03,2.45289917e+01,8.85892600e-04,1.00000000e+00,9.39144082e+00
6.70000000e+03,2.45377902e+01,8.75339242e-04,1.00000000e+00,9.39214175e+00
6.71000000e+03,2.45463855e+01,8.53243955e-04,1.00000000e+00,9.39073297e+00
6.72000000e+03,2.45544182e+01,7.62782447e-04,1.00000000e+00,9.39294800e+00
6.73000000e+03,2.45615767e+01,6.23058385e-04,2.00000000e+00,2.80162852e+01
6.74000000e+03,2.45694154e+01,8.76885725e-04,1.00000000e+00,9.40307564e+00
6.75000000e+03,2.45781420e+01,8.64463770e-04,1.00000000e+00,9.40371115e+00
6.76000000e+03,2.45869403e+01,9.16056052e-04,1.00000000e+00,9.39232147e+00
6.77000000e+03,2.45968868e+01,1.06663683e-03,1.00000000e+00,9.40032968e+00
6.78000000e+03,2.46085302e+01,1.24379454e-03,1.00000000e+00,9.44223949e+00
6.79000000e+03,2.46218587e+01,1.37261432e-03,1.00000000e+00,9.43563390e+00
6.80000000e+03,2.46353767e+01,1.33859453e-03,1.00000000e+00,9.44879294e+00
6.81000000e+03,2.46488129e+01,1.35163539e-03,1.00000000e+00,9.44254253e+00
6.82000000e+03,2.46625146e+01,1.38568915e-03,1.00000000e+00,9.43378962e+00
6.83000000e+03,2.46765351e+01,1.41325384e-03,1.00000000e+00,9.43492697e+00
6.84000000e+03,2.46908035e+01,1.43744612e-03,1.00000000e+00,9.44580028e+00
6.85000000e+03,2.47053218e+01,1.46306387e-03,1.00000000e+00,9.43891344e+00
6.86000000e+03,2.47200743e+01,1.48572195e-03,1.00000000e+00,9.44442205e+00
6.87000000e+03,2.47350767e+01,1.51262549e-03,1.00000000e+00,9.40023576e+00
6.88000000e+03,2.47503881e+01,1.54809395e-03,2.00000000e+00,2.80019815e+01
6.89000000e+03,2.47660912e+01,1.57443838e-03,1.00000000e+00,9.38252574e+00
6.90000000e+03,2.47814894e+01,1.50659946e-03,1.00000000e+00,9.39292584e+00
6.91000000e+03,2.47960942e+01,1.42411579e-03,1.00000000e+00,9.39239015e+00
6.92000000e+03,2.48099734e+01,1.35854347e-03,1.00000000e+00,9.39549798e+00
6.93000000e+03,2.48232076e+01,1.29658950e-03,1.00000000e+00,9.39400337e+00
6.94000000e+03,2.48358804e+01,1.24388469e-03,1.00000000e+00,9.39931427e+00
6.95000000e+03,2.48480602e+01,1.19635040e-03,1.00000000e+00,9.39356348e+00
6.96000000e+03,2.48598029e+01,1.15631665e-03,1.00000000e+00,9.40453351e+00
6.97000000e+03,2.48711796e+01,1.12258633e-03,1.00000000e+00,9.38659848e+00
6.98000000e+03,2.48822390e+01,1.09340536e-03,1.00000000e+00,9.39389074e+00
6.99000000e+03,2.48930054e+01,1.06196324e-03,1.00000000e+00,9.39022104e+00
7.00000000e+03,2.49034496e+01,1.03049254e-03,1.00000000e+00,9.39450977e+00
7.01000000e+03,2.49135965e+01,1.00241078e-03,1.00000000e+00,9.38912497e+00
7.02000000e+03,2.49234869e+01,9.78934298e-04,1.00000000e+00,9.38411869e+00
7.03000000e+03,2.49331791e+01,9.62315927e-04,1.00000000e+00,9.39603070e+00
7.04000000e+03,2.49427581e+01,9.55305599e-04,1.00000000e+00,9.41499748e+00
7.05000000e+03,2.49522913e+01,9.52550526e-04,1.00000000e+00,9.41935339e+00
7.06000000e+03,2.49618332e+01,9.56286242e-04,1.00000000e+00,9.37367366e+00
7.07000000e+03,2.49714429e+01,9.65738652e-04,1.00000000e+00,9.35059539e+00
7.08000000e+03,2.49811929e+01,9.83145705e-04,1.00000000e+00,9.39877107e+00
7.09000000e+03,2.49911453e+01,1.00611760e-03,1.00000000e+00,9.39228507e+00
7.10000000e+03,2.50013565e+01,1.03381776e-03,1.00000000e+00,9.39066669e+00
7.11000000e+03,2.50117935e+01,1.04267420e-03,1.00000000e+00,9.39324041e+00
7.12000000e+03,2.50221246e+01,1.02390765e-03,1.00000000e+00,9.38513293e+00
7.13000000e+03,2.50322251e+01,9.99266684e-04,1.00000000e+00,9.38717454e+00
7.14000000e+03,2.50420902e+01,9.75596161e-04,1.00000000e+00,9.39155648e+00
7.15000000e+03,2.50516956e+01,9.47499858e-04,1.00000000e+00,9.39596593e+00
7.16000000e+03,2.50609957e+01,9.16436099e-04,1.00000000e+00,9.38811081e+00
7.17000000e+03,2.50700205e+01,8.90280746e-04,1.00000000e+00,9.38802289e+00
7.18000000e+03,2.50788052e+01,8.68797666e-04,1.00000000e+00,9.39686177e+00
7.19000000e+03,2.50873679e+01,8.46290130e-04,1.00000000e+00,9.38980817e+00
7.20000000e+03,2.50957049e+01,8.23519445e-04,1.00000000e+00,9.39696280e+00
7.21000000e+03,2.51038220e+01,8.01776868e-04,1.00000000e+00,9.39170588e+00
7.22000000e+03,2.51117310e+01,7.81837417e-04,1.00000000e+00,9.40243697e+00
7.23000000e+03,2.51194510e+01,7.64173742e-04,1.00000000e+00,9.39694975e+00
7.24000000e+03,2.51270106e+01,7.49374239e-04,1.00000000e+00,9.39841856e+00
7.25000000e+03,2.51344299e+01,7.36228669e-04,1.00000000e+00,9.40066105e+00
7.26000000e+03,2.51417284e+01,7.24717106e-04,1.00000000e+00,9.38950288e+00
7.27000000e+03,2.51489227e+01,7.15354882e-04,1.00000000e+00,9.39239226e+00
7.28000000e+03,2.51560240e+01,7.05740801e-04,1.00000000e+00,9.39971837e+00
7.29000000e+03,2.51630377e+01,6.97680311e-04,1.00000000e+00,9.39368369e+00
7.30000000e+03,2.51699776e+01,6.90472401e-04,1.00000000e+00,9.38916013e+00
7.31000000e+03,2.51768533e+01,6.83661202e-04,1.00000000e+00,9.38910526e+00
7.32000000e+03,2.51835863e+01,6.65130581e-04,1.00000000e+00,9.38963991e+00
7.33000000e+03,2.51901433e+01,6.48295234e-04,1.00000000e+00,9.39508351e+00
7.34000000e+03,2.51965415e+01,6.33108690e-04,1.00000000e+00,9.38683246e+00
7.35000000e+03,2.52027970e+01,6.19489769e-04,1.00000000e+00,9.37595465e+00
7.36000000e+03,2.52089217e+01,6.06951713e-04,1.00000000e+00,9.39303658e+00
7.37000000e+03,2.52149282e+01,5.95695647e-04,1.00000000e+00,9.39498452e+00
7.38000000e+03,2.52208279e+01,5.85421806e-04,1.00000000e+00,9.38741373e+00
7.39000000e+03,2.52266264e+01,5.75352214e-04,1.00000000e+00,9.39457285e+00
7.40000000e+03,2.52323366e+01,5.67432550e-04,1.00000000e+00,9.38719198e+00
7.41000000e+03,2.52379743e+01,5.61256605e-04,1.00000000e+00,9.39534714e+00
7.42000000e+03,2.52435554e+01,5.55723530e-04,1.00000000e+00,9.39290519e+00
7.43000000e+03,2.52490829e+01,5.50193971e-04,1.00000000e+00,9.38929286e+00
7.44000000e+03,2.52545621e+01,5.46051157e-04,1.00000000e+00,9.39327545e+00
7.45000000e+03,2.52600004e+01,5.42084510e-04,1.00000000e+00,9.38749751e+00
7.46000000e+03,2.52654018e+01,5.38774557e-04,1.00000000e+00,9.38558562e+00
7.47000000e+03,2.52707795e+01,5.36946167e-04,1.00000000e+00,9.39587455e+00
7.48000000e+03,2.52761390e+01,5.35134927e-04,1.00000000e+00,9.39271941e+00
7.49000000e+03,2.52814798e+01,5.33172897e-04,1.00000000e+00,9.38663423e+00
7.50000000e+03,2.52867998e+01,5.30754604e-04,1.00000000e+00,9.38743508e+00
7.51000000e+03,2.52920998e+01,5.29269114e-04,1.00000000e+00,9.38907807e+00
7.52000000e+03,2.52973838e+01,5.27712731e-04,1.00000000e+00,9.39273790e+00
7.53000000e+03,2.53026332e+01,5.21701091e-04,1.00000000e+00,9.39636523e+00
7.54000000e+03,2.53078126e+01,5.15015833e-04,1.00000000e+00,9.39171123e+00
7.55000000e+03,2.53129311e+01,5.09291904e-04,1.00000000e+00,9.39700136e+00
7.56000000e+03,2.53179942e+01,5.03923313e-04,1.00000000e+00,9.39326965e+00
7.57000000e+03,2.53230064e+01,4.99105764e-04,1.00000000e+00,9.38924669e+00
7.58000000e+03,2.53279733e+01,4.94786321e-04,1.00000000e+00,9.39368732e+00
7.59000000e+03,2.53328995e+01,4.90917562e-04,1.00000000e+00,9.39948497e+00
7.60000000e+03,2.53377894e+01,4.87485525e-04,1.00000000e+00,9.38971579e+00
7.61000000e+03,2.53426473e+01,4.84431624e-04,1.00000000e+00,9.39045870e+00
7.62000000e+03,2.53474738e+01,4.81023549e-04,1.00000000e+00,9.38865250e+00
7.63000000e+03,2.53522724e+01,4.78982736e-04,1.00000000e+00,9.39185366e+00
7.64000000e+03,2.53570538e+01,4.77558518e-04,1.00000000e+00,9.38936338e+00
7.65000000e+03,2.53618247e+01,4.76803046e-04,1.00000000e+00,9.39052157e+00
7.66000000e+03,2.53665908e+01,4.76458412e-04,1.00000000e+00,9.38771017e+00
7.67000000e+03,2.53713610e+01,4.77460386e-04,1.00000000e+00,9.38849131e+00
7.68000000e+03,2.53761390e+01,4.78000010e-04,1.00000000e+00,9.39629083e+00
7.69000000e+03,2.53809190e+01,4.77875033e-04,1.00000000e+00,9.39005103e+00
7.70000000e+03,2.53856937e+01,4.77070895e-04,1.00000000e+00,9.39275384e+00
7.71000000e+03,2.53904537e+01,4.75036073e-04,1.00000000e+00,9.39008158e+00
7.72000000e+03,2.53951909e+01,4.72606338e-04,1.00000000e+00,9.38903518e+00
7.73000000e+03,2.53999062e+01,4.70512182e-04,1.00000000e+00,9.38987380e+00
7.74000000e+03,2.54045964e+01,4.67762788e-04,1.00000000e+00,9.38626952e+00
7.75000000e+03,2.54092536e+01,4.64347717e-04,1.00000000e+00,9.38297121e+00
7.76000000e+03,2.54138775e+01,4.60579025e-04,1.00000000e+00,9.38682027e+00
7.77000000e+03,2.54184661e+01,4.57452248e-04,1.00000000e+00,9.38810044e+00
7.78000000e+03,2.54230197e+01,4.53997100e-04,1.00000000e+00,9.39245463e+00
7.79000000e+03,2.54275389e+01,4.50614091e-04,1.00000000e+00,9.38430158e+00
7.80000000e+03,2.54320244e+01,4.46851580e-04,1.00000000e+00,9.38537165e+00
7.81000000e+03,2.54364768e+01,4.43945106e-04,1.00000000e+00,9.39174978e+00
7.82000000e+03,2.54409004e+01,4.40875454e-04,1.00000000e+00,9.38593874e+00
7.83000000e+03,2.54452974e+01,4.38472527e-04,1.00000000e+00,9.38876738e+00
7.84000000e+03,2.54496698e+01,4.36173190e-04,1.00000000e+00,9.38635465e+00
7.85000000e+03,2.54540183e+01,4.33831287e-04,1.00000000e+00,9.38506812e+00
7.86000000e+03,2.54583419e+01,4.31301321e-04,1.00000000e+00,9.38745005e+00
7.87000000e+03,2.54626415e+01,4.28861987e-04,1.00000000e+00,9.38463460e+00
7.88000000e+03,2.54669184e+01,4.26892010e-04,1.00000000e+00,9.39184343e+00
7.89000000e+03,2.54711762e+01,4.25070138e-04,1.00000000e+00,9.38893347e+00
7.90000000e+03,2.54754162e+01,4.23356957e-04,1.00000000e+00,9.38681450e+00
7.91000000e+03,2.54796415e+01,4.22205580e-04,1.00000000e+00,9.38416858e+00
7.92000000e+03,2.54838580e+01,4.21485448e-04,1.00000000e+00,9.38968825e+00
7.93000000e+03,2.54880678e+01,4.20846701e-04,1.00000000e+00,9.38094447e+00
7.94000000e+03,2.54922715e+01,4.20180213e-04,1.00000000e+00,9.39159607e+00
7.95000000e+03,2.54964701e+01,4.19557140e-04,1.00000000e+00,9.38537825e+00
7.96000000e+03,2.55006615e+01,4.18780174e-04,1.00000000e+00,9.38748649e+00
7.97000000e+03,2.55048458e+01,4.18189129e-04,1.00000000e+00,9.38925458e+00
7.98000000e+03,2.55090257e+01,4.17876826e-04,1.00000000e+00,9.38598469e+00
7.99000000e+03,2.55132036e+01,4.17078119e-04,1.00000000e+00,9.40253915e+00
8.00000000e+03,2.55173753e+01,4.17216623e-04,1.00000000e+00,9.37716366e+00
8.01000000e+03,2.55215474e+01,4.17196943e-04,1.00000000e+00,9.38665618e+00
8.02000000e+03,2.55257188e+01,4.17074955e-04,1.00000000e+00,9.38464148e+00
8.03000000e+03,2.55298889e+01,4.16976743e-04,1.00000000e+00,9.38510741e+00
8.04000000e+03,2.55340585e+01,4.16940949e-04,1.00000000e+00,9.38297550e+00
8.05000000e+03,2.55382277e+01,4.16917385e-04,1.00000000e+00,9.38758854e+00
8.06000000e+03,2.55423922e+01,4.16153620e-04,1.00000000e+00,9.39854433e+00
8.07000000e+03,2.55465543e+01,4.16237396e-04,1.00000000e+00,9.39737296e+00
8.08000000e+03,2.55507167e+01,4.16223659e-04,1.00000000e+00,9.40045699e+00
8.09000000e+03,2.55548772e+01,4.15852993e-04,1.00000000e+00,9.40223643e+00
8.10000000e+03,2.55590324e+01,4.15233469e-04,1.00000000e+00,9.39847435e+00
8.11000000e+03,2.55631773e+01,4.14187762e-04,1.00000000e+00,9.39769860e+00
8.12000000e+03,2.55673123e+01,4.13379604e-04,1.00000000e+00,9.39459963e+00
8.13000000e+03,2.55714441e+01,4.13264292e-04,1.00000000e+00,9.38400376e+00
8.14000000e+03,2.55755717e+01,4.12595124e-04,1.00000000e+00,9.40046472e+00
8.15000000e+03,2.55797042e+01,4.13932004e-04,1.00000000e+00,9.39182789e+00
8.16000000e+03,2.55838462e+01,4.13959758e-04,1.00000000e+00,9.39564607e+00
8.17000000e+03,2.55879742e+01,4.11918723e-04,1.00000000e+00,9.39640597e+00
8.18000000e+03,2.55920781e+01,4.09252902e-04,1.00000000e+00,9.40119919e+00
8.19000000e+03,2.55961528e+01,4.06054968e-04,1.00000000e+00,9.40399655e+00
8.20000000e+03,2.56001979e+01,4.03151822e-04,1.00000000e+00,9.40291023e+00
8.21000000e+03,2.56042107e+01,3.99617606e-04,1.00000000e+00,9.39389008e+00
8.22000000e+03,2.56081882e+01,3.96178687e-04,1.00000000e+00,9.40285064e+00
8.23000000e+03,2.56121258e+01,3.91866081e-04,1.00000000e+00,9.85538950e+00
8.24000000e+03,2.56160187e+01,3.87334295e-04,1.00000000e+00,9.39333060e+00
8.25000000e+03,2.56198674e+01,3.83063085e-04,1.00000000e+00,9.40805692e+00
8.26000000e+03,2.56236730e+01,3.78670702e-04,1.00000000e+00,9.40287262e+00
8.27000000e+03,2.56274345e+01,3.74093146e-04,1.00000000e+00,9.40930015e+00
8.28000000e+03,2.56311527e+01,3.70056379e-04,1.00000000e+00,9.40641142e+00
8.29000000e+03,2.56348304e+01,3.65937399e-04,1.00000000e+00,9.40345879e+00
8.30000000e+03,2.56384695e+01,3.62181025e-04,1.00000000e+00,9.40196173e+00
8.31000000e+03,2.56420713e+01,3.58612407e-04,1.00000000e+00,9.39620641e+00
8.32000000e+03,2.56456415e+01,3.55911017e-04,1.00000000e+00,9.40125123e+00
8.33000000e+03,2.56491896e+01,3.53902661e-04,1.00000000e+00,9.40565128e+00
8.34000000e+03,2.56527224e+01,3.52708734e-04,1.00000000e+00,9.39582277e+00
8.35000000e+03,2.56562444e+01,3.52019150e-04,1.00000000e+00,9.40268780e+00
8.36000000e+03,2.56597619e+01,3.51697187e-04,1.00000000e+00,9.38527621e+00
8.37000000e+03,2.56632788e+01,3.51845934e-04,1.00000000e+00,9.39539751e+00
8.38000000e+03,2.56668005e+01,3.52719353e-04,1.00000000e+00,9.39705231e+00
8.39000000e+03,2.56703351e+01,3.54345649e-04,1.00000000e+00,9.39368961e+00
8.40000000e+03,2.56738928e+01,3.57130184e-04,1.00000000e+00,9.40655913e+00
8.41000000e+03,2.56774803e+01,3.60151798e-04,1.00000000e+00,9.39174320e+00
8.42000000e+03,2.56811014e+01,3.63585317e-04,1.00000000e+00,9.40486597e+00
8.43000000e+03,2.56847547e+01,3.66798191e-04,1.00000000e+00,9.40245556e+00
8.44000000e+03,2.56884400e+01,3.70199585e-04,1.00000000e+00,9.40041558e+00
8.45000000e+03,2.56921709e+01,3.75250229e-04,1.00000000e+00,9.40529595e+00
8.46000000e+03,2.56959500e+01,3.80141757e-04,1.00000000e+00,9.39697784e+00
8.47000000e+03,2.56997806e+01,3.85510713e-04,1.00000000e+00,9.39826558e+00
8.48000000e+03,2.57036672e+01,3.91361797e-04,1.00000000e+00,9.39595730e+00
8.49000000e+03,2.57076178e+01,3.98251560e-04,1.00000000e+00,9.40038193e+00
8.50000000e+03,2.57116445e+01,4.06462667e-04,1.00000000e+00,2.84869999e+01
8.51000000e+03,2.57157588e+01,4.14792887e-04,1.00000000e+00,9.38817707e+00
8.52000000e+03,2.57199128e+01,4.15901394e-04,1.00000000e+00,1.79377936e+01
8.53000000e+03,2.57240775e+01,4.16937577e-04,1.00000000e+00,1.37567665e+01
8.54000000e+03,2.57282518e+01,4.17640821e-04,1.00000000e+00,9.40820246e+00
8.55000000e+03,2.57324274e+01,4.17484309e-04,1.00000000e+00,9.39935226e+00
8.56000000e+03,2.57366007e+01,4.17213798e-04,1.00000000e+00,9.39302719e+00
8.57000000e+03,2.57407713e+01,4.16924698e-04,1.00000000e+00,9.39855743e+00
8.58000000e+03,2.57449393e+01,4.16704945e-04,1.00000000e+00,9.39027186e+00
8.59000000e+03,2.57491075e+01,4.17108786e-04,1.00000000e+00,9.39208601e+00
8.60000000e+03,2.57532825e+01,4.17688214e-04,1.00000000e+00,9.37975790e+00
8.61000000e+03,2.57574706e+01,4.19679362e-04,1.00000000e+00,9.37936327e+00
8.62000000e+03,2.57616786e+01,4.21709792e-04,1.00000000e+00,9.38513998e+00
8.63000000e+03,2.57659074e+01,4.23870710e-04,1.00000000e+00,9.37818059e+00
8.64000000e+03,2.57701590e+01,4.26252988e-04,1.00000000e+00,9.37277503e+00
8.65000000e+03,2.57744353e+01,4.28780581e-04,1.00000000e+00,9.37001483e+00
8.66000000e+03,2.57787373e+01,4.31339326e-04,1.00000000e+00,9.39489861e+00
8.67000000e+03,2.57830644e+01,4.33833498e-04,1.00000000e+00,9.37140626e+00
8.68000000e+03,2.57874160e+01,4.36244088e-04,1.00000000e+00,9.37760847e+00
8.69000000e+03,2.57917913e+01,4.38552524e-04,1.00000000e+00,9.39044606e+00
8.70000000e+03,2.57961893e+01,4.40798879e-04,1.00000000e+00,9.40714410e+00
8.71000000e+03,2.58006086e+01,4.42820369e-04,1.00000000e+00,9.38087314e+00
8.72000000e+03,2.58050448e+01,4.44152678e-04,1.00000000e+00,9.38637227e+00
8.73000000e+03,2.58094872e+01,4.44302525e-04,1.00000000e+00,9.39881582e+00
8.74000000e+03,2.58139271e+01,4.43397792e-04,1.00000000e+00,9.39101697e+00
8.75000000e+03,2.58183556e+01,4.42228950e-04,1.00000000e+00,9.39656722e+00
8.76000000e+03,2.58227692e+01,4.40509092e-04,1.00000000e+00,9.39545272e+00
8.77000000e+03,2.58271640e+01,4.38532871e-04,1.00000000e+00,9.39317977e+00
8.78000000e+03,2.58315360e+01,4.35704270e-04,1.00000000e+00,9.40356905e+00
8.79000000e+03,2.58358819e+01,4.33495054e-04,1.00000000e+00,9.38420136e+00
8.80000000e+03,2.58402026e+01,4.30993849e-04,1.00000000e+00,9.38321069e+00
8.81000000e+03,2.58444966e+01,4.28194696e-04,1.00000000e+00,9.39345013e+00
8.82000000e+03,2.58487624e+01,4.25305663e-04,1.00000000e+00,9.39132720e+00
8.83000000e+03,2.58529975e+01,4.22098386e-04,1.00000000e+00,9.39592474e+00
8.84000000e+03,2.58572009e+01,4.18818967e-04,1.00000000e+00,9.34649347e+00
8.85000000e+03,2.58613711e+01,4.15531508e-04,1.00000000e+00,9.34244222e+00
8.86000000e+03,2.58655065e+01,4.11925139e-04,1.00000000e+00,9.33373210e+00
8.87000000e+03,2.58696050e+01,4.08180599e-04,1.00000000e+00,9.33508028e+00
8.88000000e+03,2.58736636e+01,4.03914584e-04,1.00000000e+00,9.33986459e+00
8.89000000e+03,2.58776821e+01,4.00186687e-04,1.00000000e+00,9.33733332e+00
8.90000000e+03,2.58816621e+01,3.96198979e-04,1.00000000e+00,9.33407317e+00
8.91000000e+03,2.58856020e+01,3.92187980e-04,1.00000000e+00,9.33736257e+00
8.92000000e+03,2.58895019e+01,3.88222729e-04,1.00000000e+00,2.17398386e+01
8.93000000e+03,2.58933623e+01,3.84281060e-04,1.00000000e+00,9.33722274e+00
8.94000000e+03,2.58971834e+01,3.80415267e-04,1.00000000e+00,9.34888555e+00
8.95000000e+03,2.59009668e+01,3.76662988e-04,1.00000000e+00,9.33428676e+00
8.96000000e+03,2.59047135e+01,3.73085452e-04,1.00000000e+00,9.33995700e+00
8.97000000e+03,2.59084261e+01,3.69817407e-04,1.00000000e+00,1.02641569e+01
8.98000000e+03,2.59121078e+01,3.66882570e-04,1.00000000e+00,9.34476535e+00
8.99000000e+03,2.59157622e+01,3.64317929e-04,1.00000000e+00,9.34922343e+00
9.00000000e+03,2.59193932e+01,3.62161978e-04,1.00000000e+00,9.34919413e+00
9.01000000e+03,2.59230039e+01,3.60303538e-04,1.00000000e+00,9.34154786e+00
9.02000000e+03,2.59265987e+01,3.58864486e-04,1.00000000e+00,9.38970122e+00
9.03000000e+03,2.59301815e+01,3.57870845e-04,1.00000000e+00,9.39652826e+00
9.04000000e+03,2.59337567e+01,3.57292325e-04,1.00000000e+00,9.38752883e+00
9.05000000e+03,2.59373283e+01,3.57103792e-04,1.00000000e+00,9.39157286e+00
9.06000000e+03,2.59409000e+01,3.57294073e-04,1.00000000e+00,9.39620794e+00
9.07000000e+03,2.59444759e+01,3.57873128e-04,1.00000000e+00,9.38658482e+00
9.08000000e+03,2.59480594e+01,3.58777512e-04,1.00000000e+00,9.38978513e+00
9.09000000e+03,2.59516538e+01,3.60039441e-04,1.00000000e+00,9.39021292e+00
9.10000000e+03,2.59552630e+01,3.61723912e-04,1.00000000e+00,9.38969289e+00
9.11000000e+03,2.59588915e+01,3.63829361e-04,1.00000000e+00,9.39053966e+00
9.12000000e+03,2.59625410e+01,3.65855712e-04,1.00000000e+00,9.38341764e+00
9.13000000e+03,2.59662043e+01,3.66667296e-04,1.00000000e+00,9.38762963e+00
9.14000000e+03,2.59698746e+01,3.67064791e-04,1.00000000e+00,9.39493747e+00
9.15000000e+03,2.59735531e+01,3.68121224e-04,1.00000000e+00,9.39849208e+00
9.16000000e+03,2.59772380e+01,3.68823412e-04,1.00000000e+00,9.40528014e+00
9.17000000e+03,2.59809308e+01,3.69668559e-04,1.00000000e+00,9.39948597e+00
9.18000000e+03,2.59846327e+01,3.70643861e-04,1.00000000e+00,9.40556290e+00
9.19000000e+03,2.59883452e+01,3.71766992e-04,1.00000000e+00,9.41060686e+00
9.20000000e+03,2.59920700e+01,3.73108337e-04,1.00000000e+00,9.39835783e+00
9.21000000e+03,2.59958095e+01,3.74668575e-04,1.00000000e+00,9.38648988e+00
9.22000000e+03,2.59995661e+01,3.76525469e-04,1.00000000e+00,9.40563211e+00
9.23000000e+03,2.60033428e+01,3.78616155e-04,1.00000000e+00,9.39586394e+00
9.24000000e+03,2.60071412e+01,3.80866358e-04,1.00000000e+00,9.40180051e+00
9.25000000e+03,2.60109626e+01,3.83167906e-04,1.00000000e+00,9.40359022e+00
9.26000000e+03,2.60148059e+01,3.85334969e-04,1.00000000e+00,9.37728539e+00
9.27000000e+03,2.60186707e+01,3.87412074e-04,1.00000000e+00,9.38024727e+00
9.28000000e+03,2.60225563e+01,3.89501977e-04,1.00000000e+00,9.37565062e+00
9.29000000e+03,2.60264632e+01,3.91683383e-04,1.00000000e+00,9.38107834e+00
9.30000000e+03,2.60303880e+01,3.92974485e-04,1.00000000e+00,9.38261086e+00
9.31000000e+03,2.60343244e+01,3.94098224e-04,1.00000000e+00,9.38388713e+00
9.32000000e+03,2.60382733e+01,3.95537615e-04,1.00000000e+00,9.38558794e+00
9.33000000e+03,2.60422353e+01,3.96877788e-04,1.00000000e+00,9.37827216e+00
9.34000000e+03,2.60462117e+01,3.98350812e-04,1.00000000e+00,9.38992993e+00
9.35000000e+03,2.60502041e+01,3.99956091e-04,1.00000000e+00,9.37586935e+00
9.36000000e+03,2.60542126e+01,4.01606371e-04,1.00000000e+00,9.37809714e+00
9.37000000e+03,2.60582362e+01,4.03065814e-04,1.00000000e+00,9.38218364e+00
9.38000000e+03,2.60622756e+01,4.04514782e-04,1.00000000e+00,9.37584852e+00
9.39000000e+03,2.60663317e+01,4.06813179e-04,1.00000000e+00,9.38161197e+00
9.40000000e+03,2.60704191e+01,4.10426684e-04,1.00000000e+00,9.37974656e+00
9.41000000e+03,2.60745469e+01,4.14882417e-04,1.00000000e+00,9.38543078e+00
9.42000000e+03,2.60787227e+01,4.19899445e-04,1.00000000e+00,9.37971199e+00
9.43000000e+03,2.60829186e+01,4.18524844e-04,1.00000000e+00,9.38793576e+00
9.44000000e+03,2.60870928e+01,4.16516719e-04,1.00000000e+00,9.37524861e+00
9.44500000e+03,2.60891724e+01,4.15521699e-04,1.00000000e+00,9.38248493e+00
