step,t_start,n_retry,invalid_density,timestep_validity,other
3514,15.798364,1,0,1,0
3532,15.880622,1,0,1,0
3576,16.080748,1,0,1,0
3587,16.130291,1,0,1,0
3591,16.148097,1,0,1,0
3596,16.169865,1,0,1,0
3598,16.178527,1,0,1,0
3609,16.223330,1,1,0,0
3615,16.247802,2,0,2,0
3616,16.251725,1,0,1,0
3620,16.265543,2,0,2,0
3628,16.287546,1,0,1,0
3634,16.310238,1,0,1,0
3636,16.317678,1,1,0,0
3646,16.352602,1,0,1,0
3647,16.355983,1,1,0,0
3648,16.359455,1,0,1,0
3649,16.362773,1,0,1,0
3650,16.366026,1,0,1,0
3651,16.369212,1,0,1,0
3654,16.379459,1,0,1,0
3655,16.382894,2,0,2,0
3656,16.386288,1,0,1,0
3657,16.389545,1,0,1,0
3658,16.392489,1,0,1,0
3668,16.416848,1,0,1,0
3679,16.448855,1,0,1,0
3680,16.452127,1,0,1,0
3682,16.459101,1,0,1,0
3683,16.462460,1,0,1,0
3688,16.477678,1,0,1,0
3690,16.483566,1,0,1,0
3694,16.494105,1,0,1,0
3695,16.496705,1,0,1,0
3697,16.502233,1,1,0,0
3701,16.513654,1,0,1,0
3715,16.549802,1,0,1,0
3718,16.557106,1,1,0,0
3728,16.582775,1,0,1,0
3733,16.595795,1,1,0,0
3739,16.609566,1,0,1,0
3747,16.629508,1,0,1,0
3751,16.639722,1,0,1,0
3772,16.693078,1,0,1,0
3773,16.695587,1,0,1,0
3807,16.767748,1,1,0,0
3812,16.778261,1,0,1,0
3817,16.789024,1,0,1,0
3821,16.797795,2,0,2,0
3827,16.811196,1,0,1,0
3844,16.851445,1,0,1,0
3875,16.896029,1,1,0,0
3876,16.897323,1,0,1,0
3894,16.919987,1,1,0,0
3911,16.940028,2,1,1,0
3937,16.969891,1,0,1,0
3940,16.973290,1,0,1,0
3984,17.027253,1,0,1,0
4000,17.050664,1,0,1,0
4003,17.055422,1,0,1,0
4009,17.065395,1,0,1,0
4013,17.072390,1,0,1,0
4040,17.128440,1,1,0,0
4143,17.417858,1,0,1,0
4252,17.778396,1,0,1,0
4282,17.883604,1,0,1,0
4315,17.997734,1,0,1,0
4338,18.077838,1,0,1,0
4368,18.178628,1,1,0,0
4372,18.191740,1,0,1,0
4375,18.201190,2,1,1,0
4405,18.299220,1,0,1,0
4406,18.302560,1,0,1,0
4416,18.332080,1,0,1,0
4418,18.337384,1,0,1,0
4419,18.339971,1,0,1,0
4420,18.342543,1,0,1,0
4422,18.347447,1,0,1,0
4429,18.363121,1,0,1,0
4432,18.368886,1,0,1,0
4436,18.375369,1,0,1,0
4439,18.379737,1,0,1,0
4440,18.381118,1,0,1,0
4443,18.385121,1,0,1,0
4449,18.392552,1,0,1,0
4451,18.394972,2,0,2,0
4452,18.396161,1,0,1,0
4454,18.398594,1,0,1,0
4458,18.403758,1,0,1,0
4461,18.408282,1,0,1,0
4469,18.421959,1,0,1,0
4471,18.425475,1,0,1,0
4502,18.506558,1,1,0,0
4518,18.554726,1,0,1,0
4520,18.560975,1,1,0,0
4550,18.634171,1,0,1,0
4554,18.642188,1,1,0,0
4575,18.696441,1,0,1,0
4580,18.711464,1,0,1,0
4593,18.748258,1,0,1,0
4595,18.753243,2,1,1,0
4632,18.836871,2,1,1,0
4639,18.852661,2,0,2,0
4648,18.872855,1,1,0,0
4658,18.895081,2,0,2,0
4675,18.930608,1,0,1,0
4681,18.942078,1,0,1,0
4685,18.948684,2,0,2,0
4689,18.954306,1,0,1,0
4769,19.051416,1,0,1,0
4778,19.067272,1,0,1,0
4826,19.164428,1,0,1,0
4982,19.597716,1,0,1,0
5024,19.714027,1,0,1,0
5026,19.718345,1,0,1,0
5027,19.720415,1,1,0,0
5032,19.729832,1,0,1,0
5039,19.741519,1,0,1,0
5042,19.746210,1,0,1,0
5052,19.760737,1,0,1,0
5060,19.772351,1,0,1,0
5101,19.826966,1,0,1,0
5102,19.828314,1,0,1,0
5115,19.845631,1,0,1,0
5137,19.869946,1,0,1,0
5156,19.903747,1,0,1,0
5169,19.925926,1,0,1,0
5171,19.929283,1,0,1,0
5184,19.952764,1,0,1,0
5188,19.960326,1,0,1,0
5200,19.982777,1,0,1,0
5201,19.984734,1,0,1,0
5211,20.005776,1,0,1,0
5217,20.019205,2,0,2,0
5222,20.031053,1,0,1,0
5226,20.041001,1,1,0,0
5227,20.043550,1,1,0,0
5272,20.176255,1,0,1,0
5279,20.194725,1,0,1,0
5281,20.199236,1,0,1,0
5284,20.205596,1,0,1,0
5301,20.243370,2,0,2,0
5304,20.249392,1,1,0,0
5305,20.251273,1,0,1,0
5329,20.295214,1,0,1,0
5331,20.299022,1,1,0,0
5345,20.317202,1,1,0,0
5387,20.386422,1,0,1,0
5391,20.394265,1,0,1,0
5402,20.416264,2,0,2,0
5441,20.496949,1,1,0,0
5505,20.598359,1,0,1,0
5571,20.700015,1,0,1,0
5574,20.705496,1,0,1,0
5588,20.726624,1,0,1,0
5600,20.746838,1,0,1,0
5827,21.280650,1,0,1,0
5847,21.332719,1,0,1,0
5859,21.363961,1,0,1,0
5973,21.629141,1,0,1,0
6022,21.765561,1,1,0,0
6034,21.797047,1,0,1,0
6038,21.807807,1,0,1,0
6044,21.824006,2,0,2,0
6060,21.867104,1,0,1,0
6078,21.916693,1,0,1,0
6098,21.971673,1,0,1,0
6104,21.987428,1,1,0,0
6111,22.004010,1,1,0,0
6119,22.020434,1,0,1,0
6131,22.042833,1,0,1,0
6138,22.053527,1,0,1,0
6139,22.054874,2,0,2,0
6145,22.062646,1,0,1,0
6152,22.070985,1,0,1,0
6154,22.073268,1,0,1,0
6161,22.081112,2,0,2,0
6170,22.090647,2,0,2,0
6178,22.101865,1,0,1,0
6183,22.109243,1,0,1,0
6198,22.128145,1,0,1,0
6212,22.140716,1,0,1,0
6242,22.175110,1,0,1,0
6252,22.186716,1,0,1,0
6256,22.191502,1,0,1,0
6259,22.195104,1,0,1,0
6262,22.198723,1,0,1,0
6273,22.211495,1,0,1,0
6380,22.343506,1,0,1,0
6383,22.348578,1,0,1,0
6386,22.353741,1,0,1,0
6398,22.369039,1,0,1,0
6410,22.389844,1,0,1,0
6421,22.412079,1,0,1,0
6574,22.766959,1,1,0,0
6607,22.847607,1,0,1,0
6691,23.103197,1,1,0,0
6796,23.434867,1,0,1,0
6822,23.507241,1,0,1,0
6893,23.696157,2,0,2,0
6948,23.838172,1,1,0,0
6957,23.861480,1,0,1,0
7022,24.026390,1,0,1,0
7227,24.512156,1,0,1,0
7548,25.129735,1,0,1,0
7555,25.140975,1,0,1,0
7727,25.433920,1,1,0,0
7755,25.477068,1,0,1,0
7824,25.573464,1,1,0,0
7888,25.656071,1,1,0,0
7899,25.670166,1,1,0,0
7913,25.688155,1,0,1,0
7920,25.697154,1,0,1,0
7976,25.768533,1,0,1,0
8021,25.822491,1,0,1,0
8035,25.837897,1,0,1,0
8044,25.847452,2,0,2,0
8048,25.851619,1,0,1,0
8248,26.002884,1,1,0,0
8942,26.389388,1,0,1,0
9030,26.496315,1,0,1,0
9244,26.769381,1,0,1,0
9248,26.774345,1,0,1,0
9340,26.884275,1,0,1,0
9496,27.061525,1,1,0,0
9586,27.167824,1,1,0,0
9618,27.208234,1,0,1,0
9623,27.214680,1,1,0,0
9640,27.237097,1,0,1,0
9643,27.241127,1,0,1,0
9734,27.376690,1,1,0,0
9790,27.477269,1,0,1,0
9809,27.515460,2,0,2,0
9811,27.519621,1,0,1,0
9819,27.536461,1,0,1,0
9874,27.649570,1,1,0,0
10174,28.268668,1,0,1,0
10339,28.648549,2,0,2,0
10370,28.721972,1,1,0,0
10416,28.832152,1,0,1,0
10417,28.834525,1,0,1,0
10431,28.867712,1,0,1,0
10474,28.963394,1,0,1,0
10484,28.984559,1,0,1,0
10534,29.076604,1,0,1,0
10557,29.111071,1,0,1,0
10606,29.185147,1,0,1,0
10619,29.203155,1,1,0,0
10633,29.221507,1,1,0,0
10731,29.330120,1,1,0,0
10749,29.350193,1,1,0,0
10984,29.572322,1,1,0,0
10985,29.573162,1,1,0,0
11777,30.551313,1,0,1,0
11789,30.566517,1,1,0,0
11901,30.696953,1,1,0,0
12161,30.967132,1,0,1,0
12624,31.245505,1,0,1,0
12923,31.353323,1,1,0,0
12930,31.355516,1,1,0,0
12936,31.357401,1,1,0,0
12943,31.359609,1,1,0,0
12950,31.361817,1,1,0,0
12957,31.364026,1,1,0,0
12965,31.366552,1,1,0,0
12973,31.369079,1,1,0,0
12982,31.371926,1,1,0,0
13000,31.377630,1,1,0,0
13229,31.450121,2,2,0,0
13241,31.453870,2,2,0,0
13242,31.454181,1,1,0,0
14310,31.963352,1,0,1,0
14358,31.993845,1,1,0,0
14360,31.994882,1,1,0,0
14368,31.999093,1,1,0,0
14447,32.038119,1,1,0,0
14773,32.205053,1,1,0,0
14778,32.207160,1,1,0,0
14859,32.241695,1,1,0,0
14864,32.243858,1,1,0,0
14882,32.251686,1,1,0,0
14892,32.256062,1,1,0,0
14903,32.260881,1,1,0,0
14923,32.269665,1,0,1,0
14935,32.274958,1,1,0,0
15185,32.394556,1,0,1,0
15195,32.400156,1,1,0,0
15221,32.415237,1,1,0,0
15225,32.417621,1,1,0,0
15420,32.569500,1,1,0,0
15446,32.600033,1,0,1,0
15573,32.791394,1,1,0,0
15574,32.792823,1,1,0,0
16905,34.298526,1,1,0,0
16914,34.306451,1,0,1,0
17100,34.484849,1,0,1,0
17111,34.496826,1,0,1,0
17114,34.500158,2,0,2,0
17130,34.516717,1,1,0,0
17173,34.560712,2,1,1,0
17180,34.567382,1,0,1,0
17182,34.569274,1,0,1,0
17199,34.584762,1,0,1,0
17222,34.605893,1,0,1,0
17223,34.606794,1,1,0,0
17977,35.370771,1,1,0,0
17982,35.382076,1,0,1,0
18072,35.562681,1,0,1,0
18123,35.645044,1,1,0,0
18167,35.703731,1,0,1,0
18313,35.893199,1,1,0,0
18353,35.942783,1,0,1,0
18492,36.104748,1,1,0,0
18557,36.167005,1,0,1,0
18564,36.173231,1,0,1,0
18579,36.186303,1,1,0,0
18597,36.201502,1,0,1,0
18600,36.203982,1,1,0,0
18629,36.227273,1,1,0,0
18638,36.234256,1,0,1,0
18663,36.253083,1,1,0,0
18664,36.253818,1,1,0,0
18705,36.282893,1,0,1,0
18744,36.308671,1,1,0,0
18819,36.353701,1,0,1,0
18846,36.368703,1,0,1,0
18876,36.384911,1,1,0,0
18878,36.385979,1,1,0,0
19166,36.548587,1,0,1,0
19171,36.552570,1,0,1,0
19234,36.618621,1,0,1,0
19736,37.186473,1,1,0,0
19754,37.227216,1,0,1,0
19828,37.406760,1,0,1,0
19865,37.478199,1,0,1,0
19891,37.525622,1,0,1,0
19913,37.565185,1,0,1,0
19962,37.652199,1,0,1,0
19964,37.655605,1,0,1,0
19994,37.705618,1,1,0,0
20007,37.726826,1,0,1,0
20016,37.741372,1,0,1,0
20018,37.744589,2,0,2,0
20019,37.746194,1,0,1,0
20022,37.750993,1,1,0,0
20023,37.752591,1,0,1,0
20024,37.754186,1,0,1,0
20065,37.818630,2,1,1,0
20085,37.849665,1,0,1,0
20092,37.860493,1,0,1,0
20102,37.875988,1,0,1,0
20106,37.882216,1,0,1,0
20111,37.890015,1,0,1,0
20113,37.893132,1,0,1,0
20137,37.930293,1,0,1,0
20143,37.939480,1,1,0,0
20148,37.947085,1,0,1,0
20162,37.968080,1,0,1,0
20175,37.987140,1,0,1,0
20257,38.101638,1,0,1,0
20274,38.124689,2,1,1,0
20281,38.134130,1,1,0,0
20285,38.139502,1,0,1,0
20290,38.146190,1,0,1,0
20300,38.159188,2,0,2,0
20337,38.206099,1,0,1,0
20340,38.209755,1,0,1,0
20367,38.242167,1,0,1,0
20399,38.279466,1,0,1,0
20694,38.644198,1,0,1,0
20777,38.897324,1,0,1,0
20793,38.944035,1,0,1,0
20794,38.946636,1,0,1,0
20889,39.109297,1,0,1,0
20906,39.140623,1,0,1,0
20924,39.177128,1,0,1,0
20956,39.234958,1,0,1,0
20991,39.290236,1,0,1,0
21152,39.485862,1,0,1,0
21217,39.543773,1,1,0,0
21225,39.550677,1,1,0,0
21232,39.556716,1,1,0,0
21342,39.644398,1,0,1,0
21373,39.666921,1,1,0,0
21427,39.707869,1,0,1,0
21507,39.767359,1,1,0,0
21512,39.771060,1,1,0,0
21549,39.799500,1,0,1,0
21591,39.840256,1,1,0,0
21746,40.055667,1,1,0,0
22174,40.602657,1,1,0,0
22304,40.868641,1,0,1,0
22306,40.873916,1,0,1,0
22308,40.878970,1,0,1,0
22309,40.881560,1,0,1,0
22403,41.128941,1,0,1,0
22407,41.140461,1,0,1,0
22424,41.188722,1,0,1,0
22442,41.238664,1,0,1,0
22463,41.296599,1,0,1,0
22539,41.514981,1,1,0,0
22591,41.685687,1,0,1,0
22722,42.204357,1,0,1,0
22737,42.277010,1,0,1,0
22738,42.281794,1,0,1,0
22827,42.700243,3,0,3,0
22838,42.745495,2,0,2,0
22859,42.823918,1,0,1,0
22862,42.834105,1,0,1,0
22882,42.904915,1,0,1,0
22887,42.922125,1,0,1,0
22926,43.062839,1,1,0,0
22927,43.067001,1,0,1,0
22948,43.149320,1,0,1,0
22957,43.184747,1,0,1,0
22965,43.211095,2,0,2,0
22996,43.317427,1,1,0,0
23035,43.440893,1,0,1,0
23083,43.603031,1,1,0,0
